dosya,rol,inceleme_seviyesi,satir,sha256,ilgili_bulgular,dogrudan_test_importlari,yontemler,risk_sinyalleri,degerlendirme
.gitattributes,Yapılandırma / dağıtım / proje meta dosyası,Dosya içeriği statik tarandı,10,27c131966e42ed0f4f3af6e44d48164b2edad897f6f4736f8eb6dc9742cd858d,,,,,Ana rapor ve mevcut runtime/package sözleşmesiyle birlikte değerlendirilir.
.github/workflows/verify-integrity.yml,Yapılandırma / dağıtım / proje meta dosyası,Dosya içeriği statik tarandı,25,f3a7bcef2fc3da8afba7344fa34886ba061dc20a20b0769add94007f33dcf960,F29,,,,Ana rapor ve mevcut runtime/package sözleşmesiyle birlikte değerlendirilir.
.gitignore,Yapılandırma / dağıtım / proje meta dosyası,Dosya içeriği statik tarandı,48,43591a9558065d8beed55efd937c3cc30612cbbc3f19608df1b865c326f7d348,,,,"TODO:30,33,36",Ana rapor ve mevcut runtime/package sözleşmesiyle birlikte değerlendirilir.
00-overview/DECISION_REGISTER.md,Özgün master-plan/kabul kaynağı,Orijinal ZIP ile normalize içerik karşılaştırması,37,c413c153c9551a16d3fc7729d516dce51bad36306545a0fd4c699504d124ee81,,,,Domain SQL:18,Özgün içerikle aynı.
00-overview/GLOSSARY.md,Özgün master-plan/kabul kaynağı,Orijinal ZIP ile normalize içerik karşılaştırması,15,c2559c986e6074ca032fc7f14224a52debcbc4e5f100132542b46a4526863604,,,,,Özgün içerikle aynı.
00-overview/HOW_TO_USE_WITH_AI.md,Özgün master-plan/kabul kaynağı,Orijinal ZIP ile normalize içerik karşılaştırması,12,b62cad7acef8991d50c2e8cb72d3e891ec5281f6fa0f409dd1021c57b68ca30b,,,,TODO:11; Domain SQL:4,Özgün içerikle aynı.
00-overview/MASTER_ROADMAP.md,Özgün master-plan/kabul kaynağı,Orijinal ZIP ile normalize içerik karşılaştırması,44,1d701572990cc42fa8caddb46c609bd7825747bada9e8048fb4338e85635e5a3,,,,,Özgün içerikle aynı.
01-scope/OUT_OF_SCOPE.md,Özgün master-plan/kabul kaynağı,Orijinal ZIP ile normalize içerik karşılaştırması,10,68a402803be61fc972532f7b7210b913eb1ee65ba75a9b8f12cf5b499c6e3308,,,,TODO:9,Özgün içerikle aynı.
01-scope/V1_1_SCOPE.md,Özgün master-plan/kabul kaynağı,Orijinal ZIP ile normalize içerik karşılaştırması,18,74c6343bf385349b6d421e52f415898da453e22b7e1732f07463a56f9b78eb55,,,,,Özgün içerikle aynı.
01-scope/V1_SCOPE_CONTRACT.md,Özgün master-plan/kabul kaynağı,Orijinal ZIP ile normalize içerik karşılaştırması,26,477e6b979aaefa67e6de9bfa79247ad3aedc6e55152597ce7c6de5ec86bdd85b,,,,,Özgün içerikle aynı.
01-scope/V2_PLUS_SCOPE.md,Özgün master-plan/kabul kaynağı,Orijinal ZIP ile normalize içerik karşılaştırması,15,e696649e42f3ed600582b90da0c7db6e203aa27c569bfd563e8df68eda8d0c7a,,,,,Özgün içerikle aynı.
02-architecture/CROSS_CUTTING_RULES.md,Özgün master-plan/kabul kaynağı,Orijinal ZIP ile normalize içerik karşılaştırması,16,8206256cfa81f9482ede9f255bdadf7015ebce9a09f6660ee38f3af5884a59a0,,,,,Özgün içerikle aynı.
02-architecture/DEPENDENCY_MAP.md,Özgün master-plan/kabul kaynağı,Orijinal ZIP ile normalize içerik karşılaştırması,15,bee64578c94c7e82923672cada8ffc7e988867aeebf95e96405660964fccb6cb,,,,,Özgün içerikle aynı.
02-architecture/DOMAIN_BOUNDARIES.md,Özgün master-plan/kabul kaynağı,Orijinal ZIP ile normalize içerik karşılaştırması,15,0fd6bb0215faca787215bc84fac281509f05285ea6dfa8d0ab82da346e7970ec,,,,Domain SQL:8,Özgün içerikle aynı.
02-architecture/LOCALIZATION.md,Özgün master-plan/kabul kaynağı,Orijinal ZIP ile normalize içerik karşılaştırması,12,f397afe3be7073031c4ce96c5628fd8218e85131c78069f27543536f95f98aae,,,,,Özgün içerikle aynı.
02-architecture/SYSTEM_ARCHITECTURE.md,Özgün master-plan/kabul kaynağı,Orijinal ZIP ile normalize içerik karşılaştırması,24,25c9ec869cf49738ba2d56cc43c1f1b0c2132d667e8c80b4ebee9bc4d61cfee5,,,,,Özgün içerikle aynı.
03-constitution/ARCHITECTURE_CONSTITUTION.md,Özgün master-plan/kabul kaynağı,Orijinal ZIP ile normalize içerik karşılaştırması,13,d363ab809e0e86fab6bff508cc9178760605c6e4e6b3f42ce6b86efeab7dcd4b,,,,,Özgün içerikle aynı.
03-constitution/DATA_CONSTITUTION.md,Özgün master-plan/kabul kaynağı,Orijinal ZIP ile normalize içerik karşılaştırması,12,0af6333748932801079971c397f0eea2a4ce85058d7cde16d337dc374f609b53,,,,,Özgün içerikle aynı.
03-constitution/EXTENSION_CONSTITUTION.md,Özgün master-plan/kabul kaynağı,Orijinal ZIP ile normalize içerik karşılaştırması,12,7a46b21b357d3a4a4c8886457cf4b463e507dd8fb32a4304b0999a6ddfe9bbfe,,,,,Özgün içerikle aynı.
03-constitution/PRODUCT_CONSTITUTION.md,Özgün master-plan/kabul kaynağı,Orijinal ZIP ile normalize içerik karşılaştırması,9,c4993d0a997eb98d5f51923405096c90895a871e4872d790eff727b3a9d73a69,,,,,Özgün içerikle aynı.
03-constitution/RELEASE_CONSTITUTION.md,Özgün master-plan/kabul kaynağı,Orijinal ZIP ile normalize içerik karşılaştırması,9,c5359da19c8a2192cb932f45937641a9f0d3becf51fd28a10e9555e391334254,,,,"Domain SQL:4,5",Özgün içerikle aynı.
03-constitution/SECURITY_CONSTITUTION.md,Özgün master-plan/kabul kaynağı,Orijinal ZIP ile normalize içerik karşılaştırması,14,f5330933008f29b409c87a5726b1e36f8b687eee517dddb60996f8b3f32cebc6,,,,,Özgün içerikle aynı.
03-constitution/UI_CONSTITUTION.md,Özgün master-plan/kabul kaynağı,Orijinal ZIP ile normalize içerik karşılaştırması,11,ff192312b9e4180f382c3a4e1d54badeff2130e44933f3610b57f91f6137f756,,,,,Özgün içerikle aynı.
04-ai-governance/AI_CONSTITUTION.md,Özgün master-plan/kabul kaynağı,Orijinal ZIP ile normalize içerik karşılaştırması,52,25280add99fdaf5263ae5c9ba7226ee61677bfdaf547016b850b8fd7805ed797,,,,"Simulation:19; TODO:21,52; Domain SQL:49",Özgün içerikle aynı.
04-ai-governance/AI_ROLES.md,Özgün master-plan/kabul kaynağı,Orijinal ZIP ile normalize içerik karşılaştırması,13,9cb42c11dcb663d15e6fe68a768be252c038bff00d54ec87d5fabebedfef639c,,,,,Özgün içerikle aynı.
04-ai-governance/AI_START_PROMPT.md,Özgün master-plan/kabul kaynağı,Orijinal ZIP ile normalize içerik karşılaştırması,15,be53da873ec0e66c07a530ce508d491df16383f5f971a76faddf3e256e7606f5,,,,TODO:13,Özgün içerikle aynı.
04-ai-governance/AI_WORKFLOW_PROTOCOL.md,Özgün master-plan/kabul kaynağı,Orijinal ZIP ile normalize içerik karşılaştırması,26,4a477de00b77574998b442e76e5d6b7a67908a39d6b810e1c9518fa70d363cd3,,,,TODO:20,Özgün içerikle aynı.
04-ai-governance/CHANGE_CONTROL.md,Özgün master-plan/kabul kaynağı,Orijinal ZIP ile normalize içerik karşılaştırması,6,646031fc6ed08b2b080fec7545af8016a89cfb1240b551da7359e07dbf4bf171,,,,TODO:6,Özgün içerikle aynı.
04-ai-governance/FORBIDDEN_ACTIONS.md,Özgün master-plan/kabul kaynağı,Orijinal ZIP ile normalize içerik karşılaştırması,13,7495f1687cac819dcaf44d065785eb6c3ab6a8c1a92eb92923d1bc4b255fbb09,,,,TODO:8; Domain SQL:13,Özgün içerikle aynı.
05-testing/GOLDEN_SCENARIOS.md,Özgün master-plan/kabul kaynağı,Orijinal ZIP ile normalize içerik karşılaştırması,12,b5c130f48da6453ae76459a6693e547b605c00db2180aa3f88b1d9aeb8d6688f,,,,,Özgün içerikle aynı.
05-testing/MUTATION_AND_PROPERTY_TESTING.md,Özgün master-plan/kabul kaynağı,Orijinal ZIP ile normalize içerik karşılaştırması,12,64ce4a168f04d92395042ab83ec4ceb423c33a8d60b79828c090ba4ccc5b1e04,,,,,Özgün içerikle aynı.
05-testing/PERFORMANCE_BUDGETS.md,Özgün master-plan/kabul kaynağı,Orijinal ZIP ile normalize içerik karşılaştırması,14,db4b76f03cfddffc854251898e086e1409936085a296743517360227f23c6d39,,,,,Özgün içerikle aynı.
05-testing/SECURITY_TEST_POLICY.md,Özgün master-plan/kabul kaynağı,Orijinal ZIP ile normalize içerik karşılaştırması,5,de51e982ab5b8bf73bb1f3c49d8663ff6e27be1693e22782f80ac7106be8eacd,,,,,Özgün içerikle aynı.
05-testing/TEST_MATRIX.md,Özgün master-plan/kabul kaynağı,Orijinal ZIP ile normalize içerik karşılaştırması,16,efec0e3a3efa57549f64d5cbff254cb9a0eafb12593e10bcdb5c06f995d917d6,,,,TODO:14,Özgün içerikle aynı.
05-testing/TEST_STRATEGY.md,Özgün master-plan/kabul kaynağı,Orijinal ZIP ile normalize içerik karşılaştırması,16,2c4c4e6eb231d0d5d0014812e8834991d34f4f64dedc0fc28e6a3f12c9126e5e,,,,Simulation:10,Özgün içerikle aynı.
06-phases/RELEASE_FAMILY_RULES.md,Özgün master-plan/kabul kaynağı,Orijinal ZIP ile normalize içerik karşılaştırması,11,471e92737780fd3906ada026413ab6ae68a8d003956df3c48bd69650fba66cf6,,,,,Özgün içerikle aynı.
06-phases/V1_EXECUTION_MATRIX.md,Özgün master-plan/kabul kaynağı,Orijinal ZIP ile normalize içerik karşılaştırması,25,3b29ea5793c0c4224e31bdef023082626c92b1a6f3ed1b0738e14644f1d47e1d,,,,Domain SQL:24,Özgün içerikle aynı.
06-phases/v1.1/P110-multi-brand-theme-activation.md,Özgün master-plan/kabul kaynağı,Orijinal ZIP ile normalize içerik karşılaştırması,61,63a9310f4e6a389b99aac6f1d3e20ae51aeb4dc709fd527ee0549965c8557c4d,,,,"TODO:23; Domain SQL:19,22,25,28,31",Özgün içerikle aynı.
06-phases/v1.1/P111-provider-expansion.md,Özgün master-plan/kabul kaynağı,Orijinal ZIP ile normalize içerik karşılaştırması,61,3a6493bbec17e0b3144bb994f790dcdd6ff1d8521938209db033dc77803c842f,,,,"Domain SQL:19,22,25,28,31",Özgün içerikle aynı.
06-phases/v1.1/P112-communication-expansion.md,Özgün master-plan/kabul kaynağı,Orijinal ZIP ile normalize içerik karşılaştırması,61,9bad29c84745dad63804a32b100a8d733f6392b35b67b057e5f0a20dc4a50f53,,,,"Domain SQL:19,22,25,28,31",Özgün içerikle aynı.
06-phases/v1.1/P113-advanced-support-incident-status.md,Özgün master-plan/kabul kaynağı,Orijinal ZIP ile normalize içerik karşılaştırması,64,43243855392a307709f6f657fe1ded3687374f74848d6b24f9079191d4463731,,,,"Domain SQL:19,22,25,28,31,34",Özgün içerikle aynı.
06-phases/v1.1/P114-finance-reconciliation-expansion.md,Özgün master-plan/kabul kaynağı,Orijinal ZIP ile normalize içerik karşılaştırması,61,edd54cda5e6eca5bc5fdff01c734f3d4bf15df24e8b53abe5570305892b573ca,,,,"Domain SQL:19,22,25,28,31",Özgün içerikle aynı.
06-phases/v1.1/P115-analytics-reporting-expansion.md,Özgün master-plan/kabul kaynağı,Orijinal ZIP ile normalize içerik karşılaştırması,61,c707a0854d99f5b28cf2cfbcbfc81e39ece331f3280580793b1f97ffaea2e97b,,,,"Domain SQL:19,22,25,28,31",Özgün içerikle aynı.
06-phases/v1.1/P116-privacy-risk-expansion.md,Özgün master-plan/kabul kaynağı,Orijinal ZIP ile normalize içerik karşılaştırması,61,c84c7522181f782a78bccd5ce889d970f32eb20e78abdefe77b9564d4d7ce974,,,,"Domain SQL:19,22,25,28,31",Özgün içerikle aynı.
06-phases/v1.1/P117-migration-expansion.md,Özgün master-plan/kabul kaynağı,Orijinal ZIP ile normalize içerik karşılaştırması,61,dfb4f69c22bb76329c80475513617bfec0cfc3f76a5ea5f13055b5054b89b7fd,,,,"Domain SQL:19,22,25,28,31",Özgün içerikle aynı.
06-phases/v1.1/P118-enhanced-operations-performance.md,Özgün master-plan/kabul kaynağı,Orijinal ZIP ile normalize içerik karşılaştırması,67,d0ccb0c92e47c17346e5fcee37188111ef537372f0579e81ef8aba991811459b,,,,"Domain SQL:19,22,25,28,31,34,37",Özgün içerikle aynı.
06-phases/v1/P00-project-control-bootstrap.md,Özgün master-plan/kabul kaynağı,Orijinal ZIP ile normalize içerik karşılaştırması,61,0d6e7fd3dfe9312804c2ff286e999eea0a20540ad3daf18155e914061df0711d,,,,"Domain SQL:19,22,25,28,31",Özgün içerikten farklı; original-plan-diff.txt içinde ayrı fark mevcut.
06-phases/v1/P01-core-foundation.md,Özgün master-plan/kabul kaynağı,Orijinal ZIP ile normalize içerik karşılaştırması,67,de8234756d42c7dab54bbd219deb30674d3be2e639bfb5731698786da554d529,,,,"Domain SQL:19,22,25,28,31,34,37",Özgün içerikten farklı; original-plan-diff.txt içinde ayrı fark mevcut.
06-phases/v1/P02-platform-primitives.md,Özgün master-plan/kabul kaynağı,Orijinal ZIP ile normalize içerik karşılaştırması,70,9eca2623e847576bc1d34cc6ad25a180e2b0d0b1e426b40e2e0fd9ffa5eae035,,,,"Domain SQL:19,22,25,28,31,34,37,40",Özgün içerikten farklı; original-plan-diff.txt içinde ayrı fark mevcut.
06-phases/v1/P03-identity-platform-security.md,Özgün master-plan/kabul kaynağı,Orijinal ZIP ile normalize içerik karşılaştırması,76,5f8fa7ad41f31114e5a15d1c4920111f2a7b6a0616bfddeadd159ebef5d4b742,,,,"Domain SQL:19,22,25,28,31,34,37,40,43,46",Özgün içerikten farklı; original-plan-diff.txt içinde ayrı fark mevcut.
06-phases/v1/P04-ui-api-foundation.md,Özgün master-plan/kabul kaynağı,Orijinal ZIP ile normalize içerik karşılaştırması,70,46d477df30ffa98c2e5ee159ca3f9454257b5faacdc3f39678e346fa647068b1,,,,"Domain SQL:19,22,25,28,31,34,37,40",Özgün içerikten farklı; original-plan-diff.txt içinde ayrı fark mevcut.
06-phases/v1/P05-catalog-currency-pricing-tax.md,Özgün master-plan/kabul kaynağı,Orijinal ZIP ile normalize içerik karşılaştırması,70,c8e4b91f8b0646fd78367f60e78877cae289ce680f736d7301c5df829a6f7d9a,,,,"Domain SQL:19,22,25,28,31,34,37,40",Özgün içerikten farklı; original-plan-diff.txt içinde ayrı fark mevcut.
06-phases/v1/P06-manual-commerce-vertical.md,Özgün master-plan/kabul kaynağı,Orijinal ZIP ile normalize içerik karşılaştırması,70,8965eaa96a29423e815db210149c127299585b03ed392d1e6d885b6a5b057d3e,,,,"Domain SQL:19,22,25,28,31,34,37,40",Özgün içerikten farklı; original-plan-diff.txt içinde ayrı fark mevcut.
06-phases/v1/P07-finance-document-platform.md,Özgün master-plan/kabul kaynağı,Orijinal ZIP ile normalize içerik karşılaştırması,70,a4774763ed1f0cb24dae28ec2bfc3524ec0d0617d68b58c26c12f244b010c2c2,,,,"TODO:26; Domain SQL:19,22,25,28,31,34,37,40",Özgün içerikten farklı; original-plan-diff.txt içinde ayrı fark mevcut.
06-phases/v1/P08-integration-foundation.md,Özgün master-plan/kabul kaynağı,Orijinal ZIP ile normalize içerik karşılaştırması,70,0d68d6d1472b3b7faa585ce6a100b6c526dbbd2395203a6c236fd4cae160cc1f,,,,"TODO:17; Domain SQL:19,22,25,28,31,34,37,40",Özgün içerikten farklı; original-plan-diff.txt içinde ayrı fark mevcut.
06-phases/v1/P09-service-provider-core.md,Özgün master-plan/kabul kaynağı,Orijinal ZIP ile normalize içerik karşılaştırması,70,e0c23ba0df7f66c161bc2c91928accb2bbd4d233d4e1b89284276a77689e5910,,,,"Domain SQL:19,22,25,28,31,34,37,40",Özgün içerikten farklı; original-plan-diff.txt içinde ayrı fark mevcut.
06-phases/v1/P10-automated-hosting-cpanel.md,Özgün master-plan/kabul kaynağı,Orijinal ZIP ile normalize içerik karşılaştırması,67,41e1625cbdfc5045c99f325d4a7082c8c1e6412980d74b4cdb2c6073f567f9a5,,,,"Domain SQL:19,22,25,28,31,34,37",Özgün içerikten farklı; original-plan-diff.txt içinde ayrı fark mevcut.
06-phases/v1/P11-renewal-automation-hardening.md,Özgün master-plan/kabul kaynağı,Orijinal ZIP ile normalize içerik karşılaştırması,67,4304776c9d71f1687f804a04207a5e28d5d0e1c73a8b1a444ef4103eee43d2de,,,,"Domain SQL:19,22,25,28,31,34,37",Özgün içerikten farklı; original-plan-diff.txt içinde ayrı fark mevcut.
06-phases/v1/P12-domains-registrar.md,Özgün master-plan/kabul kaynağı,Orijinal ZIP ile normalize içerik karşılaştırması,70,eec16ad783b7d39e155c0e74447039fa721eda66467c7ffb2fbc8fa36f8fa666,,,,"Domain SQL:19,22,25,28,31,34,37,40",Özgün içerikten farklı; original-plan-diff.txt içinde ayrı fark mevcut.
06-phases/v1/P13-support-announcements.md,Özgün master-plan/kabul kaynağı,Orijinal ZIP ile normalize içerik karşılaştırması,73,b5bb7c48cbb1c62dc706131c99f8f68db35ad5cdc7377665070eccd94bdea004,,,,"Domain SQL:19,22,25,28,31,34,37,40,43",Özgün içerikten farklı; original-plan-diff.txt içinde ayrı fark mevcut.
06-phases/v1/P14-fraud-abuse-privacy-enforcement.md,Özgün master-plan/kabul kaynağı,Orijinal ZIP ile normalize içerik karşılaştırması,73,6a7416b1ef37788ad0024370c022fe0f8019268f8159ba4c971121f0f2a1af27,,,,"Domain SQL:19,22,25,28,31,34,37,40,43",Özgün içerikten farklı; original-plan-diff.txt içinde ayrı fark mevcut.
06-phases/v1/P15-analytics-business-intelligence-baseline.md,Özgün master-plan/kabul kaynağı,Orijinal ZIP ile normalize içerik karşılaştırması,70,9e80331cd1cd70c08aac79e50ee4cf7dcec858710c2b38b32f666e6f48ca1139,,,,"Domain SQL:19,22,25,28,31,34,37,40",Özgün içerikten farklı; original-plan-diff.txt içinde ayrı fark mevcut.
06-phases/v1/P16-import-whmcs-migration.md,Özgün master-plan/kabul kaynağı,Orijinal ZIP ile normalize içerik karşılaştırması,76,2745a3422890bcf73a510c5e0448c1ea5d624b30cdbc3ebe8966553143c455da,,,,"Domain SQL:19,22,25,28,31,34,37,40,43,46",Özgün içerikten farklı; original-plan-diff.txt içinde ayrı fark mevcut.
06-phases/v1/P17-installer-update-backup-recovery-health-hardening.md,Özgün master-plan/kabul kaynağı,Orijinal ZIP ile normalize içerik karşılaştırması,73,a4688f9859aecd3a9fb9dbdf0ec0e2d8a9e1e62c5def42cac7eeef4d58539a67,,,,"Domain SQL:19,22,23,25,26,28,31,34,37,40,43",Özgün içerikten farklı; original-plan-diff.txt içinde ayrı fark mevcut.
06-phases/v1/P18-v1-release-candidate-stable-gate.md,Özgün master-plan/kabul kaynağı,Orijinal ZIP ile normalize içerik karşılaştırması,76,f57585e6230f817132d28cbeac8878899246076dcbaaee724f6f636c851c0c8b,F33,,,"Domain SQL:19,22,25,28,31,34,37,40,43,46",Özgün içerikle aynı.
06-phases/v2+/P200-reseller-platform.md,Özgün master-plan/kabul kaynağı,Orijinal ZIP ile normalize içerik karşılaştırması,61,e90329f57436fbd46e7dcfd92498031205248c401db5936676ce6bf32afd65c3,,,,"Domain SQL:19,22,25,28,31",Özgün içerikle aynı.
06-phases/v2+/P201-affiliate-acquisition.md,Özgün master-plan/kabul kaynağı,Orijinal ZIP ile normalize içerik karşılaştırması,61,918f276b88580610635c24e4173638510ac2f0a96698b832d8de0ae98870846f,,,,"Domain SQL:19,22,25,28,31",Özgün içerikle aynı.
06-phases/v2+/P202-live-chat-omnichannel.md,Özgün master-plan/kabul kaynağı,Orijinal ZIP ile normalize içerik karşılaştırması,61,9ced8aad016a6344f94edc71d0f5481e62b23e39f33df3bce5992aa7ba837076,,,,"Domain SQL:19,22,25,28,31",Özgün içerikle aynı.
06-phases/v2+/P203-marketplace-ecosystem.md,Özgün master-plan/kabul kaynağı,Orijinal ZIP ile normalize içerik karşılaştırması,61,b5d329ec3fd1d74327a63e737597f73c15c065482fb5127b5dcff3c8524c7a92,,,,"Domain SQL:19,22,25,28,31",Özgün içerikle aynı.
06-phases/v2+/P204-ai-assistants.md,Özgün master-plan/kabul kaynağı,Orijinal ZIP ile normalize içerik karşılaştırması,61,755ba477f8565b994b560fd6e2769a96c54cafaa58978775d8596f4184260466,,,,"Domain SQL:19,22,25,28,31",Özgün içerikle aynı.
06-phases/v2+/P205-cms-public-frontend.md,Özgün master-plan/kabul kaynağı,Orijinal ZIP ile normalize içerik karşılaştırması,61,7b787c23d8d2e9ecd89bf92a85c5717fdae27bc980991f36f95daede3db42d8c,,,,"Domain SQL:19,22,25,28,31",Özgün içerikle aynı.
06-phases/v2+/P206-advanced-documents-e-sign.md,Özgün master-plan/kabul kaynağı,Orijinal ZIP ile normalize içerik karşılaştırması,61,b498092a9890262cdce093e620d1c7d58e8d0233e764f8ab134929b6c0d23886,,,,"Domain SQL:19,22,25,28,31",Özgün içerikle aynı.
06-phases/v2+/P207-advanced-finance-open-banking.md,Özgün master-plan/kabul kaynağı,Orijinal ZIP ile normalize içerik karşılaştırması,61,fc6a17a4a078fc8625c2f1485e33eb93107e8e84c56d9a253fdca0c9a55d280a,,,,"Domain SQL:19,22,25,28,31",Özgün içerikle aynı.
06-phases/v2+/P208-mobile-realtime-experience.md,Özgün master-plan/kabul kaynağı,Orijinal ZIP ile normalize içerik karşılaştırması,61,74508bf6585aa14f159edbd86d91eec6f17b787c27677d911296012a573abfe6,,,,"Domain SQL:19,22,25,28,31",Özgün içerikle aynı.
06-phases/v2+/P209-data-platform-scale.md,Özgün master-plan/kabul kaynağı,Orijinal ZIP ile normalize içerik karşılaştırması,61,a99e735931c6f95fe6552d98ef01cfa8bb30a1db0d67dd28ebefd7f256513d50,,,,"Domain SQL:19,22,25,28,31",Özgün içerikle aynı.
06-phases/v2+/P210-enterprise-identity-compliance-packs.md,Özgün master-plan/kabul kaynağı,Orijinal ZIP ile normalize içerik karşılaştırması,61,353db8e8769bef34e8a21b720a5058bf7c61d841c9350bed0fab34504acdff76,,,,"Domain SQL:19,22,25,28,31",Özgün içerikle aynı.
07-gates/DOMAIN_GATE_POLICY.md,Özgün master-plan/kabul kaynağı,Orijinal ZIP ile normalize içerik karşılaştırması,5,34783d7b89415cc2dbf08eb9f65f841e0ba9c4925e96be899c8f01310e75faa8,,,,,Özgün içerikle aynı.
07-gates/EVIDENCE_POLICY.md,Özgün master-plan/kabul kaynağı,Orijinal ZIP ile normalize içerik karşılaştırması,6,a20ee7a71ad4b8c878c528f2677f45b88cd5b2780b1302b18d85367a7d0c27bc,,,,,Özgün içerikle aynı.
07-gates/PHASE_GATE_POLICY.md,Özgün master-plan/kabul kaynağı,Orijinal ZIP ile normalize içerik karşılaştırması,7,c943b00257cd47ff1d8e8a43c8ec84d68884983f65c6e78dcbb8a715c40e5e71,,,,TODO:5,Özgün içerikle aynı.
07-gates/RELEASE_GATE_POLICY.md,Özgün master-plan/kabul kaynağı,Orijinal ZIP ile normalize içerik karşılaştırması,18,e9f1c84734f5c30f30eda137673970295eee5a9961fff5936b9424c69d226911,,,,Domain SQL:10,Özgün içerikle aynı.
08-templates/ADR_TEMPLATE.md,Özgün master-plan/kabul kaynağı,Orijinal ZIP ile normalize içerik karşılaştırması,11,327f3b99977d880fdd0beed2d5015aa4ac17afa9a8b3e6d639a24f78d08c4f46,,,,,Özgün içerikle aynı.
08-templates/BUG_FIX_TEMPLATE.md,Özgün master-plan/kabul kaynağı,Orijinal ZIP ile normalize içerik karşılaştırması,9,f684b6cf12db59dccd776dfad33336810347bdf529a13451f9f4d773bfd3480b,,,,,Özgün içerikle aynı.
08-templates/CHANGE_REQUEST_TEMPLATE.md,Özgün master-plan/kabul kaynağı,Orijinal ZIP ile normalize içerik karşılaştırması,11,1badddbe591714b23772083954fb89ea9aac80e92d30da3058185e5143110fad,,,,,Özgün içerikle aynı.
08-templates/DEPENDENCY_BYPASS_TEMPLATE.md,Özgün master-plan/kabul kaynağı,Orijinal ZIP ile normalize içerik karşılaştırması,9,a665a1ee227dce8b45e2bc43b1d0b1a3f00c56deea9a15e39d12eedba0aca2b9,,,,TODO:6,Özgün içerikle aynı.
08-templates/GATE_EVIDENCE_TEMPLATE.md,Özgün master-plan/kabul kaynağı,Orijinal ZIP ile normalize içerik karşılaştırması,11,fb0afee943a2635b71f9d02defbbea370506101691f21d7d132eac8bed4d9964,,,,,Özgün içerikle aynı.
08-templates/PHASE_TEMPLATE.md,Özgün master-plan/kabul kaynağı,Orijinal ZIP ile normalize içerik karşılaştırması,21,96e00615b4c3f40a40844810d85d78b87439d384c8924397b44c0405b5b1d542,,,,,Özgün içerikle aynı.
08-templates/SUBPHASE_TEMPLATE.md,Özgün master-plan/kabul kaynağı,Orijinal ZIP ile normalize içerik karşılaştırması,11,4716ac83674051f8a3e2c1a9838b610ca5b784a50d1987d6b3c4d5cb3fb3c291,,,,,Özgün içerikle aynı.
08-templates/TECHNICAL_DEBT_TEMPLATE.md,Özgün master-plan/kabul kaynağı,Orijinal ZIP ile normalize içerik karşılaştırması,9,8192d3285b16746c17a1401a35f39b137923efe1268c9a822cfb46f7bf673bad,,,,,Özgün içerikle aynı.
08-templates/TEST_CHANGE_REQUEST_TEMPLATE.md,Özgün master-plan/kabul kaynağı,Orijinal ZIP ile normalize içerik karşılaştırması,8,fe6ab47318ce03b5581416e7086de6ea59d6e8203b2e702eee6d7bfe91e3bc63,,,,,Özgün içerikle aynı.
09-machine-readable/current-state.json,Özgün master-plan/kabul kaynağı,Orijinal ZIP ile normalize içerik karşılaştırması,8,3bee4d4819d7c11e5ded0c38e907b56bf18169adbff9445e6c936326b1769c6a,,,,,Özgün içerikten farklı; original-plan-diff.txt içinde ayrı fark mevcut.
09-machine-readable/domains.json,Özgün master-plan/kabul kaynağı,Orijinal ZIP ile normalize içerik karşılaştırması,494,49a3457ac554bcbe9fa579058ab3b69f5050b1f0213e50e23fd7d39fda0ffcfa,,,,,Özgün içerikle aynı.
09-machine-readable/gate-policy.json,Özgün master-plan/kabul kaynağı,Orijinal ZIP ile normalize içerik karşılaştırması,30,5e716d59ef8de873144686803b28cc9326eaabd32910f52b5e89c51c1138bba8,,,,,Özgün içerikle aynı.
09-machine-readable/roadmap.json,Özgün master-plan/kabul kaynağı,Orijinal ZIP ile normalize içerik karşılaştırması,1503,d4fd802610346b9203993d6927ee2d32a3fa4749004cae72e96ae6209b837749,,,,"TODO:324,356,868; Domain SQL:768,772",Özgün içerikle aynı.
09-machine-readable/scope.json,Özgün master-plan/kabul kaynağı,Orijinal ZIP ile normalize içerik karşılaştırması,102,d87026e42a458dd451aad082ec703e672d66e5c950326853f3c0b73df6d2328d,,,,,Özgün içerikle aynı.
09-machine-readable/validate_plan.py,Özgün master-plan/kabul kaynağı,Orijinal ZIP ile normalize içerik karşılaştırması,28,19de424718e6360e8981605625351daafb1c2608d8e0bc1afdb65a1b39464a79,,,,,Özgün içerikle aynı.
10-release/DISASTER_RECOVERY_RUNBOOK.md,Özgün master-plan/kabul kaynağı,Orijinal ZIP ile normalize içerik karşılaştırması,14,665f8fcbdf7c998bffc64ef50df323d08ee6b95493d38c356446248a65ec44b7,,,,,Özgün içerikle aynı.
10-release/MIGRATION_CUTOVER_RUNBOOK.md,Özgün master-plan/kabul kaynağı,Orijinal ZIP ile normalize içerik karşılaştırması,14,7a5639e9ad61a139bda9ea4033b33ad8c6bc5054f1955963b388f6fa15421e09,,,,Domain SQL:11,Özgün içerikle aynı.
10-release/ROLLBACK_RUNBOOK.md,Özgün master-plan/kabul kaynağı,Orijinal ZIP ile normalize içerik karşılaştırması,12,84e0bf04a6a01eb0e273c75d90de985b87cf66a543a30f5fdc56a05061b02596,,,,"Domain SQL:1,4,9",Özgün içerikle aynı.
10-release/V1_RELEASE_CHECKLIST.md,Özgün master-plan/kabul kaynağı,Orijinal ZIP ile normalize içerik karşılaştırması,17,3e11e4aa3a828b41e9b57c30da21e8d4fad330c95907bd1d6c02d555b7545e7a,,,,TODO:6; Domain SQL:12,Özgün içerikle aynı.
MANIFEST.sha256,Özgün master-plan/kabul kaynağı,Orijinal ZIP ile normalize içerik karşılaştırması,97,ea66d1351f16a61e04f4c02eaf04160bc33063b43d3dd529dc27be3724268234,,,,"TODO:78,79,80,81,82,83,84,85,86",Özgün içerikten farklı; original-plan-diff.txt içinde ayrı fark mevcut.
README.md,Özgün master-plan/kabul kaynağı,Orijinal ZIP ile normalize içerik karşılaştırması,32,56f52f1b8ac3966c1a907ef94af30ed7a8500b0863780772e1c4c01afdbc5da0,,,,,Özgün içerikten farklı; original-plan-diff.txt içinde ayrı fark mevcut.
RELEASE_NOTES.md,Yapılandırma / dağıtım / proje meta dosyası,Dosya içeriği statik tarandı,69,5d2f06628ba6e795acc3fccf7bd173445d3609ca469e5912d5105fdc72e8f2ef,F01 F33,,,,Ana rapor ve mevcut runtime/package sözleşmesiyle birlikte değerlendirilir.
composer.json,Yapılandırma / dağıtım / proje meta dosyası,Dosya içeriği statik tarandı,28,feb4bf24d5b1c4beb3fa9eff9792354d60ee2ef9cf49acf24ead163bfa11195f,,,,,Ana rapor ve mevcut runtime/package sözleşmesiyle birlikte değerlendirilir.
config/app.php,Yapılandırma / dağıtım / proje meta dosyası,Dosya içeriği statik tarandı,14,79945ffa1cb2eb60d97c40a6a392564d1ecbd43b0b9b397a65991ac48a40108e,F08,,,,Ana rapor ve mevcut runtime/package sözleşmesiyle birlikte değerlendirilir.
config/database.php,Yapılandırma / dağıtım / proje meta dosyası,Dosya içeriği statik tarandı,24,c437a9533219734c045d1bfce1947d9156dda3939608bf2832473594bf3d2cae,,,,,Ana rapor ve mevcut runtime/package sözleşmesiyle birlikte değerlendirilir.
config/lang/en_US.php,Yapılandırma / dağıtım / proje meta dosyası,Dosya içeriği statik tarandı,140,a731adcafa5ccaef0279ae343f09883c093f5cbe92f6daff7ad534a30c07aae0,,,,TODO:13,Ana rapor ve mevcut runtime/package sözleşmesiyle birlikte değerlendirilir.
config/lang/tr_TR.php,Yapılandırma / dağıtım / proje meta dosyası,Dosya içeriği statik tarandı,140,a451d62f123c8c3f13972f0a22b4f75f1ec4ac9721f1083a92ab2930d995ba44,,,,,Ana rapor ve mevcut runtime/package sözleşmesiyle birlikte değerlendirilir.
evidence/v1/P00/P00.1-execution-record.md,AI uygulama/gate beyanı,Belge içeriği ve kanıt paketi envanteri karşılaştırıldı,42,8c5ee4d39c6c46e147e53b039494c60b8df92944085d5e23c6f444d64478ff71,F28,,,,Beyan özgün kabulün yerine kullanılamaz. Ayrı reviewer/changed-files eksik; P07+ canonical manifest/raw test output da eksik.
evidence/v1/P00/P00.2-execution-record.md,AI uygulama/gate beyanı,Belge içeriği ve kanıt paketi envanteri karşılaştırıldı,36,b12ec4f970177caef6d3731ddc1ecbea29ce6cc55e943c6d023060a19cf57302,F28,,,TODO:17,Beyan özgün kabulün yerine kullanılamaz. Ayrı reviewer/changed-files eksik; P07+ canonical manifest/raw test output da eksik.
evidence/v1/P00/P00.3-execution-record.md,AI uygulama/gate beyanı,Belge içeriği ve kanıt paketi envanteri karşılaştırıldı,35,eff4a5251e8e6bb365eeffc31bfca31160ec18af0ee6b53e1af0b2bd5a2e822a,F28,,,,Beyan özgün kabulün yerine kullanılamaz. Ayrı reviewer/changed-files eksik; P07+ canonical manifest/raw test output da eksik.
evidence/v1/P00/P00.4-execution-record.md,AI uygulama/gate beyanı,Belge içeriği ve kanıt paketi envanteri karşılaştırıldı,32,a1d6540eb157aff938a5289276746066af2becbd60b6aae8fbfe153ed237b542,F28,,,,Beyan özgün kabulün yerine kullanılamaz. Ayrı reviewer/changed-files eksik; P07+ canonical manifest/raw test output da eksik.
evidence/v1/P00/P00.5-execution-record.md,AI uygulama/gate beyanı,Belge içeriği ve kanıt paketi envanteri karşılaştırıldı,32,1deb6e9b2ca0f4bf6578738d8a68640700ac041bcdd622c99c4c15dfc96d0047,F28,,,,Beyan özgün kabulün yerine kullanılamaz. Ayrı reviewer/changed-files eksik; P07+ canonical manifest/raw test output da eksik.
evidence/v1/P00/gate-decision.md,AI uygulama/gate beyanı,Belge içeriği ve kanıt paketi envanteri karşılaştırıldı,29,d1c4e209ef682665373da8482f9f227b59fb1a8da2c8b67a215477b7d15039d4,F28,,,,Beyan özgün kabulün yerine kullanılamaz. Ayrı reviewer/changed-files eksik; P07+ canonical manifest/raw test output da eksik.
evidence/v1/P00/manifest.json,AI uygulama/gate beyanı,Belge içeriği ve kanıt paketi envanteri karşılaştırıldı,30,9e4371290d6a2d26aafdbfa85002824bb7fd1fad88e1c1dbc3177ac01fe69650,F28,,,,Beyan özgün kabulün yerine kullanılamaz. Ayrı reviewer/changed-files eksik; P07+ canonical manifest/raw test output da eksik.
evidence/v1/P00/test-results.txt,AI uygulama/gate beyanı,Belge içeriği ve kanıt paketi envanteri karşılaştırıldı,31,799b40533a9f4b4e1f5caf24c6fd370fbfed24a8670e77153a8cb05f2aa72064,F28,,,,Beyan özgün kabulün yerine kullanılamaz. Ayrı reviewer/changed-files eksik; P07+ canonical manifest/raw test output da eksik.
evidence/v1/P01/P01.1-execution-record.md,AI uygulama/gate beyanı,Belge içeriği ve kanıt paketi envanteri karşılaştırıldı,44,af91b5f2f9090dd8b42d3ad1af309978182cbcc67a94409286d70cea01f4bff9,F28,,,,Beyan özgün kabulün yerine kullanılamaz. Ayrı reviewer/changed-files eksik; P07+ canonical manifest/raw test output da eksik.
evidence/v1/P01/P01.2-execution-record.md,AI uygulama/gate beyanı,Belge içeriği ve kanıt paketi envanteri karşılaştırıldı,52,749afab665fd59633f6c4d555437d11060c01a0975e3ca28b56d71cd391a9072,F28,,,,Beyan özgün kabulün yerine kullanılamaz. Ayrı reviewer/changed-files eksik; P07+ canonical manifest/raw test output da eksik.
evidence/v1/P01/P01.3-execution-record.md,AI uygulama/gate beyanı,Belge içeriği ve kanıt paketi envanteri karşılaştırıldı,53,e3d3bec2b17ca2c2dbe356054bb2906fa5adeb26129225575b14eb75a089a82c,F28,,,,Beyan özgün kabulün yerine kullanılamaz. Ayrı reviewer/changed-files eksik; P07+ canonical manifest/raw test output da eksik.
evidence/v1/P01/P01.4-execution-record.md,AI uygulama/gate beyanı,Belge içeriği ve kanıt paketi envanteri karşılaştırıldı,46,c2231fc98bbc668f5c3ef0e57d2d7f5f6d6836d8c68fa15374f416d8e089ab33,F28,,,,Beyan özgün kabulün yerine kullanılamaz. Ayrı reviewer/changed-files eksik; P07+ canonical manifest/raw test output da eksik.
evidence/v1/P01/P01.5-execution-record.md,AI uygulama/gate beyanı,Belge içeriği ve kanıt paketi envanteri karşılaştırıldı,50,565b86abd0399819bc52d946b0776556e212f02f5616b18b4e2a7e7bdcd0e5b6,F28,,,,Beyan özgün kabulün yerine kullanılamaz. Ayrı reviewer/changed-files eksik; P07+ canonical manifest/raw test output da eksik.
evidence/v1/P01/P01.6-execution-record.md,AI uygulama/gate beyanı,Belge içeriği ve kanıt paketi envanteri karşılaştırıldı,52,e1f98eabd4712bf79c7696ad988b3b8ac1a35949f143b310a1ebbb8c07524227,F28,,,,Beyan özgün kabulün yerine kullanılamaz. Ayrı reviewer/changed-files eksik; P07+ canonical manifest/raw test output da eksik.
evidence/v1/P01/P01.7-execution-record.md,AI uygulama/gate beyanı,Belge içeriği ve kanıt paketi envanteri karşılaştırıldı,41,a47cff08ea9ea0753b637758ee665c514be6e6e10c5f971fd0f31c895e7d234b,F28,,,,Beyan özgün kabulün yerine kullanılamaz. Ayrı reviewer/changed-files eksik; P07+ canonical manifest/raw test output da eksik.
evidence/v1/P01/gate-decision.md,AI uygulama/gate beyanı,Belge içeriği ve kanıt paketi envanteri karşılaştırıldı,34,34859c6cd5813d546355cac90975574cbe2c7efbeeb11fb6598f3f5654a798f4,F28,,,,Beyan özgün kabulün yerine kullanılamaz. Ayrı reviewer/changed-files eksik; P07+ canonical manifest/raw test output da eksik.
evidence/v1/P01/manifest.json,AI uygulama/gate beyanı,Belge içeriği ve kanıt paketi envanteri karşılaştırıldı,26,2f155893cd244547ac287e480966556a0dd64fb9cab9f071840545d3902204b3,F28,,,,Beyan özgün kabulün yerine kullanılamaz. Ayrı reviewer/changed-files eksik; P07+ canonical manifest/raw test output da eksik.
evidence/v1/P01/test-results.txt,AI uygulama/gate beyanı,Belge içeriği ve kanıt paketi envanteri karşılaştırıldı,53,101db7ad6a43e2858f18e9cd2f5b2039a6fb57768a9d1ffc87f7099284ce5f0d,F28,,,,Beyan özgün kabulün yerine kullanılamaz. Ayrı reviewer/changed-files eksik; P07+ canonical manifest/raw test output da eksik.
evidence/v1/P02/P02.1-execution-record.md,AI uygulama/gate beyanı,Belge içeriği ve kanıt paketi envanteri karşılaştırıldı,48,5987d6ac8b19d1cda6b567bd87a81056445a93c7a286c107fea73301b5b66fa6,F28,,,,Beyan özgün kabulün yerine kullanılamaz. Ayrı reviewer/changed-files eksik; P07+ canonical manifest/raw test output da eksik.
evidence/v1/P02/P02.2-execution-record.md,AI uygulama/gate beyanı,Belge içeriği ve kanıt paketi envanteri karşılaştırıldı,41,af75e333c16fcaa6907e4291b452b6d412fd7f42da7f5e10f54d24a0e16f9afb,F28,,,,Beyan özgün kabulün yerine kullanılamaz. Ayrı reviewer/changed-files eksik; P07+ canonical manifest/raw test output da eksik.
evidence/v1/P02/P02.3-execution-record.md,AI uygulama/gate beyanı,Belge içeriği ve kanıt paketi envanteri karşılaştırıldı,48,6c45b2d928eefb207de0c7f3db5d81026d4f5eaddb979a60b8f543a99523d23a,F28,,,,Beyan özgün kabulün yerine kullanılamaz. Ayrı reviewer/changed-files eksik; P07+ canonical manifest/raw test output da eksik.
evidence/v1/P02/P02.4-execution-record.md,AI uygulama/gate beyanı,Belge içeriği ve kanıt paketi envanteri karşılaştırıldı,47,734d382a9a5cee521f173bca3dc7c588f900f920717ea488728a136311e75a3c,F28,,,,Beyan özgün kabulün yerine kullanılamaz. Ayrı reviewer/changed-files eksik; P07+ canonical manifest/raw test output da eksik.
evidence/v1/P02/P02.5-execution-record.md,AI uygulama/gate beyanı,Belge içeriği ve kanıt paketi envanteri karşılaştırıldı,29,f1d24a4ac08d2571f11193c99c259a86dda34b5ca70e477af1703f4a57d40ae5,F28,,,"TODO:12,15,26",Beyan özgün kabulün yerine kullanılamaz. Ayrı reviewer/changed-files eksik; P07+ canonical manifest/raw test output da eksik.
evidence/v1/P02/P02.6-execution-record.md,AI uygulama/gate beyanı,Belge içeriği ve kanıt paketi envanteri karşılaştırıldı,26,16531266c16f7985d38c4fc4562e42733728adbbc819374015e02b6b98086dda,F28,,,,Beyan özgün kabulün yerine kullanılamaz. Ayrı reviewer/changed-files eksik; P07+ canonical manifest/raw test output da eksik.
evidence/v1/P02/P02.7-execution-record.md,AI uygulama/gate beyanı,Belge içeriği ve kanıt paketi envanteri karşılaştırıldı,30,2a9ced5974dec0a7c7792c950070994d3f8b39d0ba8d5e7fbad809509dcc7fb8,F28,,,,Beyan özgün kabulün yerine kullanılamaz. Ayrı reviewer/changed-files eksik; P07+ canonical manifest/raw test output da eksik.
evidence/v1/P02/P02.8-execution-record.md,AI uygulama/gate beyanı,Belge içeriği ve kanıt paketi envanteri karşılaştırıldı,29,2f4b0c20b247984e924c6e1faf0908e8bbc6d33a7a9bd14e19ecaf5c114f8eb9,F28,,,,Beyan özgün kabulün yerine kullanılamaz. Ayrı reviewer/changed-files eksik; P07+ canonical manifest/raw test output da eksik.
evidence/v1/P02/gate-decision.md,AI uygulama/gate beyanı,Belge içeriği ve kanıt paketi envanteri karşılaştırıldı,38,554072e3d37bc1adc54590525a8bed5663eaf2830712f61c8d247aabde79f937,F28,,,,Beyan özgün kabulün yerine kullanılamaz. Ayrı reviewer/changed-files eksik; P07+ canonical manifest/raw test output da eksik.
evidence/v1/P02/manifest.json,AI uygulama/gate beyanı,Belge içeriği ve kanıt paketi envanteri karşılaştırıldı,28,5cdda6eec12b3c5d0452b8d7865d884f273742fe43f99a1c85d820b2f0bddc8b,F28,,,,Beyan özgün kabulün yerine kullanılamaz. Ayrı reviewer/changed-files eksik; P07+ canonical manifest/raw test output da eksik.
evidence/v1/P02/test-results.txt,AI uygulama/gate beyanı,Belge içeriği ve kanıt paketi envanteri karşılaştırıldı,12,5019f0c520a82b8aa1b43b51cd6b9c69e069ccdb0810835fa191c6aa16731655,F28,,,,Beyan özgün kabulün yerine kullanılamaz. Ayrı reviewer/changed-files eksik; P07+ canonical manifest/raw test output da eksik.
evidence/v1/P03/P03.1-execution-record.md,AI uygulama/gate beyanı,Belge içeriği ve kanıt paketi envanteri karşılaştırıldı,33,fc9d40f8371ae445104cf16cf3c53d73df547ba6b5973c2b8eabfd4cdac67df8,F28,,,,Beyan özgün kabulün yerine kullanılamaz. Ayrı reviewer/changed-files eksik; P07+ canonical manifest/raw test output da eksik.
evidence/v1/P03/P03.10-execution-record.md,AI uygulama/gate beyanı,Belge içeriği ve kanıt paketi envanteri karşılaştırıldı,32,d272610f4d1b1ce76ffb7a3b7a07b9b6d55538afd4fea9a9e503f24f2d2a5062,F28,,,,Beyan özgün kabulün yerine kullanılamaz. Ayrı reviewer/changed-files eksik; P07+ canonical manifest/raw test output da eksik.
evidence/v1/P03/P03.2-execution-record.md,AI uygulama/gate beyanı,Belge içeriği ve kanıt paketi envanteri karşılaştırıldı,37,a9e01700236ea0a561bb7f6e076d82b409c9c10f3f00b7c96b92a7e3157f8d77,F28,,,,Beyan özgün kabulün yerine kullanılamaz. Ayrı reviewer/changed-files eksik; P07+ canonical manifest/raw test output da eksik.
evidence/v1/P03/P03.3-execution-record.md,AI uygulama/gate beyanı,Belge içeriği ve kanıt paketi envanteri karşılaştırıldı,32,cbfec4a388d1e68b3cb78803b6c88cfb0a096594eb7fa0100708cda3cabb925a,F28,,,Domain SQL:27,Beyan özgün kabulün yerine kullanılamaz. Ayrı reviewer/changed-files eksik; P07+ canonical manifest/raw test output da eksik.
evidence/v1/P03/P03.4-execution-record.md,AI uygulama/gate beyanı,Belge içeriği ve kanıt paketi envanteri karşılaştırıldı,29,c0bbf0ea4371d2ca00eb90df25fa397f196f5f90a8cf0de9dc71ab0647b5a8b4,F28,,,,Beyan özgün kabulün yerine kullanılamaz. Ayrı reviewer/changed-files eksik; P07+ canonical manifest/raw test output da eksik.
evidence/v1/P03/P03.5-execution-record.md,AI uygulama/gate beyanı,Belge içeriği ve kanıt paketi envanteri karşılaştırıldı,30,ac0408310e5c3fd34b12dffef6eb0884f36230a4029927267df9ed51ba1fa528,F28,,,,Beyan özgün kabulün yerine kullanılamaz. Ayrı reviewer/changed-files eksik; P07+ canonical manifest/raw test output da eksik.
evidence/v1/P03/P03.6-execution-record.md,AI uygulama/gate beyanı,Belge içeriği ve kanıt paketi envanteri karşılaştırıldı,31,af9a5ee87faec5e3d22d43aec38b00ad9fa8d03cbaac206d5a5ca6bcf72b0552,F28,,,,Beyan özgün kabulün yerine kullanılamaz. Ayrı reviewer/changed-files eksik; P07+ canonical manifest/raw test output da eksik.
evidence/v1/P03/P03.7-execution-record.md,AI uygulama/gate beyanı,Belge içeriği ve kanıt paketi envanteri karşılaştırıldı,28,f1678488166fdc851e20e23ec17f79813539095a2bb4ae3328db26940743e7c3,F28,,,Domain SQL:15,Beyan özgün kabulün yerine kullanılamaz. Ayrı reviewer/changed-files eksik; P07+ canonical manifest/raw test output da eksik.
evidence/v1/P03/P03.8-execution-record.md,AI uygulama/gate beyanı,Belge içeriği ve kanıt paketi envanteri karşılaştırıldı,35,6e1e6c3331f350af87c86b5b3cb515a0ae31e3fb4db4b5e1c1340a5180cd5fe4,F28,,,,Beyan özgün kabulün yerine kullanılamaz. Ayrı reviewer/changed-files eksik; P07+ canonical manifest/raw test output da eksik.
evidence/v1/P03/P03.9-execution-record.md,AI uygulama/gate beyanı,Belge içeriği ve kanıt paketi envanteri karşılaştırıldı,28,664c737cfb410b1c91e8328d0859146f4efc8280a94f8cd27e5b2d5d48df5271,F28,,,,Beyan özgün kabulün yerine kullanılamaz. Ayrı reviewer/changed-files eksik; P07+ canonical manifest/raw test output da eksik.
evidence/v1/P03/gate-decision.md,AI uygulama/gate beyanı,Belge içeriği ve kanıt paketi envanteri karşılaştırıldı,44,c30662a2f0ec4be278535a33680c2d326b76b77cf36395b5178a87e510259782,F28,,,,Beyan özgün kabulün yerine kullanılamaz. Ayrı reviewer/changed-files eksik; P07+ canonical manifest/raw test output da eksik.
evidence/v1/P03/manifest.json,AI uygulama/gate beyanı,Belge içeriği ve kanıt paketi envanteri karşılaştırıldı,32,9d250f43e8e36672c777ef368fec62a340ad688dddf333ed52dff3c6f8d256c6,F28,,,,Beyan özgün kabulün yerine kullanılamaz. Ayrı reviewer/changed-files eksik; P07+ canonical manifest/raw test output da eksik.
evidence/v1/P03/test-results.txt,AI uygulama/gate beyanı,Belge içeriği ve kanıt paketi envanteri karşılaştırıldı,13,c067ccfa95b05869c6cac8675e6e99da6f01de1fdc8ffc7e73978ba425887ac2,F28,,,,Beyan özgün kabulün yerine kullanılamaz. Ayrı reviewer/changed-files eksik; P07+ canonical manifest/raw test output da eksik.
evidence/v1/P04/P04.1-execution-record.md,AI uygulama/gate beyanı,Belge içeriği ve kanıt paketi envanteri karşılaştırıldı,34,008d7d8e065df75a1da80a912df55e65fa2f8c5c05ebe00e8a0742e1dd5352de,F28,,,,Beyan özgün kabulün yerine kullanılamaz. Ayrı reviewer/changed-files eksik; P07+ canonical manifest/raw test output da eksik.
evidence/v1/P04/P04.2-execution-record.md,AI uygulama/gate beyanı,Belge içeriği ve kanıt paketi envanteri karşılaştırıldı,29,c880e576ce85e9def727c51e1515a188616900713e3718da786e5d71977b8f33,F28,,,,Beyan özgün kabulün yerine kullanılamaz. Ayrı reviewer/changed-files eksik; P07+ canonical manifest/raw test output da eksik.
evidence/v1/P04/P04.3-execution-record.md,AI uygulama/gate beyanı,Belge içeriği ve kanıt paketi envanteri karşılaştırıldı,28,4823d3712de7ba1bda45e42f5f8065ec2ba49f193f0d4a05c9c9f2d7d1bd615c,F28,,,Domain SQL:18,Beyan özgün kabulün yerine kullanılamaz. Ayrı reviewer/changed-files eksik; P07+ canonical manifest/raw test output da eksik.
evidence/v1/P04/P04.4-execution-record.md,AI uygulama/gate beyanı,Belge içeriği ve kanıt paketi envanteri karşılaştırıldı,26,f2392e649eadcef79fdb347db277bc9f594eeffe24ffc0162d23339aa4449cd6,F28,,,,Beyan özgün kabulün yerine kullanılamaz. Ayrı reviewer/changed-files eksik; P07+ canonical manifest/raw test output da eksik.
evidence/v1/P04/P04.5-execution-record.md,AI uygulama/gate beyanı,Belge içeriği ve kanıt paketi envanteri karşılaştırıldı,28,db23552b6759e3b2204dff2134e076060600e231c01f748fe34af69e104a5804,F28,,,,Beyan özgün kabulün yerine kullanılamaz. Ayrı reviewer/changed-files eksik; P07+ canonical manifest/raw test output da eksik.
evidence/v1/P04/P04.6-execution-record.md,AI uygulama/gate beyanı,Belge içeriği ve kanıt paketi envanteri karşılaştırıldı,32,65c91a898acb496d19685cd144f6d3fdc2b7a85510777ed8db6987c999a6e55a,F28,,,,Beyan özgün kabulün yerine kullanılamaz. Ayrı reviewer/changed-files eksik; P07+ canonical manifest/raw test output da eksik.
evidence/v1/P04/P04.7-execution-record.md,AI uygulama/gate beyanı,Belge içeriği ve kanıt paketi envanteri karşılaştırıldı,34,35133d93c422980058e29ba3083d5f6f9974fe293acb0001f1ea0b6fd34d8302,F28,,,,Beyan özgün kabulün yerine kullanılamaz. Ayrı reviewer/changed-files eksik; P07+ canonical manifest/raw test output da eksik.
evidence/v1/P04/P04.8-execution-record.md,AI uygulama/gate beyanı,Belge içeriği ve kanıt paketi envanteri karşılaştırıldı,23,b0ea9bc97d69232b3e6426c2a0c02e78b074df8e3e385670e58f63d07c6cc3f2,F28,,,,Beyan özgün kabulün yerine kullanılamaz. Ayrı reviewer/changed-files eksik; P07+ canonical manifest/raw test output da eksik.
evidence/v1/P04/gate-decision.md,AI uygulama/gate beyanı,Belge içeriği ve kanıt paketi envanteri karşılaştırıldı,38,05dde0da129892d2565df513550a726606c790977c4fac920a598dece7f543c0,F28,,,,Beyan özgün kabulün yerine kullanılamaz. Ayrı reviewer/changed-files eksik; P07+ canonical manifest/raw test output da eksik.
evidence/v1/P04/manifest.json,AI uygulama/gate beyanı,Belge içeriği ve kanıt paketi envanteri karşılaştırıldı,28,880145f0a138bd956e06d754770255e262fa44ef261f81e5212d177482353d4d,F28,,,,Beyan özgün kabulün yerine kullanılamaz. Ayrı reviewer/changed-files eksik; P07+ canonical manifest/raw test output da eksik.
evidence/v1/P04/test-results.txt,AI uygulama/gate beyanı,Belge içeriği ve kanıt paketi envanteri karşılaştırıldı,13,4adc7f3d59bac400ddaf43bb1740f07b88bac28a029b6d744798928d986a662b,F28,,,,Beyan özgün kabulün yerine kullanılamaz. Ayrı reviewer/changed-files eksik; P07+ canonical manifest/raw test output da eksik.
evidence/v1/P05/P05.1-execution-record.md,AI uygulama/gate beyanı,Belge içeriği ve kanıt paketi envanteri karşılaştırıldı,28,0f2873648dee057e5ab2bc891d0b9bfaf28960184ba8f51bc707a56148e5ce88,F28,,,Domain SQL:14,Beyan özgün kabulün yerine kullanılamaz. Ayrı reviewer/changed-files eksik; P07+ canonical manifest/raw test output da eksik.
evidence/v1/P05/P05.2-execution-record.md,AI uygulama/gate beyanı,Belge içeriği ve kanıt paketi envanteri karşılaştırıldı,27,fe2b1db6dab5a503358a9380d616dcf8cdcb8df0a3b90ecdd5d9f530ad3ea38f,F28,,,,Beyan özgün kabulün yerine kullanılamaz. Ayrı reviewer/changed-files eksik; P07+ canonical manifest/raw test output da eksik.
evidence/v1/P05/P05.3-execution-record.md,AI uygulama/gate beyanı,Belge içeriği ve kanıt paketi envanteri karşılaştırıldı,29,a796e7cb42c30b53671fd4f2cc1767d881e1b0df2ff349b50044de890092a847,F28,,,,Beyan özgün kabulün yerine kullanılamaz. Ayrı reviewer/changed-files eksik; P07+ canonical manifest/raw test output da eksik.
evidence/v1/P05/P05.4-execution-record.md,AI uygulama/gate beyanı,Belge içeriği ve kanıt paketi envanteri karşılaştırıldı,28,d95eece5b458c179861576e3f85fd9bf4e3a1fe2a845d82d9e9d458df0ab1afa,F28,,,,Beyan özgün kabulün yerine kullanılamaz. Ayrı reviewer/changed-files eksik; P07+ canonical manifest/raw test output da eksik.
evidence/v1/P05/P05.5-execution-record.md,AI uygulama/gate beyanı,Belge içeriği ve kanıt paketi envanteri karşılaştırıldı,27,8fb616d803fb5b7e24b4148b752fb99a7cfd0942f500b5b0ac0f9d2ba59b6ca4,F28,,,,Beyan özgün kabulün yerine kullanılamaz. Ayrı reviewer/changed-files eksik; P07+ canonical manifest/raw test output da eksik.
evidence/v1/P05/P05.6-execution-record.md,AI uygulama/gate beyanı,Belge içeriği ve kanıt paketi envanteri karşılaştırıldı,26,c505a1439dcb666c105f2fd15fafd0578b59bfacf6da2529b22da18f78305e10,F28,,,,Beyan özgün kabulün yerine kullanılamaz. Ayrı reviewer/changed-files eksik; P07+ canonical manifest/raw test output da eksik.
evidence/v1/P05/P05.7-execution-record.md,AI uygulama/gate beyanı,Belge içeriği ve kanıt paketi envanteri karşılaştırıldı,29,0ad5e06acc4f2653004a02ca27afa9c1d9fa7ca656b6900854ffe2190534324c,F28,,,,Beyan özgün kabulün yerine kullanılamaz. Ayrı reviewer/changed-files eksik; P07+ canonical manifest/raw test output da eksik.
evidence/v1/P05/P05.8-execution-record.md,AI uygulama/gate beyanı,Belge içeriği ve kanıt paketi envanteri karşılaştırıldı,27,077228014ca46ec58d7bb2e5db0426471c11b0f8694bfcb41e3d931d15acf2fc,F28,,,,Beyan özgün kabulün yerine kullanılamaz. Ayrı reviewer/changed-files eksik; P07+ canonical manifest/raw test output da eksik.
evidence/v1/P05/gate-decision.md,AI uygulama/gate beyanı,Belge içeriği ve kanıt paketi envanteri karşılaştırıldı,38,003aa0210a667449a57ab701cbcb2feaee014accc6662651c4ce0123037f996b,F28,,,,Beyan özgün kabulün yerine kullanılamaz. Ayrı reviewer/changed-files eksik; P07+ canonical manifest/raw test output da eksik.
evidence/v1/P05/manifest.json,AI uygulama/gate beyanı,Belge içeriği ve kanıt paketi envanteri karşılaştırıldı,28,487ac089a5795b95537ca65fce906dc76ad756a082ef9bb8c1a05f632d1adc2d,F28,,,,Beyan özgün kabulün yerine kullanılamaz. Ayrı reviewer/changed-files eksik; P07+ canonical manifest/raw test output da eksik.
evidence/v1/P05/test-results.txt,AI uygulama/gate beyanı,Belge içeriği ve kanıt paketi envanteri karşılaştırıldı,29,feeea3aa193fdecaad14594c5db0b2b62d224388b653c36ea4124c49c2878aac,F28,,,,Beyan özgün kabulün yerine kullanılamaz. Ayrı reviewer/changed-files eksik; P07+ canonical manifest/raw test output da eksik.
evidence/v1/P06/P06.1-execution-record.md,AI uygulama/gate beyanı,Belge içeriği ve kanıt paketi envanteri karşılaştırıldı,27,c584e8078d4785133df45890d182e410044e621833204361182e6d1461b3439d,F28,,,TODO:24,Beyan özgün kabulün yerine kullanılamaz. Ayrı reviewer/changed-files eksik; P07+ canonical manifest/raw test output da eksik.
evidence/v1/P06/P06.2-execution-record.md,AI uygulama/gate beyanı,Belge içeriği ve kanıt paketi envanteri karşılaştırıldı,26,0b65353bce598f4a90aa75905d3729ebde72dda4b4b4979cbc2bbe3606549d51,F28,,,,Beyan özgün kabulün yerine kullanılamaz. Ayrı reviewer/changed-files eksik; P07+ canonical manifest/raw test output da eksik.
evidence/v1/P06/P06.3-execution-record.md,AI uygulama/gate beyanı,Belge içeriği ve kanıt paketi envanteri karşılaştırıldı,35,3a48a8227d460e352d2d0e4185d590d8e7fab663966ced61ca872018cc24f208,F28,,,Mutable finance:21; Domain SQL:21,Beyan özgün kabulün yerine kullanılamaz. Ayrı reviewer/changed-files eksik; P07+ canonical manifest/raw test output da eksik.
evidence/v1/P06/P06.4-execution-record.md,AI uygulama/gate beyanı,Belge içeriği ve kanıt paketi envanteri karşılaştırıldı,30,9d498a4b935359fd8befcfb28c4465126ca1dd5b09223e0de4ec9bf6b5efdac8,F28,,,,Beyan özgün kabulün yerine kullanılamaz. Ayrı reviewer/changed-files eksik; P07+ canonical manifest/raw test output da eksik.
evidence/v1/P06/P06.5-execution-record.md,AI uygulama/gate beyanı,Belge içeriği ve kanıt paketi envanteri karşılaştırıldı,32,29729c9d3c0ede3e106414ba0579c2fe112d4d1e7977f08db60484d6c6f49541,F28,,,,Beyan özgün kabulün yerine kullanılamaz. Ayrı reviewer/changed-files eksik; P07+ canonical manifest/raw test output da eksik.
evidence/v1/P06/P06.6-execution-record.md,AI uygulama/gate beyanı,Belge içeriği ve kanıt paketi envanteri karşılaştırıldı,32,b5d19a6e49d87a379e4b91507d3440b06a9ba29f9ea9648650167a842dfd1882,F28,,,,Beyan özgün kabulün yerine kullanılamaz. Ayrı reviewer/changed-files eksik; P07+ canonical manifest/raw test output da eksik.
evidence/v1/P06/P06.7-execution-record.md,AI uygulama/gate beyanı,Belge içeriği ve kanıt paketi envanteri karşılaştırıldı,34,ecb5247aba91257914f2e151d9925a0e79080a78d9ec2d4ec27d0f945d0eea88,F28,,,,Beyan özgün kabulün yerine kullanılamaz. Ayrı reviewer/changed-files eksik; P07+ canonical manifest/raw test output da eksik.
evidence/v1/P06/P06.8-execution-record.md,AI uygulama/gate beyanı,Belge içeriği ve kanıt paketi envanteri karşılaştırıldı,34,19872393f335355bc35b474c25c97b1fef1a1c7a3f69a4748e4eb647e593a471,F28,,,,Beyan özgün kabulün yerine kullanılamaz. Ayrı reviewer/changed-files eksik; P07+ canonical manifest/raw test output da eksik.
evidence/v1/P06/gate-decision.md,AI uygulama/gate beyanı,Belge içeriği ve kanıt paketi envanteri karşılaştırıldı,38,a74e533f190562604a92a81387fc40ed7ff83a8d5b78b6843c1ada5d17697566,F28,,,,Beyan özgün kabulün yerine kullanılamaz. Ayrı reviewer/changed-files eksik; P07+ canonical manifest/raw test output da eksik.
evidence/v1/P06/manifest.json,AI uygulama/gate beyanı,Belge içeriği ve kanıt paketi envanteri karşılaştırıldı,28,00396d61fc113ffe5c5cb2e7f604becab45f8c883d4f33c135a95ed3510dafbf,F28,,,,Beyan özgün kabulün yerine kullanılamaz. Ayrı reviewer/changed-files eksik; P07+ canonical manifest/raw test output da eksik.
evidence/v1/P06/test-results.txt,AI uygulama/gate beyanı,Belge içeriği ve kanıt paketi envanteri karşılaştırıldı,14,e8546b99a86a363a65aeb7c6b6da98b44dd8997a8f02b91bdce7af8141a6da15,F28,,,,Beyan özgün kabulün yerine kullanılamaz. Ayrı reviewer/changed-files eksik; P07+ canonical manifest/raw test output da eksik.
evidence/v1/P07/P07.1-execution-record.md,AI uygulama/gate beyanı,Belge içeriği ve kanıt paketi envanteri karşılaştırıldı,32,6748114145f5be30103f62333eed6bbde58d1b2bfaaac75ce0678c1e553ca0c0,F28,,,,Beyan özgün kabulün yerine kullanılamaz. Ayrı reviewer/changed-files eksik; P07+ canonical manifest/raw test output da eksik.
evidence/v1/P07/P07.2-execution-record.md,AI uygulama/gate beyanı,Belge içeriği ve kanıt paketi envanteri karşılaştırıldı,31,ff86fdb5bd7e5a73c261911e490e21abee7c7ba724d7807e7e4b2ecd1d6c9f06,F28,,,,Beyan özgün kabulün yerine kullanılamaz. Ayrı reviewer/changed-files eksik; P07+ canonical manifest/raw test output da eksik.
evidence/v1/P07/P07.3-execution-record.md,AI uygulama/gate beyanı,Belge içeriği ve kanıt paketi envanteri karşılaştırıldı,27,941d2dbfdedd2ca6b51eb0ec2239a3784c1d1c92d92fb1478c7269ce1143e852,F28,,,,Beyan özgün kabulün yerine kullanılamaz. Ayrı reviewer/changed-files eksik; P07+ canonical manifest/raw test output da eksik.
evidence/v1/P07/P07.4-execution-record.md,AI uygulama/gate beyanı,Belge içeriği ve kanıt paketi envanteri karşılaştırıldı,32,eb60a6876a4d333619e1470497f40bba207a6f56df4e9875ef404c417ea2ac96,F28,,,"TODO:4,18",Beyan özgün kabulün yerine kullanılamaz. Ayrı reviewer/changed-files eksik; P07+ canonical manifest/raw test output da eksik.
evidence/v1/P07/P07.5-execution-record.md,AI uygulama/gate beyanı,Belge içeriği ve kanıt paketi envanteri karşılaştırıldı,27,7c5d527674c9cea155d297b63d222f74ce7799368916b830d17e134c997d2f8a,F28,,,,Beyan özgün kabulün yerine kullanılamaz. Ayrı reviewer/changed-files eksik; P07+ canonical manifest/raw test output da eksik.
evidence/v1/P07/P07.6-execution-record.md,AI uygulama/gate beyanı,Belge içeriği ve kanıt paketi envanteri karşılaştırıldı,34,e8153fa921dd09c247079047cef93f8e77dd0bc53888a29acdb7aab119f64ed2,F28,,,,Beyan özgün kabulün yerine kullanılamaz. Ayrı reviewer/changed-files eksik; P07+ canonical manifest/raw test output da eksik.
evidence/v1/P07/P07.7-execution-record.md,AI uygulama/gate beyanı,Belge içeriği ve kanıt paketi envanteri karşılaştırıldı,32,fb96ec97710fccde84a7f48326db1fde927da13512658ad6a1c5276ee07665a8,F28,,,,Beyan özgün kabulün yerine kullanılamaz. Ayrı reviewer/changed-files eksik; P07+ canonical manifest/raw test output da eksik.
evidence/v1/P07/P07.8-execution-record.md,AI uygulama/gate beyanı,Belge içeriği ve kanıt paketi envanteri karşılaştırıldı,33,f1bee8e3425599fb8c51d631d9e447f8ba8dc9065bca6cf94d9b98c5c937e7e6,F28,,,,Beyan özgün kabulün yerine kullanılamaz. Ayrı reviewer/changed-files eksik; P07+ canonical manifest/raw test output da eksik.
evidence/v1/P07/gate-decision.md,AI uygulama/gate beyanı,Belge içeriği ve kanıt paketi envanteri karşılaştırıldı,38,6f0d204830e545b82613e5ecea4a420a313eb240e05abbe7326ccfbf9d444db2,F28,,,"TODO:18,19",Beyan özgün kabulün yerine kullanılamaz. Ayrı reviewer/changed-files eksik; P07+ canonical manifest/raw test output da eksik.
evidence/v1/P08/P08.1-execution-record.md,AI uygulama/gate beyanı,Belge içeriği ve kanıt paketi envanteri karşılaştırıldı,36,862414c702578337e0828f237feb81b2e67acdb5b32e4fe57310e1b0aa7c1b72,F28,,,"Simulation:18,34; TODO:4,20,21,28,29,33",Beyan özgün kabulün yerine kullanılamaz. Ayrı reviewer/changed-files eksik; P07+ canonical manifest/raw test output da eksik.
evidence/v1/P08/P08.2-execution-record.md,AI uygulama/gate beyanı,Belge içeriği ve kanıt paketi envanteri karşılaştırıldı,31,594439d8be6abc2690cc6313f000e206f6efaa8d3f60bf9decf698c5498cb9e2,F28,,,TODO:29,Beyan özgün kabulün yerine kullanılamaz. Ayrı reviewer/changed-files eksik; P07+ canonical manifest/raw test output da eksik.
evidence/v1/P08/P08.3-execution-record.md,AI uygulama/gate beyanı,Belge içeriği ve kanıt paketi envanteri karşılaştırıldı,30,23a55563c4f36632bcc2fb8a3e575e719cd6213b8b399abe3e0458134283dc93,F28,,,,Beyan özgün kabulün yerine kullanılamaz. Ayrı reviewer/changed-files eksik; P07+ canonical manifest/raw test output da eksik.
evidence/v1/P08/P08.4-execution-record.md,AI uygulama/gate beyanı,Belge içeriği ve kanıt paketi envanteri karşılaştırıldı,34,4343830cc21cf69df74324ed1af29c541cf677b347d86ff555eb29b186bfdb17,F28,,,"TODO:14,31",Beyan özgün kabulün yerine kullanılamaz. Ayrı reviewer/changed-files eksik; P07+ canonical manifest/raw test output da eksik.
evidence/v1/P08/P08.5-execution-record.md,AI uygulama/gate beyanı,Belge içeriği ve kanıt paketi envanteri karşılaştırıldı,35,5441bfa322b011c846a043d75ff0867bfd37cf85cb79e4bcf6181d40e59aae6f,F28,,,,Beyan özgün kabulün yerine kullanılamaz. Ayrı reviewer/changed-files eksik; P07+ canonical manifest/raw test output da eksik.
evidence/v1/P08/P08.6-execution-record.md,AI uygulama/gate beyanı,Belge içeriği ve kanıt paketi envanteri karşılaştırıldı,43,dbe2a85bd57a35780f2e6b1b353b40309691d4880e8f00808550908ad9fa276c,F28,,,"TODO:12,13,23,24,25,39; Domain SQL:34",Beyan özgün kabulün yerine kullanılamaz. Ayrı reviewer/changed-files eksik; P07+ canonical manifest/raw test output da eksik.
evidence/v1/P08/P08.7-execution-record.md,AI uygulama/gate beyanı,Belge içeriği ve kanıt paketi envanteri karşılaştırıldı,41,547ac7c8390032993e9fab8b3ff656526577fb712831c2d986d658079da1a778,F28,,,TODO:35,Beyan özgün kabulün yerine kullanılamaz. Ayrı reviewer/changed-files eksik; P07+ canonical manifest/raw test output da eksik.
evidence/v1/P08/P08.8-execution-record.md,AI uygulama/gate beyanı,Belge içeriği ve kanıt paketi envanteri karşılaştırıldı,43,d20fba5c470ee96cde000531e172a29d6f24226f3b0c9a49cd62a3dc05c7d944,F28,,,Simulation:33,Beyan özgün kabulün yerine kullanılamaz. Ayrı reviewer/changed-files eksik; P07+ canonical manifest/raw test output da eksik.
evidence/v1/P08/gate-decision.md,AI uygulama/gate beyanı,Belge içeriği ve kanıt paketi envanteri karşılaştırıldı,39,f906ed2810769f8340b31d71fbe50105dd9e842a226553a72eaac6449ec418f0,F28,,,Simulation:10; TODO:10,Beyan özgün kabulün yerine kullanılamaz. Ayrı reviewer/changed-files eksik; P07+ canonical manifest/raw test output da eksik.
evidence/v1/P09/P09.1-execution-record.md,AI uygulama/gate beyanı,Belge içeriği ve kanıt paketi envanteri karşılaştırıldı,42,e806aad10a680fa7bdb3260a43ee8471e77c77d89a685b52baccb1db561e0de6,F28,,,,Beyan özgün kabulün yerine kullanılamaz. Ayrı reviewer/changed-files eksik; P07+ canonical manifest/raw test output da eksik.
evidence/v1/P09/P09.2-execution-record.md,AI uygulama/gate beyanı,Belge içeriği ve kanıt paketi envanteri karşılaştırıldı,50,da089bae362a10894baf070edf8b64ec5f4d4a8f23ed13c7de848449099264f9,F28,,,"Simulation:32,44,48; TODO:30",Beyan özgün kabulün yerine kullanılamaz. Ayrı reviewer/changed-files eksik; P07+ canonical manifest/raw test output da eksik.
evidence/v1/P09/P09.3-execution-record.md,AI uygulama/gate beyanı,Belge içeriği ve kanıt paketi envanteri karşılaştırıldı,35,f7c6cb6a82b3805e3244d6a1ecc8e31822be8aa14ba5fa96bf65c7fde7630964,F28,,,,Beyan özgün kabulün yerine kullanılamaz. Ayrı reviewer/changed-files eksik; P07+ canonical manifest/raw test output da eksik.
evidence/v1/P09/P09.4-execution-record.md,AI uygulama/gate beyanı,Belge içeriği ve kanıt paketi envanteri karşılaştırıldı,39,9930bb825bd0765793376572e71991be152886419593124ba36679af3de1077f,F28,,,,Beyan özgün kabulün yerine kullanılamaz. Ayrı reviewer/changed-files eksik; P07+ canonical manifest/raw test output da eksik.
evidence/v1/P09/P09.5-execution-record.md,AI uygulama/gate beyanı,Belge içeriği ve kanıt paketi envanteri karşılaştırıldı,37,fd067260e6823f3af548a935295cd740fa9ed16715332f3208a97f3146f9d314,F28,,,,Beyan özgün kabulün yerine kullanılamaz. Ayrı reviewer/changed-files eksik; P07+ canonical manifest/raw test output da eksik.
evidence/v1/P09/P09.6-execution-record.md,AI uygulama/gate beyanı,Belge içeriği ve kanıt paketi envanteri karşılaştırıldı,39,c0be25b64e90f9826816f829361aad440d7556a69f4d64bce3283f8fbcb52ec9,F28,,,"TODO:15,16,20,32,33,34,35",Beyan özgün kabulün yerine kullanılamaz. Ayrı reviewer/changed-files eksik; P07+ canonical manifest/raw test output da eksik.
evidence/v1/P09/P09.7-execution-record.md,AI uygulama/gate beyanı,Belge içeriği ve kanıt paketi envanteri karşılaştırıldı,36,163691f2be3d03213c75f91077329bf26af8067d565c4ba1a65bd8895df0d32a,F28,,,,Beyan özgün kabulün yerine kullanılamaz. Ayrı reviewer/changed-files eksik; P07+ canonical manifest/raw test output da eksik.
evidence/v1/P09/P09.8-execution-record.md,AI uygulama/gate beyanı,Belge içeriği ve kanıt paketi envanteri karşılaştırıldı,39,47094e9be091601a3153d3b0b455f774d757c698671647d136a7e10ab1b931a3,F28,,,Simulation:37; Domain SQL:12,Beyan özgün kabulün yerine kullanılamaz. Ayrı reviewer/changed-files eksik; P07+ canonical manifest/raw test output da eksik.
evidence/v1/P09/gate-decision.md,AI uygulama/gate beyanı,Belge içeriği ve kanıt paketi envanteri karşılaştırıldı,49,3b8ce1b98fa097c107d9d9b4533a546cda19042f232e9e08ecd9845bc5626a11,F28,,,Simulation:15,Beyan özgün kabulün yerine kullanılamaz. Ayrı reviewer/changed-files eksik; P07+ canonical manifest/raw test output da eksik.
evidence/v1/P10/P10.1-execution-record.md,AI uygulama/gate beyanı,Belge içeriği ve kanıt paketi envanteri karşılaştırıldı,71,a749f08ee8a58401286fb0d9cb95c118b3d566d6d51dd41eefaf2c549cfdd280,F28,,,"Simulation:19,20",Beyan özgün kabulün yerine kullanılamaz. Ayrı reviewer/changed-files eksik; P07+ canonical manifest/raw test output da eksik.
evidence/v1/P10/P10.2-execution-record.md,AI uygulama/gate beyanı,Belge içeriği ve kanıt paketi envanteri karşılaştırıldı,52,79f2b0452e37bb877e688d349abc0ca8cd32a32086aa934ba6ba3f874037088a,F28,,,TODO:45,Beyan özgün kabulün yerine kullanılamaz. Ayrı reviewer/changed-files eksik; P07+ canonical manifest/raw test output da eksik.
evidence/v1/P10/P10.3-execution-record.md,AI uygulama/gate beyanı,Belge içeriği ve kanıt paketi envanteri karşılaştırıldı,40,6a8758d71eeb2c7e804281ed06dbb47ecaa2cea22d696d2c7ad5ba15b7f5ed26,F28,,,,Beyan özgün kabulün yerine kullanılamaz. Ayrı reviewer/changed-files eksik; P07+ canonical manifest/raw test output da eksik.
evidence/v1/P10/P10.4-execution-record.md,AI uygulama/gate beyanı,Belge içeriği ve kanıt paketi envanteri karşılaştırıldı,44,6ea3751dcfa4b388a0e5f42e8129ef3ab6894ab99fb282bd927dda969a72a605,F28,,,,Beyan özgün kabulün yerine kullanılamaz. Ayrı reviewer/changed-files eksik; P07+ canonical manifest/raw test output da eksik.
evidence/v1/P10/P10.5-execution-record.md,AI uygulama/gate beyanı,Belge içeriği ve kanıt paketi envanteri karşılaştırıldı,44,7c59efcf0da2ec3e5ddef81e06c37b68baccbf20a06e0cafe8683056ac640037,F28,,,"TODO:13,22,23,25,30,38",Beyan özgün kabulün yerine kullanılamaz. Ayrı reviewer/changed-files eksik; P07+ canonical manifest/raw test output da eksik.
evidence/v1/P10/P10.6-execution-record.md,AI uygulama/gate beyanı,Belge içeriği ve kanıt paketi envanteri karşılaştırıldı,37,a8f62909b163cfc71f63a2685ad4ec463802fc05dcc92f166d326a2c19c340c8,F28,,,"TODO:19,23,24,33",Beyan özgün kabulün yerine kullanılamaz. Ayrı reviewer/changed-files eksik; P07+ canonical manifest/raw test output da eksik.
evidence/v1/P10/P10.7-execution-record.md,AI uygulama/gate beyanı,Belge içeriği ve kanıt paketi envanteri karşılaştırıldı,37,ab9833f71e7fbdd2815978487690f9a2386adb7aa10dcba5062126ea93eaed83,F28,,,"Simulation:35; TODO:12,13",Beyan özgün kabulün yerine kullanılamaz. Ayrı reviewer/changed-files eksik; P07+ canonical manifest/raw test output da eksik.
evidence/v1/P10/gate-decision.md,AI uygulama/gate beyanı,Belge içeriği ve kanıt paketi envanteri karşılaştırıldı,54,73677860229fd9c30ebbc4642d48141db9ac172dd0e40168921730121123bc2d,F28,,,"TODO:36,37",Beyan özgün kabulün yerine kullanılamaz. Ayrı reviewer/changed-files eksik; P07+ canonical manifest/raw test output da eksik.
evidence/v1/P11/P11.1-execution-record.md,AI uygulama/gate beyanı,Belge içeriği ve kanıt paketi envanteri karşılaştırıldı,106,b6e43ee7babe4473dde88e4a73f0362d603980b5614e15affe8163d7125960e8,F28,,,TODO:18,Beyan özgün kabulün yerine kullanılamaz. Ayrı reviewer/changed-files eksik; P07+ canonical manifest/raw test output da eksik.
evidence/v1/P11/P11.2-execution-record.md,AI uygulama/gate beyanı,Belge içeriği ve kanıt paketi envanteri karşılaştırıldı,95,85f09c2345132dfe68581c85c942c822746932d4306d1209e400c4fe5ac73d1b,F28,,,Simulation:29; TODO:16,Beyan özgün kabulün yerine kullanılamaz. Ayrı reviewer/changed-files eksik; P07+ canonical manifest/raw test output da eksik.
evidence/v1/P11/P11.3-execution-record.md,AI uygulama/gate beyanı,Belge içeriği ve kanıt paketi envanteri karşılaştırıldı,82,7049f3b0c51bfc6f579550af25070badc5a2c1209686e3febd1cb3ef2911764a,F28,,,,Beyan özgün kabulün yerine kullanılamaz. Ayrı reviewer/changed-files eksik; P07+ canonical manifest/raw test output da eksik.
evidence/v1/P11/P11.4-execution-record.md,AI uygulama/gate beyanı,Belge içeriği ve kanıt paketi envanteri karşılaştırıldı,80,e5f920c8d47ef121486ae9c858b8ffd3472028f4f29ab76efcf9e8ce0222c91a,F28,,,,Beyan özgün kabulün yerine kullanılamaz. Ayrı reviewer/changed-files eksik; P07+ canonical manifest/raw test output da eksik.
evidence/v1/P11/P11.5-execution-record.md,AI uygulama/gate beyanı,Belge içeriği ve kanıt paketi envanteri karşılaştırıldı,84,8796edd550a3a35ed96bc124409b6e106d8f89f02493b4853d8bce2f874184cb,F28,,,TODO:30,Beyan özgün kabulün yerine kullanılamaz. Ayrı reviewer/changed-files eksik; P07+ canonical manifest/raw test output da eksik.
evidence/v1/P11/P11.6-execution-record.md,AI uygulama/gate beyanı,Belge içeriği ve kanıt paketi envanteri karşılaştırıldı,89,a6282d28df8751a3fae85aeff65a0e31b82b84371da932c2d01074abe2832f22,F28,,,,Beyan özgün kabulün yerine kullanılamaz. Ayrı reviewer/changed-files eksik; P07+ canonical manifest/raw test output da eksik.
evidence/v1/P11/P11.7-execution-record.md,AI uygulama/gate beyanı,Belge içeriği ve kanıt paketi envanteri karşılaştırıldı,87,00335773d2b10cf5d4a7a4d4dc1681df186620ec9c9c3780e360639d7f354f91,F28,,,Simulation:27,Beyan özgün kabulün yerine kullanılamaz. Ayrı reviewer/changed-files eksik; P07+ canonical manifest/raw test output da eksik.
evidence/v1/P11/gate-decision.md,AI uygulama/gate beyanı,Belge içeriği ve kanıt paketi envanteri karşılaştırıldı,56,b8857f3934ad3255cef42f510d194076a32054bb8fa7ce242ad3274ff5ab6293,F28,,,"Simulation:18,20; TODO:38",Beyan özgün kabulün yerine kullanılamaz. Ayrı reviewer/changed-files eksik; P07+ canonical manifest/raw test output da eksik.
evidence/v1/P12/P12.1-execution-record.md,AI uygulama/gate beyanı,Belge içeriği ve kanıt paketi envanteri karşılaştırıldı,93,f97d9c3f2949c0ff755d91b1bd03df555f1ce7778a7a3ddb59974246d078b9dc,F28,,,,Beyan özgün kabulün yerine kullanılamaz. Ayrı reviewer/changed-files eksik; P07+ canonical manifest/raw test output da eksik.
evidence/v1/P12/P12.2-execution-record.md,AI uygulama/gate beyanı,Belge içeriği ve kanıt paketi envanteri karşılaştırıldı,99,293cedc2182704fc3afedfafe627eda382e8f054ae4ea327791c7dd1ef19b888,F28,,,Simulation:25,Beyan özgün kabulün yerine kullanılamaz. Ayrı reviewer/changed-files eksik; P07+ canonical manifest/raw test output da eksik.
evidence/v1/P12/P12.3-execution-record.md,AI uygulama/gate beyanı,Belge içeriği ve kanıt paketi envanteri karşılaştırıldı,92,6bf54281c2bcabb7920370ededb5db4dfc5963d818a9b21d442be4d44cdf37d1,F28,,,,Beyan özgün kabulün yerine kullanılamaz. Ayrı reviewer/changed-files eksik; P07+ canonical manifest/raw test output da eksik.
evidence/v1/P12/P12.4-execution-record.md,AI uygulama/gate beyanı,Belge içeriği ve kanıt paketi envanteri karşılaştırıldı,92,42867e107e159b605380b59751677297bef1784ee2eba3a27608e417e635ebe0,F27 F28,,,Domain SQL:12,Beyan özgün kabulün yerine kullanılamaz. Ayrı reviewer/changed-files eksik; P07+ canonical manifest/raw test output da eksik.
evidence/v1/P12/P12.5-execution-record.md,AI uygulama/gate beyanı,Belge içeriği ve kanıt paketi envanteri karşılaştırıldı,89,9e512a35b5bfd54b02e7529890793ef8a3f4bc666446321472f1f8d0dbbe5754,F28,,,,Beyan özgün kabulün yerine kullanılamaz. Ayrı reviewer/changed-files eksik; P07+ canonical manifest/raw test output da eksik.
evidence/v1/P12/P12.6-execution-record.md,AI uygulama/gate beyanı,Belge içeriği ve kanıt paketi envanteri karşılaştırıldı,86,43c0ef66d563004a2578cd8b4d145bb7f173fd42f4d0d2502de03599f5c17731,F28,,,,Beyan özgün kabulün yerine kullanılamaz. Ayrı reviewer/changed-files eksik; P07+ canonical manifest/raw test output da eksik.
evidence/v1/P12/P12.7-execution-record.md,AI uygulama/gate beyanı,Belge içeriği ve kanıt paketi envanteri karşılaştırıldı,87,6e54fd362b98da53692b3b9d84b64ba6b71e6dee6544a807016d59d67f178149,F28,,,Simulation:17,Beyan özgün kabulün yerine kullanılamaz. Ayrı reviewer/changed-files eksik; P07+ canonical manifest/raw test output da eksik.
evidence/v1/P12/P12.8-execution-record.md,AI uygulama/gate beyanı,Belge içeriği ve kanıt paketi envanteri karşılaştırıldı,89,ad2f71cc8dcc7bb9fdb41dbb028d2950d2af44f8ecc4a3b11210e8e5d438d8dd,F28,,,,Beyan özgün kabulün yerine kullanılamaz. Ayrı reviewer/changed-files eksik; P07+ canonical manifest/raw test output da eksik.
evidence/v1/P12/gate-decision.md,AI uygulama/gate beyanı,Belge içeriği ve kanıt paketi envanteri karşılaştırıldı,69,f55acc79b7b67fc6f847da1d525a90f9b31024703a127b15d54f4425b55f5c25,F28,,,,Beyan özgün kabulün yerine kullanılamaz. Ayrı reviewer/changed-files eksik; P07+ canonical manifest/raw test output da eksik.
evidence/v1/P13/P13.1-execution-record.md,AI uygulama/gate beyanı,Belge içeriği ve kanıt paketi envanteri karşılaştırıldı,86,f798caad6c5a3acf87fa27f3e2e870c588c7aecb9acb6cd27d3dbf94b181f99c,F28,,,,Beyan özgün kabulün yerine kullanılamaz. Ayrı reviewer/changed-files eksik; P07+ canonical manifest/raw test output da eksik.
evidence/v1/P13/P13.2-execution-record.md,AI uygulama/gate beyanı,Belge içeriği ve kanıt paketi envanteri karşılaştırıldı,86,c51d72c3e02afd8a389582f84c850e99a01ef187df849a52a0d2123d1e730b32,F28,,,Domain SQL:21,Beyan özgün kabulün yerine kullanılamaz. Ayrı reviewer/changed-files eksik; P07+ canonical manifest/raw test output da eksik.
evidence/v1/P13/P13.3-execution-record.md,AI uygulama/gate beyanı,Belge içeriği ve kanıt paketi envanteri karşılaştırıldı,94,fa0e89c7b5288d868173e7ecdbffe0fd99846422f6fd9c8e16008b5d85f743f9,F28,,,"Simulation:27,46",Beyan özgün kabulün yerine kullanılamaz. Ayrı reviewer/changed-files eksik; P07+ canonical manifest/raw test output da eksik.
evidence/v1/P13/P13.4-execution-record.md,AI uygulama/gate beyanı,Belge içeriği ve kanıt paketi envanteri karşılaştırıldı,74,59f5f94c359c7c4f84f5d9a38f0b7871aaa9d5e5929c0ba676f29f3e85843b1e,F28,,,,Beyan özgün kabulün yerine kullanılamaz. Ayrı reviewer/changed-files eksik; P07+ canonical manifest/raw test output da eksik.
evidence/v1/P13/P13.5-execution-record.md,AI uygulama/gate beyanı,Belge içeriği ve kanıt paketi envanteri karşılaştırıldı,84,31cc74e0eb23421cdfe734342802271f1e9dbd9ab89d46cda1bb25d09211509b,F28,,,,Beyan özgün kabulün yerine kullanılamaz. Ayrı reviewer/changed-files eksik; P07+ canonical manifest/raw test output da eksik.
evidence/v1/P13/P13.6-execution-record.md,AI uygulama/gate beyanı,Belge içeriği ve kanıt paketi envanteri karşılaştırıldı,90,2b5058693bc13096dfd0a4449b37cd87fa2d414048c58e2bc07ef61719e238e0,F28,,,Simulation:40,Beyan özgün kabulün yerine kullanılamaz. Ayrı reviewer/changed-files eksik; P07+ canonical manifest/raw test output da eksik.
evidence/v1/P13/P13.7-execution-record.md,AI uygulama/gate beyanı,Belge içeriği ve kanıt paketi envanteri karşılaştırıldı,79,df48d1b158d8ef283dda24d02d542a194f210cccc4db579b97f0b557e8f517e2,F28,,,TODO:14,Beyan özgün kabulün yerine kullanılamaz. Ayrı reviewer/changed-files eksik; P07+ canonical manifest/raw test output da eksik.
evidence/v1/P13/P13.8-execution-record.md,AI uygulama/gate beyanı,Belge içeriği ve kanıt paketi envanteri karşılaştırıldı,78,43f5bace8a6a3cc9eb741b3c4b337d45fe14efbbed5d3b2f6a2da9a8a7c57e13,F28,,,"TODO:12,14,16,17,29,30",Beyan özgün kabulün yerine kullanılamaz. Ayrı reviewer/changed-files eksik; P07+ canonical manifest/raw test output da eksik.
evidence/v1/P13/P13.9-execution-record.md,AI uygulama/gate beyanı,Belge içeriği ve kanıt paketi envanteri karşılaştırıldı,97,6de04dae4813203bbf6b3cd357cf217cb8303adca7eddde28bce648d01af9a1a,F28,,,,Beyan özgün kabulün yerine kullanılamaz. Ayrı reviewer/changed-files eksik; P07+ canonical manifest/raw test output da eksik.
evidence/v1/P13/gate-decision.md,AI uygulama/gate beyanı,Belge içeriği ve kanıt paketi envanteri karşılaştırıldı,84,67875bb84cef6d06d66b5dcbfb4dffe1b02a7ae9913b8131f57b94e17287f52b,F28,,,"Simulation:27,44",Beyan özgün kabulün yerine kullanılamaz. Ayrı reviewer/changed-files eksik; P07+ canonical manifest/raw test output da eksik.
evidence/v1/P14/P14.1-execution-record.md,AI uygulama/gate beyanı,Belge içeriği ve kanıt paketi envanteri karşılaştırıldı,114,7263e6f5f9a7557d5091cb93bb9e6708403e7e9c70cb66118f8222d781d881f9,F28,,,TODO:22,Beyan özgün kabulün yerine kullanılamaz. Ayrı reviewer/changed-files eksik; P07+ canonical manifest/raw test output da eksik.
evidence/v1/P14/P14.2-execution-record.md,AI uygulama/gate beyanı,Belge içeriği ve kanıt paketi envanteri karşılaştırıldı,118,ee5c6a1e0c5eb5519c0201790bb27bbcb7ea5dd49afae2501908e78607dcd3c3,F28,,,TODO:24,Beyan özgün kabulün yerine kullanılamaz. Ayrı reviewer/changed-files eksik; P07+ canonical manifest/raw test output da eksik.
evidence/v1/P14/P14.3-execution-record.md,AI uygulama/gate beyanı,Belge içeriği ve kanıt paketi envanteri karşılaştırıldı,103,14022c47f0f2b020bbb6235936afa8e9be099888d23dc1fb4a697410ff1f3aa2,F28,,,,Beyan özgün kabulün yerine kullanılamaz. Ayrı reviewer/changed-files eksik; P07+ canonical manifest/raw test output da eksik.
evidence/v1/P14/P14.4-execution-record.md,AI uygulama/gate beyanı,Belge içeriği ve kanıt paketi envanteri karşılaştırıldı,111,d7d0edd95a85678a70b5a57fa47d6f359a77f7b9305a6d799f80ce2ab47da26a,F28,,,,Beyan özgün kabulün yerine kullanılamaz. Ayrı reviewer/changed-files eksik; P07+ canonical manifest/raw test output da eksik.
evidence/v1/P14/P14.5-execution-record.md,AI uygulama/gate beyanı,Belge içeriği ve kanıt paketi envanteri karşılaştırıldı,104,c51556cb9118df74f19b3e6b4441ed83f9a44e5d210c11d741ad6a67828371e5,F28,,,"TODO:21,42",Beyan özgün kabulün yerine kullanılamaz. Ayrı reviewer/changed-files eksik; P07+ canonical manifest/raw test output da eksik.
evidence/v1/P14/P14.6-execution-record.md,AI uygulama/gate beyanı,Belge içeriği ve kanıt paketi envanteri karşılaştırıldı,106,752558766513075e59c73070cde9097bc2294f8b78c522928295cfe0f92f30c0,F28,,,,Beyan özgün kabulün yerine kullanılamaz. Ayrı reviewer/changed-files eksik; P07+ canonical manifest/raw test output da eksik.
evidence/v1/P14/P14.7-execution-record.md,AI uygulama/gate beyanı,Belge içeriği ve kanıt paketi envanteri karşılaştırıldı,106,a9f918798519ca4878ed6a57265c983c8d9e06983710a3b394afeaf5671ac617,F28,,,,Beyan özgün kabulün yerine kullanılamaz. Ayrı reviewer/changed-files eksik; P07+ canonical manifest/raw test output da eksik.
evidence/v1/P14/P14.8-execution-record.md,AI uygulama/gate beyanı,Belge içeriği ve kanıt paketi envanteri karşılaştırıldı,109,04d3e6b6a0bb78739ce241026c4b09958cf022b44ebde174a67c1ab18829d608,F28,,,Domain SQL:38,Beyan özgün kabulün yerine kullanılamaz. Ayrı reviewer/changed-files eksik; P07+ canonical manifest/raw test output da eksik.
evidence/v1/P14/P14.9-execution-record.md,AI uygulama/gate beyanı,Belge içeriği ve kanıt paketi envanteri karşılaştırıldı,103,94f535ace255628319e44ac7648db9f9846b3bf3d454c09d54a23e9d52c35c1a,F28,,,,Beyan özgün kabulün yerine kullanılamaz. Ayrı reviewer/changed-files eksik; P07+ canonical manifest/raw test output da eksik.
evidence/v1/P14/gate-decision.md,AI uygulama/gate beyanı,Belge içeriği ve kanıt paketi envanteri karşılaştırıldı,77,87942fe88d5baecf56dd60750aea5e7b273b42a2393c26f607b26b4b834719fd,F28,,,,Beyan özgün kabulün yerine kullanılamaz. Ayrı reviewer/changed-files eksik; P07+ canonical manifest/raw test output da eksik.
evidence/v1/P15/P15.1-execution-record.md,AI uygulama/gate beyanı,Belge içeriği ve kanıt paketi envanteri karşılaştırıldı,99,0f81944e5e5845f7ea4c158727e6e997bfb53c1619b4272091a5a3cbe00a8a8b,F28,,,TODO:39,Beyan özgün kabulün yerine kullanılamaz. Ayrı reviewer/changed-files eksik; P07+ canonical manifest/raw test output da eksik.
evidence/v1/P15/P15.2-execution-record.md,AI uygulama/gate beyanı,Belge içeriği ve kanıt paketi envanteri karşılaştırıldı,92,7c5382a805e3f99d85e2780aefdf1865eebed0cc71f7c675ed8ab5b53ba5c931,F28,,,,Beyan özgün kabulün yerine kullanılamaz. Ayrı reviewer/changed-files eksik; P07+ canonical manifest/raw test output da eksik.
evidence/v1/P15/P15.3-execution-record.md,AI uygulama/gate beyanı,Belge içeriği ve kanıt paketi envanteri karşılaştırıldı,100,f96dab50a163e04158c64b6d0de5184ee6f80abe0a3a40add1a4362b59309882,F28,,,,Beyan özgün kabulün yerine kullanılamaz. Ayrı reviewer/changed-files eksik; P07+ canonical manifest/raw test output da eksik.
evidence/v1/P15/P15.4-execution-record.md,AI uygulama/gate beyanı,Belge içeriği ve kanıt paketi envanteri karşılaştırıldı,89,78ee16fb59072161486f05fc4bf6e66359eb69f48e726d7043d596a5f9e366d0,F28,,,,Beyan özgün kabulün yerine kullanılamaz. Ayrı reviewer/changed-files eksik; P07+ canonical manifest/raw test output da eksik.
evidence/v1/P15/P15.5-execution-record.md,AI uygulama/gate beyanı,Belge içeriği ve kanıt paketi envanteri karşılaştırıldı,104,6c4c85e039a1d4123b850e70da547bd081aefec395392ba1154cf6433df66c74,F28,,,,Beyan özgün kabulün yerine kullanılamaz. Ayrı reviewer/changed-files eksik; P07+ canonical manifest/raw test output da eksik.
evidence/v1/P15/P15.6-execution-record.md,AI uygulama/gate beyanı,Belge içeriği ve kanıt paketi envanteri karşılaştırıldı,47,66d05579d8b8d8afa78b133ef96eee768c02a5af5ceb3e43c19af6bed98cc3a2,F28,,,,Beyan özgün kabulün yerine kullanılamaz. Ayrı reviewer/changed-files eksik; P07+ canonical manifest/raw test output da eksik.
evidence/v1/P15/P15.7-execution-record.md,AI uygulama/gate beyanı,Belge içeriği ve kanıt paketi envanteri karşılaştırıldı,64,210f113e8e0073b2e5da897f937575bc4b04f8a6708a8a23384b9daaeb091f59,F28,,,,Beyan özgün kabulün yerine kullanılamaz. Ayrı reviewer/changed-files eksik; P07+ canonical manifest/raw test output da eksik.
evidence/v1/P15/P15.8-execution-record.md,AI uygulama/gate beyanı,Belge içeriği ve kanıt paketi envanteri karşılaştırıldı,56,5892992ca597ff31781af0978734eacceca49382126f5b3f0d56045fbcbe3ece,F28,,,,Beyan özgün kabulün yerine kullanılamaz. Ayrı reviewer/changed-files eksik; P07+ canonical manifest/raw test output da eksik.
evidence/v1/P15/gate-decision.md,AI uygulama/gate beyanı,Belge içeriği ve kanıt paketi envanteri karşılaştırıldı,72,8f8bc130fb1ef5f59ec868792d393514de5e7846401ec022defb1df911df5524,F28,,,,Beyan özgün kabulün yerine kullanılamaz. Ayrı reviewer/changed-files eksik; P07+ canonical manifest/raw test output da eksik.
evidence/v1/P16/P16.1-execution-record.md,AI uygulama/gate beyanı,Belge içeriği ve kanıt paketi envanteri karşılaştırıldı,82,a706a177055bc40192290008f087b150d459d0ba6aa8e0fba22e18d571690cab,F28,,,,Beyan özgün kabulün yerine kullanılamaz. Ayrı reviewer/changed-files eksik; P07+ canonical manifest/raw test output da eksik.
evidence/v1/P16/P16.10-execution-record.md,AI uygulama/gate beyanı,Belge içeriği ve kanıt paketi envanteri karşılaştırıldı,64,8d5a3e3d49982a171fbc30e1d001989756cfb43021534704c186b0a70f1f3480,F28,,,,Beyan özgün kabulün yerine kullanılamaz. Ayrı reviewer/changed-files eksik; P07+ canonical manifest/raw test output da eksik.
evidence/v1/P16/P16.2-execution-record.md,AI uygulama/gate beyanı,Belge içeriği ve kanıt paketi envanteri karşılaştırıldı,55,38018724cf0f7c5ba20aeb9b3d093f9a9151dbdbc5c59dc5d3a86904fee04131,F28,,,,Beyan özgün kabulün yerine kullanılamaz. Ayrı reviewer/changed-files eksik; P07+ canonical manifest/raw test output da eksik.
evidence/v1/P16/P16.3-execution-record.md,AI uygulama/gate beyanı,Belge içeriği ve kanıt paketi envanteri karşılaştırıldı,62,19b3d06a97ee67d8747fd92884f4b3a8084c94d027a6d7ec0c7d0a36a7595793,F28,,,TODO:52,Beyan özgün kabulün yerine kullanılamaz. Ayrı reviewer/changed-files eksik; P07+ canonical manifest/raw test output da eksik.
evidence/v1/P16/P16.4-execution-record.md,AI uygulama/gate beyanı,Belge içeriği ve kanıt paketi envanteri karşılaştırıldı,55,749f8309d5127fedc6c3448e134fc9b3c72d1b2c53f560f917478c75d5364905,F28,,,SQLite syntax:16; Domain SQL:44,Beyan özgün kabulün yerine kullanılamaz. Ayrı reviewer/changed-files eksik; P07+ canonical manifest/raw test output da eksik.
evidence/v1/P16/P16.5-execution-record.md,AI uygulama/gate beyanı,Belge içeriği ve kanıt paketi envanteri karşılaştırıldı,69,96aea61d76a31676c403e96ddb427b47360ba1942f9bcfc2a3c7491720b70155,F28,,,,Beyan özgün kabulün yerine kullanılamaz. Ayrı reviewer/changed-files eksik; P07+ canonical manifest/raw test output da eksik.
evidence/v1/P16/P16.6-execution-record.md,AI uygulama/gate beyanı,Belge içeriği ve kanıt paketi envanteri karşılaştırıldı,67,f88bafcb7a05d91e35ccc74b2d60cd4596c2730f15258e1af0107032964fe0b2,F28,,,,Beyan özgün kabulün yerine kullanılamaz. Ayrı reviewer/changed-files eksik; P07+ canonical manifest/raw test output da eksik.
evidence/v1/P16/P16.7-execution-record.md,AI uygulama/gate beyanı,Belge içeriği ve kanıt paketi envanteri karşılaştırıldı,61,348161c7c356e425b2c9d3f0d20a8cf596cd724b17253f075e9bddce9e4b2ade,F28,,,,Beyan özgün kabulün yerine kullanılamaz. Ayrı reviewer/changed-files eksik; P07+ canonical manifest/raw test output da eksik.
evidence/v1/P16/P16.8-execution-record.md,AI uygulama/gate beyanı,Belge içeriği ve kanıt paketi envanteri karşılaştırıldı,58,e1782f5fae4f6540f08f9945aa424756bac5fab3b251bf053f3e1cf81d350540,F28,,,,Beyan özgün kabulün yerine kullanılamaz. Ayrı reviewer/changed-files eksik; P07+ canonical manifest/raw test output da eksik.
evidence/v1/P16/P16.9-execution-record.md,AI uygulama/gate beyanı,Belge içeriği ve kanıt paketi envanteri karşılaştırıldı,64,2b99f697a2c41061957289689b4ddbaa838261dacb8e14e0d4037c8267fee5e0,F28,,,TODO:26,Beyan özgün kabulün yerine kullanılamaz. Ayrı reviewer/changed-files eksik; P07+ canonical manifest/raw test output da eksik.
evidence/v1/P16/gate-decision.md,AI uygulama/gate beyanı,Belge içeriği ve kanıt paketi envanteri karşılaştırıldı,88,cc07ce92d4764702956985c61cc2474cd4950385709f90567c8a7159e92e2bbe,F28,,,,Beyan özgün kabulün yerine kullanılamaz. Ayrı reviewer/changed-files eksik; P07+ canonical manifest/raw test output da eksik.
evidence/v1/P17/P17.1-execution-record.md,AI uygulama/gate beyanı,Belge içeriği ve kanıt paketi envanteri karşılaştırıldı,97,cbddc6909ae8a701323f549af750484ee167f83d6250cdad49e92aafd4ad8a68,F28,,,,Beyan özgün kabulün yerine kullanılamaz. Ayrı reviewer/changed-files eksik; P07+ canonical manifest/raw test output da eksik.
evidence/v1/P17/P17.2-execution-record.md,AI uygulama/gate beyanı,Belge içeriği ve kanıt paketi envanteri karşılaştırıldı,45,b79f82095ddfef89ac132c81a8bd0c5afbb9e23410604dbd059a65bb177e483f,F28,,,Domain SQL:12,Beyan özgün kabulün yerine kullanılamaz. Ayrı reviewer/changed-files eksik; P07+ canonical manifest/raw test output da eksik.
evidence/v1/P17/P17.3-execution-record.md,AI uygulama/gate beyanı,Belge içeriği ve kanıt paketi envanteri karşılaştırıldı,45,910abfd97fb3c9afd9ab9095d1f730850ab0173cfd033918e1e6c71aad86ff1a,F28,,,"Domain SQL:1,5,12,33",Beyan özgün kabulün yerine kullanılamaz. Ayrı reviewer/changed-files eksik; P07+ canonical manifest/raw test output da eksik.
evidence/v1/P17/P17.4-execution-record.md,AI uygulama/gate beyanı,Belge içeriği ve kanıt paketi envanteri karşılaştırıldı,42,efa18c80f3dca22ec2b563a98d27c088ba5774ac605cad553fbaf17d9f789dec,F28,,,"Domain SQL:1,5,12,16,26,28",Beyan özgün kabulün yerine kullanılamaz. Ayrı reviewer/changed-files eksik; P07+ canonical manifest/raw test output da eksik.
evidence/v1/P17/P17.5-execution-record.md,AI uygulama/gate beyanı,Belge içeriği ve kanıt paketi envanteri karşılaştırıldı,53,4ee45242857f40245e8c1d8960727976c15d744ca4b27ccbdbf768df49a1f3ea,F28,,,,Beyan özgün kabulün yerine kullanılamaz. Ayrı reviewer/changed-files eksik; P07+ canonical manifest/raw test output da eksik.
evidence/v1/P17/P17.6-execution-record.md,AI uygulama/gate beyanı,Belge içeriği ve kanıt paketi envanteri karşılaştırıldı,40,8415c2ab601cb8e859dca77be6e25b61b0864364d1701af8fc99a07b83b7082a,F28,,,,Beyan özgün kabulün yerine kullanılamaz. Ayrı reviewer/changed-files eksik; P07+ canonical manifest/raw test output da eksik.
evidence/v1/P17/P17.7-execution-record.md,AI uygulama/gate beyanı,Belge içeriği ve kanıt paketi envanteri karşılaştırıldı,41,d70b32cd8ca6e5853a069712fa1d2e3db9c47741f1fbdbf12a7a4b014c813cee,F28,,,,Beyan özgün kabulün yerine kullanılamaz. Ayrı reviewer/changed-files eksik; P07+ canonical manifest/raw test output da eksik.
evidence/v1/P17/P17.8-execution-record.md,AI uygulama/gate beyanı,Belge içeriği ve kanıt paketi envanteri karşılaştırıldı,45,1275c0d60a9e0592c1f8dd10721a627a309ceaeb85cac2a24f47cb89b8763552,F28,,,,Beyan özgün kabulün yerine kullanılamaz. Ayrı reviewer/changed-files eksik; P07+ canonical manifest/raw test output da eksik.
evidence/v1/P17/P17.9-execution-record.md,AI uygulama/gate beyanı,Belge içeriği ve kanıt paketi envanteri karşılaştırıldı,40,6e83a14c1d7f24e253195cd6ff2ae12a8a7ec27e445fac8aa78c70c0fca89c40,F28,,,"Domain SQL:13,21,28",Beyan özgün kabulün yerine kullanılamaz. Ayrı reviewer/changed-files eksik; P07+ canonical manifest/raw test output da eksik.
evidence/v1/P17/gate-decision.md,AI uygulama/gate beyanı,Belge içeriği ve kanıt paketi envanteri karşılaştırıldı,77,f037485fbf5b9e06d7aec960d113b899c45485d08343f92819282d459d68c873,F28,,,"TODO:14; Domain SQL:20,24,27,28,31,33,61",Beyan özgün kabulün yerine kullanılamaz. Ayrı reviewer/changed-files eksik; P07+ canonical manifest/raw test output da eksik.
evidence/v1/P18/P18.1-execution-record.md,AI uygulama/gate beyanı,Belge içeriği ve kanıt paketi envanteri karşılaştırıldı,117,e799d9788b51e15ee4a8176045edf6771a9ea586cbc2b27c300c0452c7738328,F28,,,,Beyan özgün kabulün yerine kullanılamaz. Ayrı reviewer/changed-files eksik; P07+ canonical manifest/raw test output da eksik.
evidence/v1/P18/P18.10-execution-record.md,AI uygulama/gate beyanı,Belge içeriği ve kanıt paketi envanteri karşılaştırıldı,78,f347c66778c86254b14a6635324ceb5f53cecb0a38dac50a30092eb43c1ddb9c,F28,,,,Beyan özgün kabulün yerine kullanılamaz. Ayrı reviewer/changed-files eksik; P07+ canonical manifest/raw test output da eksik.
evidence/v1/P18/P18.2-execution-record.md,AI uygulama/gate beyanı,Belge içeriği ve kanıt paketi envanteri karşılaştırıldı,94,3757fda17d4ff63cb8161265e164407299d3796a6cf931e12c7fcf3fc35173aa,F28,,,"Domain SQL:17,32",Beyan özgün kabulün yerine kullanılamaz. Ayrı reviewer/changed-files eksik; P07+ canonical manifest/raw test output da eksik.
evidence/v1/P18/P18.3-execution-record.md,AI uygulama/gate beyanı,Belge içeriği ve kanıt paketi envanteri karşılaştırıldı,95,d7affd9e1566cb47acceea974718d5d75e847f9409f53990f77ab8dac541f724,F28,,,,Beyan özgün kabulün yerine kullanılamaz. Ayrı reviewer/changed-files eksik; P07+ canonical manifest/raw test output da eksik.
evidence/v1/P18/P18.4-execution-record.md,AI uygulama/gate beyanı,Belge içeriği ve kanıt paketi envanteri karşılaştırıldı,120,e353eafcc365b544768664e8c272242996b99adcbfaca247bb071b3dd46267fe,F28,,,"TODO:13,15,30,48,49,71",Beyan özgün kabulün yerine kullanılamaz. Ayrı reviewer/changed-files eksik; P07+ canonical manifest/raw test output da eksik.
evidence/v1/P18/P18.5-execution-record.md,AI uygulama/gate beyanı,Belge içeriği ve kanıt paketi envanteri karşılaştırıldı,124,22ef57288cd95e03e2aaaf52947b07c084b995bef5949cd5effb66117ef423f5,F28,,,,Beyan özgün kabulün yerine kullanılamaz. Ayrı reviewer/changed-files eksik; P07+ canonical manifest/raw test output da eksik.
evidence/v1/P18/P18.6-execution-record.md,AI uygulama/gate beyanı,Belge içeriği ve kanıt paketi envanteri karşılaştırıldı,112,35a249d51a6f72b10dd29b49205d58cc946ecca373b976206c4eb4f0452b5da3,F28,,,,Beyan özgün kabulün yerine kullanılamaz. Ayrı reviewer/changed-files eksik; P07+ canonical manifest/raw test output da eksik.
evidence/v1/P18/P18.7-execution-record.md,AI uygulama/gate beyanı,Belge içeriği ve kanıt paketi envanteri karşılaştırıldı,74,cc4a030f0236b4bf4eae25869b5d9b2caf055e9226597fa0848f93c3780f7415,F28,,,,Beyan özgün kabulün yerine kullanılamaz. Ayrı reviewer/changed-files eksik; P07+ canonical manifest/raw test output da eksik.
evidence/v1/P18/P18.8-execution-record.md,AI uygulama/gate beyanı,Belge içeriği ve kanıt paketi envanteri karşılaştırıldı,82,6ae5c39f090b519c7bd34d71c2cbb8d0c8864e49c41b82943fb314c1769b9eab,F28,,,,Beyan özgün kabulün yerine kullanılamaz. Ayrı reviewer/changed-files eksik; P07+ canonical manifest/raw test output da eksik.
evidence/v1/P18/P18.9-execution-record.md,AI uygulama/gate beyanı,Belge içeriği ve kanıt paketi envanteri karşılaştırıldı,85,f9504f4fb9de6ce1c50bf832636064844e8c83d1283b6fe27b3f4e4d7bc563fe,F28,,,,Beyan özgün kabulün yerine kullanılamaz. Ayrı reviewer/changed-files eksik; P07+ canonical manifest/raw test output da eksik.
evidence/v1/P18/gate-decision.md,AI uygulama/gate beyanı,Belge içeriği ve kanıt paketi envanteri karşılaştırıldı,78,9e671480d53afc16677a88304b1092326b7c0369ff82fbd1bc7ab0b92a62941b,F28 F30,,,,Beyan özgün kabulün yerine kullanılamaz. Ayrı reviewer/changed-files eksik; P07+ canonical manifest/raw test output da eksik.
phpunit.xml,Yapılandırma / dağıtım / proje meta dosyası,Dosya içeriği statik tarandı,29,f8c0498a13c7fcb789d87fb742b74c9ddac0f61c8592d1880b6c381112ce3e84,F29,,,,Ana rapor ve mevcut runtime/package sözleşmesiyle birlikte değerlendirilir.
src/Api/Auth/ApiKeyService.php,Sınıf: ApiKeyService,Odaklı kod incelemesi / ana rapor bağlantısı,121,9e0eda565a198d35c6c43fa176a33f988db6815d2cfdf2cfafc125951b72505d,F23,tests/Unit/Api/ApiFoundationTest.php,__construct; ensureTable; createKey; authenticate,"DDL:27; SQLite syntax:22; Domain SQL:89,111","İşlevler: ensureTable, createKey, authenticate."
src/Api/Controllers/Commerce/InvoiceApiController.php,Sınıf: InvoiceApiController,Dosya içeriği otomatik statik tarandı; özel davranış kabulü verilmedi,114,007aca87b6727e2558bc628db74aad2bb684c231e2dbf3bab8870ae7d1cffd34,,tests/Unit/Api/CommerceApiAndApplicationLayerTest.php,__construct; create; show; list,,"İşlevler: create, show, list. Bu dosya için ana raporda ayrı bug atanmadı; hatasız veya production-ready onayı değildir."
src/Api/Controllers/Commerce/OrderApiController.php,Sınıf: OrderApiController,Odaklı kod incelemesi / ana rapor bağlantısı,125,ad5fff235d5c020c3cb153a786b42060e2468fc1a793f0586cba81eb3b8a6daf,F07,tests/Unit/Api/CommerceApiAndApplicationLayerTest.php,__construct; create; show; list; cancel,,"İşlevler: create, show, list, cancel."
src/Api/Controllers/Commerce/PaymentApiController.php,Sınıf: PaymentApiController,Odaklı kod incelemesi / ana rapor bağlantısı,164,b780047baf258e6ef7a8422307e5ccf198eac5e8c74c60bbd40ef37d887b7f9d,F05,tests/Unit/Api/CommerceApiAndApplicationLayerTest.php,__construct; checkout; submitManual; show; list; refund,,"İşlevler: checkout, submitManual, show, list, refund."
src/Api/Controllers/Commerce/QuoteApiController.php,Sınıf: QuoteApiController,Dosya içeriği otomatik statik tarandı; özel davranış kabulü verilmedi,59,868462e5c3aa76cbe52db46ac23b4fe8003524a788e1ad8aff51f08945b7d1cc,,tests/Unit/Api/CommerceApiAndApplicationLayerTest.php,__construct; show; accept,,"İşlevler: show, accept. Bu dosya için ana raporda ayrı bug atanmadı; hatasız veya production-ready onayı değildir."
src/Api/Docs/OpenApiGenerator.php,Sınıf: OpenApiGenerator,Dosya içeriği otomatik statik tarandı; özel davranış kabulü verilmedi,81,f1eb5a982695b188b6edbf8094992917f8bb8e72a6190bc25c68590c877117b7,,tests/Unit/Api/OpenApiAndApiLogsTest.php,__construct; addEndpoint; generate,,"İşlevler: addEndpoint, generate. Bu dosya için ana raporda ayrı bug atanmadı; hatasız veya production-ready onayı değildir."
src/Api/Logging/ApiRequestLogger.php,Sınıf: ApiRequestLogger,Dosya içeriği otomatik statik tarandı; özel davranış kabulü verilmedi,82,95b652823e5d1a4793585631dafd8669d6d6c3d934c0bf440e204108f1372967,,tests/Unit/Api/OpenApiAndApiLogsTest.php,__construct; ensureTable; log; getLogsForKey,DDL:26; SQLite syntax:21; Domain SQL:78,"İşlevler: ensureTable, log. Bu dosya için ana raporda ayrı bug atanmadı; hatasız veya production-ready onayı değildir."
src/Api/RateLimit/RateLimiter.php,Sınıf: RateLimiter,Dosya içeriği otomatik statik tarandı; özel davranış kabulü verilmedi,85,96c7188f86e98ac5f9ce2727fee95f2542742d076b1ba3faa6dd816956fe95bb,,tests/Unit/Api/ApiFoundationTest.php,__construct; ensureTable; hit,DDL:21; Domain SQL:42,"İşlevler: ensureTable, hit. Bu dosya için ana raporda ayrı bug atanmadı; hatasız veya production-ready onayı değildir."
src/Api/Response/ApiResponse.php,Sınıf: ApiResponse,Dosya içeriği otomatik statik tarandı; özel davranış kabulü verilmedi,77,7fe0e4d2f61e90912b735403024e4174ac939c98fb29548cd0e1cb4b41146511,,tests/Unit/Api/ApiFoundationTest.php,success; paginate; error,,"İşlevler: success, paginate, error. Bu dosya için ana raporda ayrı bug atanmadı; hatasız veya production-ready onayı değildir."
src/Application/Commerce/Invoices/CreateInvoiceCommand.php,Sınıf: CreateInvoiceCommand,Dosya içeriği otomatik statik tarandı; özel davranış kabulü verilmedi,24,e5198f13138456fb590c406b27ff0b291a6b70781880b31d3ca73bdf528f1754,,,__construct,,Bu dosya için ana raporda ayrı bug atanmadı; hatasız veya production-ready onayı değildir.
src/Application/Commerce/Invoices/InvoiceApplicationService.php,Sınıf: InvoiceApplicationService,Odaklı kod incelemesi / ana rapor bağlantısı,70,dad28b4825bdcef12b53c300d1989324b6d32a0bc9f11234ba20f2ef0f663d7b,F23,tests/Unit/Api/CommerceApiAndApplicationLayerTest.php,__construct; createInvoice; getInvoice; listUserInvoices,,"İşlevler: createInvoice, listUserInvoices."
src/Application/Commerce/Orders/CreateOrderCommand.php,Sınıf: CreateOrderCommand,Dosya içeriği otomatik statik tarandı; özel davranış kabulü verilmedi,21,fde72714b2319de36914f0f4fbbb9dfa166abd883b7eb6e5cba22cf1874deab3,,,__construct,,Bu dosya için ana raporda ayrı bug atanmadı; hatasız veya production-ready onayı değildir.
src/Application/Commerce/Orders/OrderApplicationService.php,Sınıf: OrderApplicationService,Dosya içeriği otomatik statik tarandı; özel davranış kabulü verilmedi,75,0174426114360b4a82cf89546758e8064643cab9cfd54c6fc9189dce4b32c137,,tests/Unit/Api/CommerceApiAndApplicationLayerTest.php,__construct; createOrder; getOrder; listUserOrders; cancelOrder,,"İşlevler: createOrder, listUserOrders, cancelOrder. Bu dosya için ana raporda ayrı bug atanmadı; hatasız veya production-ready onayı değildir."
src/Application/Commerce/Payments/InitiateCheckoutCommand.php,Sınıf: InitiateCheckoutCommand,Dosya içeriği otomatik statik tarandı; özel davranış kabulü verilmedi,23,bb56182714ed8ef5f142e79d15d8a2b88b105013971c1c29a83f71c528f9328d,,,__construct,,Bu dosya için ana raporda ayrı bug atanmadı; hatasız veya production-ready onayı değildir.
src/Application/Commerce/Payments/PaymentApplicationService.php,Sınıf: PaymentApplicationService,Odaklı kod incelemesi / ana rapor bağlantısı,173,8ba86ccde714d122cbc471c6a58467f6f72affe25f98cd03fccbfb11a14f2be2,F05,tests/Unit/Api/CommerceApiAndApplicationLayerTest.php,__construct; initiateCheckout; recordManualPayment; getPayment; listUserPayments; processRefund,,"İşlevler: initiateCheckout, recordManualPayment, listUserPayments, processRefund."
src/Application/Commerce/Payments/RecordManualPaymentCommand.php,Sınıf: RecordManualPaymentCommand,Dosya içeriği otomatik statik tarandı; özel davranış kabulü verilmedi,24,cb4f514b2a69df8b8c75ead49f0db182055c31011f6a0446323edbffa0fb7ff6,,,__construct,,Bu dosya için ana raporda ayrı bug atanmadı; hatasız veya production-ready onayı değildir.
src/Application/Commerce/Quotes/QuoteApplicationService.php,Sınıf: QuoteApplicationService,Dosya içeriği otomatik statik tarandı; özel davranış kabulü verilmedi,58,41862093f73e25a7e5e208ca2df9ca54481393f1df80921c3518e9d481e902db,,tests/Unit/Api/CommerceApiAndApplicationLayerTest.php,__construct; getQuote; acceptQuote,Runtime exception:51,İşlevler: acceptQuote. Bu dosya için ana raporda ayrı bug atanmadı; hatasız veya production-ready onayı değildir.
src/Domain/Abuse/AbuseCase.php,Sınıf: AbuseCase,Dosya içeriği otomatik statik tarandı; özel davranış kabulü verilmedi,180,ff820cc0426abe2954e3c42afb493a4b35adafc46eb28e51d3a5786f82281e73,,tests/Unit/Abuse/AbuseCaseTest.php,__construct; getId; getCaseNumber; getCategory; getSeverity; getStatus; getOrganizationId; getUserId; getReporterEmail; getReporterName; getResourceType; getResourceId; getResourceIdentifier; getSubject; getDescription; getEvidenceText; getEvidenceUrl; getDeadlineAt; getResolvedAt; getResolutionNotes; getCreatedAt; getUpdatedAt; isOverdue; toArray,,Bu dosya için ana raporda ayrı bug atanmadı; hatasız veya production-ready onayı değildir.
src/Domain/Abuse/AbuseCaseService.php,Sınıf: AbuseCaseService,Dosya içeriği otomatik statik tarandı; özel davranış kabulü verilmedi,490,e4457aaee07914da2802ff0e3609c121fb5d4dd076dce826bc7812ddb86eb0d7,,tests/Unit/Abuse/AbuseCaseTest.php,__construct; ensureTables; createCase; addMessage; resolveCase; dismissCase; suspendResourceAction; getOverdueCases; getCase; getCaseOrFail; getCaseByNumber; getCasesForResource; getCasesForUser; getCasesForOrganization; getMessages; generateCaseNumber; hydrateCase; hydrateMessage,"DDL:30,59; SQLite syntax:25; Domain SQL:207,218,248,274,300,331,346,364,379,399,414,428","İşlevler: ensureTables, createCase, addMessage, resolveCase, dismissCase, suspendResourceAction, generateCaseNumber, hydrateCase, hydrateMessage. Bu dosya için ana raporda ayrı bug atanmadı; hatasız veya production-ready onayı değildir."
src/Domain/Abuse/AbuseCaseStatus.php,Enum / state değerleri: AbuseCaseStatus,Dosya içeriği otomatik statik tarandı; özel davranış kabulü verilmedi,26,042126ec0be02e0c08c469507c06d9099d15ced2f36c978b5a38cdc948134491,,tests/Unit/Abuse/AbuseCaseTest.php,isOpen; isFinal,,Bu dosya için ana raporda ayrı bug atanmadı; hatasız veya production-ready onayı değildir.
src/Domain/Abuse/AbuseCategory.php,Enum / state değerleri: AbuseCategory,Dosya içeriği otomatik statik tarandı; özel davranış kabulü verilmedi,31,e489b7124ea9e31ad492788b47c8cd242660f74688900b97d181d6f15b1893b8,,tests/Unit/Abuse/AbuseCaseTest.php,getLabel,,Bu dosya için ana raporda ayrı bug atanmadı; hatasız veya production-ready onayı değildir.
src/Domain/Abuse/AbuseMessage.php,Sınıf: AbuseMessage,Dosya içeriği otomatik statik tarandı; özel davranış kabulü verilmedi,72,074831c32d26dfb347d1ace8a1bc8d55bc2daa6443793231d31fe22ae828f91f,,,__construct; getId; getCaseId; getAuthorType; getAuthorId; getMessage; isInternal; getCreatedAt; toArray,,Bu dosya için ana raporda ayrı bug atanmadı; hatasız veya production-ready onayı değildir.
src/Domain/Abuse/AbuseSeverity.php,Enum / state değerleri: AbuseSeverity,Dosya içeriği otomatik statik tarandı; özel davranış kabulü verilmedi,28,6650d19e9356ff4d8da63516466ddb83aafb9484c71547b3b0007f1c14ced569,,tests/Unit/Abuse/AbuseCaseTest.php,getDefaultDeadlineHours; isEmergency,,Bu dosya için ana raporda ayrı bug atanmadı; hatasız veya production-ready onayı değildir.
src/Domain/Analytics/Context/AnalyticsFreshnessService.php,Sınıf: AnalyticsFreshnessService,Dosya içeriği otomatik statik tarandı; özel davranış kabulü verilmedi,92,7fb61d3d4857d2282e57697b3cfcd7eb4f68403df6b4fa6ba73cdbad9b9442e2,,tests/Unit/Analytics/CurrencyTimezoneFreshnessTest.php,__construct; evaluateFreshness,"Domain SQL:30,66",İşlevler: evaluateFreshness. Bu dosya için ana raporda ayrı bug atanmadı; hatasız veya production-ready onayı değildir.
src/Domain/Analytics/Context/ConvertedAmountResult.php,Sınıf: ConvertedAmountResult,Dosya içeriği otomatik statik tarandı; özel davranış kabulü verilmedi,70,84cd04236db3b47c45769ce80bc91fab474d741ad5aaaf76209d910ab9e8a402,,,__construct; getOriginalAmount; getFromCurrency; getToCurrency; getConvertedAmount; getExchangeRateUsed; getRateDate; toArray; jsonSerialize,,Bu dosya için ana raporda ayrı bug atanmadı; hatasız veya production-ready onayı değildir.
src/Domain/Analytics/Context/CurrencyAnalyticsContext.php,Sınıf: CurrencyAnalyticsContext,Dosya içeriği otomatik statik tarandı; özel davranış kabulü verilmedi,110,93bb7bee056d16118bb3385912b12ab1b03a445d193122e6be144b53aa0549ed,,tests/Unit/Analytics/CurrencyTimezoneFreshnessTest.php,__construct; getBaseCurrency; registerHistoricalRate; convertHistorical; findClosestPriorRate,,"İşlevler: registerHistoricalRate, convertHistorical, findClosestPriorRate. Bu dosya için ana raporda ayrı bug atanmadı; hatasız veya production-ready onayı değildir."
src/Domain/Analytics/Context/DataFreshnessMetadata.php,Sınıf: DataFreshnessMetadata,Dosya içeriği otomatik statik tarandı; özel davranış kabulü verilmedi,70,4d172250e943a78fe401facb3136f69fae0e656ccd8745e2aa4dc999ddbad17b,,,__construct; getAsOfTimestamp; getLastAggregatedAt; getLagSeconds; getStatus; isConsistent; getNotice; toArray; jsonSerialize,,Bu dosya için ana raporda ayrı bug atanmadı; hatasız veya production-ready onayı değildir.
src/Domain/Analytics/Context/DataFreshnessStatus.php,Enum / state değerleri: DataFreshnessStatus,Dosya içeriği otomatik statik tarandı; özel davranış kabulü verilmedi,13,abffce36577a9e514106e86e35738fe6b794c57a7acbc1e6795c1e4aa5927b14,,tests/Unit/Analytics/CurrencyTimezoneFreshnessTest.php,,,Bu dosya için ana raporda ayrı bug atanmadı; hatasız veya production-ready onayı değildir.
src/Domain/Analytics/Context/TimezoneAnalyticsContext.php,Sınıf: TimezoneAnalyticsContext,Dosya içeriği otomatik statik tarandı; özel davranış kabulü verilmedi,72,dee7cacb094ba079fdff7ec2b7089ac7136a6c9838ef9521a21d69f943607532,,tests/Unit/Analytics/CurrencyTimezoneFreshnessTest.php,__construct; getReportingTimezone; getUtcWindowForDate; getUtcWindowForRange; formatInReportingTimezone,,İşlevler: formatInReportingTimezone. Bu dosya için ana raporda ayrı bug atanmadı; hatasız veya production-ready onayı değildir.
src/Domain/Analytics/Dashboards/DashboardService.php,Sınıf: DashboardService,Dosya içeriği otomatik statik tarandı; özel davranış kabulü verilmedi,273,9899c8397e1f38f9a78b9abbf1cafe97a622f590833ef53db96327a297333df1,,tests/Integration/Performance/PerformanceAndReferenceBudgetRegressionTest.php; tests/Unit/Analytics/RoleBasedDashboardsTest.php,__construct; buildOwnerDashboard; buildFinanceDashboard; buildSalesDashboard; buildOperationsDashboard; buildSupportDashboard,"Domain SQL:96,111,132,169,187,201,232","İşlevler: buildOwnerDashboard, buildFinanceDashboard, buildSalesDashboard, buildOperationsDashboard, buildSupportDashboard. Bu dosya için ana raporda ayrı bug atanmadı; hatasız veya production-ready onayı değildir."
src/Domain/Analytics/Dashboards/DashboardType.php,Enum / state değerleri: DashboardType,Dosya içeriği otomatik statik tarandı; özel davranış kabulü verilmedi,14,b6c82d87aac1683c147cc0d9de828a3f288cfcdc97061fdff9a1943ea728b91f,,tests/Unit/Analytics/AnalyticsPermissionsAndScopeTest.php; tests/Unit/Analytics/RoleBasedDashboardsTest.php,,,Bu dosya için ana raporda ayrı bug atanmadı; hatasız veya production-ready onayı değildir.
src/Domain/Analytics/Dashboards/FinanceDashboardData.php,Sınıf: FinanceDashboardData,Dosya içeriği otomatik statik tarandı; özel davranış kabulü verilmedi,63,ff4f5bbb7b73921611a8627807db6f4c9b09e6b9d617d75a2d033809c890a145,,,__construct; getPeriodSummary; getAgingReceivables; getEstimatedVatLiability; getGatewayFeesTotal; getNetMarginPercent; toArray; jsonSerialize,,Bu dosya için ana raporda ayrı bug atanmadı; hatasız veya production-ready onayı değildir.
src/Domain/Analytics/Dashboards/OperationsDashboardData.php,Sınıf: OperationsDashboardData,Dosya içeriği otomatik statik tarandı; özel davranış kabulü verilmedi,82,fdc91c04554d36bfce8ec958a5dead558941ed071288cf18bbd6510f0a349da8,,,__construct; getAsOfDate; getActiveHostingServices; getSuspendedServices; getTerminatedServices; getDomainsUnderManagement; getDomainsExpiringNext30Days; getOpenAbuseCasesCount; getHypervisorCapacityUsedPercent; toArray; jsonSerialize,,Bu dosya için ana raporda ayrı bug atanmadı; hatasız veya production-ready onayı değildir.
src/Domain/Analytics/Dashboards/OwnerDashboardData.php,Sınıf: OwnerDashboardData,Dosya içeriği otomatik statik tarandı; özel davranış kabulü verilmedi,114,c6ff020a5616159b940089a35362b0236944f3e4eb980b68c315077cbfdf533d,,,__construct; getAsOfDate; getCurrency; getTotalMrr; getTotalArr; getNetCashFlowLast30Days; getNetMrrGrowth; getActiveSubscriptions; getActiveCustomers; getArpu; getOutstandingReceivables; getMrrTrend; getCashTrend; toArray; jsonSerialize,,Bu dosya için ana raporda ayrı bug atanmadı; hatasız veya production-ready onayı değildir.
src/Domain/Analytics/Dashboards/SalesDashboardData.php,Sınıf: SalesDashboardData,Dosya içeriği otomatik statik tarandı; özel davranış kabulü verilmedi,85,99604990b8fe411e88ad35636929668551f43dfb550a56992aca54f973897154,,,__construct; getStartDate; getEndDate; getCurrency; getNewOrdersCount; getNewOrdersVolume; getNewCustomersCount; getNewMrrAdded; getTopSellingProducts; toArray; jsonSerialize,,Bu dosya için ana raporda ayrı bug atanmadı; hatasız veya production-ready onayı değildir.
src/Domain/Analytics/Dashboards/SupportDashboardData.php,Sınıf: SupportDashboardData,Dosya içeriği otomatik statik tarandı; özel davranış kabulü verilmedi,93,6cf34f1a0af42f04b5ce42be62a39294360abffaa1806fc4e2fc8ea583b3af10,,,__construct; getStartDate; getEndDate; getTicketsOpenedCount; getTicketsResolvedCount; getOpenTicketsBacklog; getFirstResponseTimeAvgMinutes; getSlaComplianceRatePercent; getDepartmentBreakdown; getPriorityBreakdown; toArray; jsonSerialize,,Bu dosya için ana raporda ayrı bug atanmadı; hatasız veya production-ready onayı değildir.
src/Domain/Analytics/Financial/AgingReceivablesReport.php,Sınıf: AgingReceivablesReport,Dosya içeriği otomatik statik tarandı; özel davranış kabulü verilmedi,84,b48d1309918e1568efa62e962d8727232090ceed713d8cab435638596c379766,,,__construct; getAsOfDate; getCurrency; getTotalOutstanding; getCurrentBucket; getThirtyToSixtyBucket; getSixtyToNinetyBucket; getOverNinetyBucket; getOverdueInvoicesCount; toArray; jsonSerialize,,Bu dosya için ana raporda ayrı bug atanmadı; hatasız veya production-ready onayı değildir.
src/Domain/Analytics/Financial/ContributionMarginReport.php,Sınıf: ContributionMarginReport,Dosya içeriği otomatik statik tarandı; özel davranış kabulü verilmedi,98,d40f41bc78c59db4f3476508c47c05ac93650b0ea390bf3d1e516121423f7fb8,,,__construct; getStartDate; getEndDate; getCurrency; getGrossCashCollected; getCashRefunded; getNetCashFlow; getGatewayFeesTotal; getDirectCostsTotal; getNetContribution; getContributionMarginPercent; toArray; jsonSerialize,,Bu dosya için ana raporda ayrı bug atanmadı; hatasız veya production-ready onayı değildir.
src/Domain/Analytics/Financial/FinancialMetricsService.php,Sınıf: FinancialMetricsService,Odaklı kod incelemesi / ana rapor bağlantısı,270,04fa4008e39161974db2c99d9623e854f5018470a94c883699c53d6ed39728b0,F17,tests/Integration/Performance/PerformanceAndReferenceBudgetRegressionTest.php; tests/Unit/Analytics/GoldenFinancialLedgerReconciliationTest.php; tests/Unit/Analytics/InvoiceVsCashFinancialMetricsTest.php; tests/Unit/Analytics/RoleBasedDashboardsTest.php,__construct; calculatePeriodFinancialMetrics; calculateAgingReceivables; calculateContributionMargin; validateDates,"Domain SQL:40,68,86,149,219","İşlevler: calculatePeriodFinancialMetrics, calculateAgingReceivables, calculateContributionMargin, validateDates."
src/Domain/Analytics/Financial/FinancialPeriodSummary.php,Sınıf: FinancialPeriodSummary,Dosya içeriği otomatik statik tarandı; özel davranış kabulü verilmedi,120,2e6c47c348589fc6c223f57adce3d5c567a1f51557d87e628e9698d2f391fba8,,,__construct; getStartDate; getEndDate; getCurrency; getGrossInvoiced; getNetInvoiced; getTaxBilled; getInvoiceCount; getPaidInvoiceCount; getUnpaidInvoiceCount; getGrossCashCollected; getCashRefunded; getNetCashFlow; getCollectionEfficiencyPercent; toArray; jsonSerialize,,Bu dosya için ana raporda ayrı bug atanmadı; hatasız veya production-ready onayı değildir.
src/Domain/Analytics/Metrics/AggregationType.php,Enum / state değerleri: AggregationType,Dosya içeriği otomatik statik tarandı; özel davranış kabulü verilmedi,14,57dfdb7af372111d8b3211e77404e4c466e0b0b9d9ad2072098d2c6504c31428,,tests/Unit/Analytics/AnalyticsPermissionsAndScopeTest.php; tests/Unit/Analytics/MetricRegistryAndSemanticLayerTest.php,,,Bu dosya için ana raporda ayrı bug atanmadı; hatasız veya production-ready onayı değildir.
src/Domain/Analytics/Metrics/MetricCategory.php,Enum / state değerleri: MetricCategory,Dosya içeriği otomatik statik tarandı; özel davranış kabulü verilmedi,20,fed1bb4d2a91f98994f8354d3114187120747783a374e517917926ed0699227a,,tests/Unit/Analytics/AnalyticsPermissionsAndScopeTest.php; tests/Unit/Analytics/MetricRegistryAndSemanticLayerTest.php,,,Bu dosya için ana raporda ayrı bug atanmadı; hatasız veya production-ready onayı değildir.
src/Domain/Analytics/Metrics/MetricDataType.php,Enum / state değerleri: MetricDataType,Dosya içeriği otomatik statik tarandı; özel davranış kabulü verilmedi,14,b9ba7a6d36a12cd214d3584b55802d3d24b0cfafd73721805c331630e1d0adda,,tests/Unit/Analytics/AnalyticsPermissionsAndScopeTest.php; tests/Unit/Analytics/MetricRegistryAndSemanticLayerTest.php,,,Bu dosya için ana raporda ayrı bug atanmadı; hatasız veya production-ready onayı değildir.
src/Domain/Analytics/Metrics/MetricDefinition.php,Sınıf: MetricDefinition,Dosya içeriği otomatik statik tarandı; özel davranış kabulü verilmedi,123,d7ed09a5399d05b5e11d9a031b2634490f35c7f2ff515c303e1860ce91e68dc9,,tests/Unit/Analytics/AnalyticsPermissionsAndScopeTest.php; tests/Unit/Analytics/MetricRegistryAndSemanticLayerTest.php,__construct; getKey; getName; getDescription; getCategory; getDataType; getAggregationType; getSourceDomain; getFormula; getGrain; getAllowedDimensions; isDerived; getUnit; supportsDimension; toArray; jsonSerialize,,İşlevler: supportsDimension. Bu dosya için ana raporda ayrı bug atanmadı; hatasız veya production-ready onayı değildir.
src/Domain/Analytics/Metrics/MetricRegistry.php,Sınıf: MetricRegistry,Dosya içeriği otomatik statik tarandı; özel davranış kabulü verilmedi,370,5fb4464c6ede20a4c187c1665a469dcd22c6802b5556ecfe06b238b682dd7ff2,,tests/Unit/Analytics/AnalyticsPermissionsAndScopeTest.php; tests/Unit/Analytics/MetricRegistryAndSemanticLayerTest.php,__construct; register; get; has; getByCategory; all; count; validateQuery; registerDefaultMetrics,,"İşlevler: register, all, count, validateQuery, registerDefaultMetrics. Bu dosya için ana raporda ayrı bug atanmadı; hatasız veya production-ready onayı değildir."
src/Domain/Analytics/Metrics/MetricValue.php,Sınıf: MetricValue,Dosya içeriği otomatik statik tarandı; özel davranış kabulü verilmedi,97,596c92abfcb65942b8b76eee289cde0bfdb30364039abe2dc16e8ccd2d4d9bd1,,,__construct; getMetricKey; getValue; getCurrency; getPeriodStart; getPeriodEnd; getDimensions; getCalculatedAt; isSnapshot; getFormattedValue; toArray; jsonSerialize,,Bu dosya için ana raporda ayrı bug atanmadı; hatasız veya production-ready onayı değildir.
src/Domain/Analytics/Metrics/TimeGrain.php,Enum / state değerleri: TimeGrain,Dosya içeriği otomatik statik tarandı; özel davranış kabulü verilmedi,14,4224eb56c1dc1ed1b4d18ee9489abf49a11e41793a93a3619de97efc06eddf2f,,tests/Unit/Analytics/AnalyticsPermissionsAndScopeTest.php; tests/Unit/Analytics/MetricRegistryAndSemanticLayerTest.php,,,Bu dosya için ana raporda ayrı bug atanmadı; hatasız veya production-ready onayı değildir.
src/Domain/Analytics/ReadModels/DailyAggregation.php,Sınıf: DailyAggregation,Dosya içeriği otomatik statik tarandı; özel davranış kabulü verilmedi,162,b086213efd2e1111c90ed37626db00511d0bb07b043cbcf1a2f0cf70edfd3094,,,__construct; getId; getDate; getCurrency; getGrossInvoiced; getNetInvoiced; getTaxBilled; getInvoicesCount; getCashCollected; getCashRefunded; getNetCashFlow; getGatewayFees; getNewOrdersCount; getNewCustomersCount; getTicketsOpenedCount; getTicketsResolvedCount; getRebuiltAt; toArray; fromArray; jsonSerialize,,İşlevler: fromArray. Bu dosya için ana raporda ayrı bug atanmadı; hatasız veya production-ready onayı değildir.
src/Domain/Analytics/ReadModels/MonthlyAggregation.php,Sınıf: MonthlyAggregation,Dosya içeriği otomatik statik tarandı; özel davranış kabulü verilmedi,154,0d1067a865d1d1d3c5846392da4ea0b1431a553ef1f70ea4c4add690ef542358,,,__construct; getId; getYearMonth; getCurrency; getGrossInvoiced; getNetInvoiced; getTaxBilled; getCashCollected; getCashRefunded; getNetCashFlow; getGatewayFees; getEndOfMonthMrr; getEndOfMonthArr; getNewSubscriptionsCount; getChurnedSubscriptionsCount; getRebuiltAt; toArray; fromArray; jsonSerialize,,İşlevler: fromArray. Bu dosya için ana raporda ayrı bug atanmadı; hatasız veya production-ready onayı değildir.
src/Domain/Analytics/ReadModels/ReadModelAggregationService.php,Sınıf: ReadModelAggregationService,Dosya içeriği otomatik statik tarandı; özel davranış kabulü verilmedi,481,5e4a907ce3f930b10a8e5ba7f9410f7bfeb05cd409cd24b284cb5a70edea1efb,F20,tests/Integration/Performance/PerformanceAndReferenceBudgetRegressionTest.php; tests/Unit/Analytics/DailyMonthlyReadModelAggregationTest.php; tests/Unit/Analytics/RoleBasedDashboardsTest.php,__construct; ensureTables; aggregateDay; aggregateMonth; rebuildDateRange; getDailySeries; getMonthlySeries; validateDateFormat,"DDL:34,58; SQLite syntax:29; Domain SQL:106,125,141,155,164,174,176,193,238,280,304,319,362,448,466","Mevcut olmayan Domain\Audit\AuditLogger import’u. İşlevler: ensureTables, aggregateDay, aggregateMonth, rebuildDateRange, validateDateFormat."
src/Domain/Analytics/ReadModels/RebuildExecutionReport.php,Sınıf: RebuildExecutionReport,Dosya içeriği otomatik statik tarandı; özel davranış kabulü verilmedi,84,84b1242943e9ec27dbc0476ceb421acf12d762486d2f19268c1381570007e5e2,,,__construct; getScope; getItemsRebuiltCount; getStartDate; getEndDate; getCurrency; getDurationSeconds; getCompletedAt; getRebuildChecksum; toArray; jsonSerialize,,Bu dosya için ana raporda ayrı bug atanmadı; hatasız veya production-ready onayı değildir.
src/Domain/Analytics/Reconciliation/LedgerReconciliationReport.php,Sınıf: LedgerReconciliationReport,Dosya içeriği otomatik statik tarandı; özel davranış kabulü verilmedi,131,0d5bdc5f77fb5156b8a94489353bc201c36eb5eb9cfec735a21744b42e0fc4cd,,tests/Unit/Analytics/GoldenFinancialLedgerReconciliationTest.php,__construct; getStartDate; getEndDate; getCurrency; getAnalyticsCashCollected; getLedgerPaymentsCollected; getPaymentVariance; getAnalyticsCashRefunded; getLedgerRefundsPaid; getRefundVariance; getAnalyticsNetCash; getLedgerNetCash; getNetCashVariance; getStatus; getDiscrepancies; isReconciled; toArray,,Bu dosya için ana raporda ayrı bug atanmadı; hatasız veya production-ready onayı değildir.
src/Domain/Analytics/Reconciliation/LedgerReconciliationService.php,Sınıf: LedgerReconciliationService,Dosya içeriği otomatik statik tarandı; özel davranış kabulü verilmedi,317,9d479b8b3bccbae8b64f9c689bcb367ba544cfe672461f6c0ec4ac0cac5d4ebb,,tests/Unit/Analytics/GoldenFinancialLedgerReconciliationTest.php,__construct; reconcile; reconcileFinancialPeriodSummary; queryAnalyticsAggregations; queryTransactionalPayments; queryLedgerTransactions; validateDates,"Domain SQL:196,225,237,264,281","İşlevler: reconcile, reconcileFinancialPeriodSummary, queryAnalyticsAggregations, queryTransactionalPayments, queryLedgerTransactions, validateDates. Bu dosya için ana raporda ayrı bug atanmadı; hatasız veya production-ready onayı değildir."
src/Domain/Analytics/Reconciliation/ReconciliationStatus.php,Enum / state değerleri: ReconciliationStatus,Dosya içeriği otomatik statik tarandı; özel davranış kabulü verilmedi,12,0d7c98cd4a4881ca2c34ca912edb3368b26369e04068b8ebe2c0c55e9cbf5aa7,,tests/Unit/Analytics/GoldenFinancialLedgerReconciliationTest.php,,,Bu dosya için ana raporda ayrı bug atanmadı; hatasız veya production-ready onayı değildir.
src/Domain/Analytics/Security/AnalyticsDataScopeService.php,Sınıf: AnalyticsDataScopeService,Dosya içeriği otomatik statik tarandı; özel davranış kabulü verilmedi,102,5afba267d79d18455650f8ac3d06fc9b89c963df40ec80333bf8f84e691686b6,,tests/Unit/Analytics/AnalyticsPermissionsAndScopeTest.php,enforceOrganizationAccess; buildOrganizationScopeFilter; redactSensitiveMetrics,,"İşlevler: enforceOrganizationAccess, buildOrganizationScopeFilter, redactSensitiveMetrics. Bu dosya için ana raporda ayrı bug atanmadı; hatasız veya production-ready onayı değildir."
src/Domain/Analytics/Security/AnalyticsPermissionService.php,Sınıf: AnalyticsPermissionService,Dosya içeriği otomatik statik tarandı; özel davranış kabulü verilmedi,139,f8a7b510e5bfd987fbeb14c9e440c9166f09e7646a2554c8f98bec25f1ee23f9,,tests/Unit/Analytics/AnalyticsPermissionsAndScopeTest.php,__construct; canViewDashboard; enforceDashboardAccess; canRebuildAnalytics; enforceRebuildAccess; canExportAnalytics; enforceExportAccess; canAccessMetric; enforceMetricAccess,,"İşlevler: canViewDashboard, enforceDashboardAccess, canRebuildAnalytics, enforceRebuildAccess, canExportAnalytics, enforceExportAccess, canAccessMetric, enforceMetricAccess. Bu dosya için ana raporda ayrı bug atanmadı; hatasız veya production-ready onayı değildir."
src/Domain/Analytics/Security/AnalyticsUserContext.php,Sınıf: AnalyticsUserContext,Dosya içeriği otomatik statik tarandı; özel davranış kabulü verilmedi,109,d3ee77d98a6a7a33d9253131c6cbd0bb5bec8562f97bbb940071d78d53cb9d0a,,tests/Unit/Analytics/AnalyticsPermissionsAndScopeTest.php,__construct; forSuperAdmin; forStaff; forOrgUser; getUserId; isStaff; isSuperAdmin; getOrganizationId; getOrganizationRole; getPermissions; hasPermission,,"İşlevler: forSuperAdmin, forStaff, forOrgUser. Bu dosya için ana raporda ayrı bug atanmadı; hatasız veya production-ready onayı değildir."
src/Domain/Analytics/Semantic/SemanticLayerService.php,Sınıf: SemanticLayerService,Dosya içeriği otomatik statik tarandı; özel davranış kabulü verilmedi,142,b77dc6e2e80178c6eb1830fec4d7df2c43c371dfb6de80d141e775b49cb3634a,,tests/Unit/Analytics/MetricRegistryAndSemanticLayerTest.php,__construct; getRegistry; formatValue; createMetricValue; computeDerivedMetric; getSemanticCatalog; formatCurrency,,"İşlevler: formatValue, createMetricValue, computeDerivedMetric, formatCurrency. Bu dosya için ana raporda ayrı bug atanmadı; hatasız veya production-ready onayı değildir."
src/Domain/Analytics/Subscription/MrrCalculator.php,Sınıf: MrrCalculator,Dosya içeriği otomatik statik tarandı; özel davranış kabulü verilmedi,45,2078c300ef30f7a8460abc465157d344199125219dc35adcf48dc0d7dfe303c7,,tests/Unit/Analytics/SubscriptionSnapshotAndMrrTest.php,normalizeToMonthly; toArr,,İşlevler: normalizeToMonthly. Bu dosya için ana raporda ayrı bug atanmadı; hatasız veya production-ready onayı değildir.
src/Domain/Analytics/Subscription/MrrMovementType.php,Enum / state değerleri: MrrMovementType,Dosya içeriği otomatik statik tarandı; özel davranış kabulü verilmedi,14,830eaf91d4d99ff1c0c9eb7345b776fc950726f8c9236a9b52ad7e7e3f3987e1,,,,,Bu dosya için ana raporda ayrı bug atanmadı; hatasız veya production-ready onayı değildir.
src/Domain/Analytics/Subscription/MrrWaterfallReport.php,Sınıf: MrrWaterfallReport,Dosya içeriği otomatik statik tarandı; özel davranış kabulü verilmedi,113,99ff4c40557503cb1d1465fb05d444a09703f49da8562195a52e63122231fce7,,,__construct; getStartingMrr; getNewMrr; getExpansionMrr; getContractionMrr; getChurnedMrr; getReactivationMrr; getEndingMrr; getNetGrowth; getGrowthRatePercent; getCurrency; getStartDate; getEndDate; toArray; jsonSerialize,,Bu dosya için ana raporda ayrı bug atanmadı; hatasız veya production-ready onayı değildir.
src/Domain/Analytics/Subscription/SubscriptionSnapshot.php,Sınıf: SubscriptionSnapshot,Dosya içeriği otomatik statik tarandı; özel davranış kabulü verilmedi,160,5e57bb0a7daba1f99f034a33a9ec64ad8c0c673745dc68c2ed0a1b005a24934e,,,__construct; getId; getSnapshotDate; getCurrency; getActiveSubscriptionsCount; getActiveCustomersCount; getTotalMrr; getTotalArr; getNewMrr; getExpansionMrr; getContractionMrr; getChurnedMrr; getNetMrrGrowth; getArpu; getMetadata; getCreatedAt; toArray; fromArray; jsonSerialize,,İşlevler: fromArray. Bu dosya için ana raporda ayrı bug atanmadı; hatasız veya production-ready onayı değildir.
src/Domain/Analytics/Subscription/SubscriptionSnapshotService.php,Sınıf: SubscriptionSnapshotService,Odaklı kod incelemesi / ana rapor bağlantısı,326,1898f7a91a0f42e89e4c03fd7e8b1c32d7573257a04ce1d7fbee4a55728c3f47,F17 F20,tests/Integration/Performance/PerformanceAndReferenceBudgetRegressionTest.php; tests/Unit/Analytics/RoleBasedDashboardsTest.php; tests/Unit/Analytics/SubscriptionSnapshotAndMrrTest.php,__construct; ensureTables; captureSnapshot; getSnapshot; getLatestSnapshotBefore; getHistoricalSnapshots; getMrrWaterfall,"DDL:31; SQLite syntax:26; Domain SQL:79,191,233,244,260,285","Mevcut olmayan Domain\Audit\AuditLogger import’u. İşlevler: ensureTables, captureSnapshot."
src/Domain/Analytics/Testing/GoldenFinancialDataset.php,Sınıf: GoldenFinancialDataset,Dosya içeriği otomatik statik tarandı; özel davranış kabulü verilmedi,254,ce8448a4d9f919a7e69ff4b100ac5f738546ef96457bb85079db2c3f3315e1fa,,tests/Unit/Analytics/GoldenFinancialLedgerReconciliationTest.php,seed; injectLedgerDiscrepancy; injectAnalyticsDiscrepancy; ensureSchema,"DDL:159,172,189,202,214,226,238; SQLite syntax:160,173,190,203,215,227,239; Simulation:131; Domain SQL:42,49,55,61,67,74,80,85,89,96,104,112,120,136,149","İşlevler: seed, injectLedgerDiscrepancy, injectAnalyticsDiscrepancy, ensureSchema. Bu dosya için ana raporda ayrı bug atanmadı; hatasız veya production-ready onayı değildir."
src/Domain/Automation/Actions/ActionDefinition.php,Sınıf: ActionDefinition,Dosya içeriği otomatik statik tarandı; özel davranış kabulü verilmedi,74,cdd0fa865f75384b71e49c724990a69854ce4a0e2f9dd2b2044d6e3e9cfc5b7c,,tests/Unit/Automation/ActionTest.php; tests/Unit/Automation/ApprovalAndLifecycleTest.php; tests/Unit/Automation/AutomationEngineTest.php; tests/Unit/Automation/DomainCommandAdaptersTest.php; tests/Unit/Automation/EmergencySafetyTest.php; tests/Unit/Automation/IfElseBranchTest.php,__construct; getId; getType; getParameters; resolveParameters; interpolateArray; interpolateString,"TODO:60,72","İşlevler: resolveParameters, interpolateArray, interpolateString. Bu dosya için ana raporda ayrı bug atanmadı; hatasız veya production-ready onayı değildir."
src/Domain/Automation/Actions/ActionHandlerInterface.php,Sözleşme: ActionHandlerInterface,Dosya içeriği otomatik statik tarandı; özel davranış kabulü verilmedi,20,b8b3fd51e32e4cefc96cf2cccfeeb9d8648543f7feef1caddb2a58bb64f6c864,,,getType; execute,,İşlevler: execute. Bu dosya için ana raporda ayrı bug atanmadı; hatasız veya production-ready onayı değildir.
src/Domain/Automation/Actions/ActionInterface.php,Sözleşme: ActionInterface,Dosya içeriği otomatik statik tarandı; özel davranış kabulü verilmedi,32,bf6dfa6ee59d70c54fd8f2f407d4eafc5ac70c457d29c7bb6e393ff9824382f9,,tests/Unit/Automation/ActionTest.php,getId; getType; getParameters; resolveParameters,TODO:28,İşlevler: resolveParameters. Bu dosya için ana raporda ayrı bug atanmadı; hatasız veya production-ready onayı değildir.
src/Domain/Automation/Actions/ActionRegistry.php,Sınıf: ActionRegistry,Dosya içeriği otomatik statik tarandı; özel davranış kabulü verilmedi,40,aef40a173cebbb5eb3c9adbc88514d95a4dcddeed4d70a5eda49ba3fd36108cb,,tests/Unit/Automation/ActionTest.php; tests/Unit/Automation/ApprovalAndLifecycleTest.php; tests/Unit/Automation/AutomationEngineTest.php; tests/Unit/Automation/DomainCommandAdaptersTest.php; tests/Unit/Automation/EmergencySafetyTest.php,register; has; get; all,,"İşlevler: register, all. Bu dosya için ana raporda ayrı bug atanmadı; hatasız veya production-ready onayı değildir."
src/Domain/Automation/Actions/ActionRegistryInterface.php,Sözleşme: ActionRegistryInterface,Dosya içeriği otomatik statik tarandı; özel davranış kabulü verilmedi,19,6963ac121bcc1eecbeab00dba89d7a9c0ad435e21558f32d4edf350c70656b41,,,register; has; get; all,,"İşlevler: register, all. Bu dosya için ana raporda ayrı bug atanmadı; hatasız veya production-ready onayı değildir."
src/Domain/Automation/Actions/ActionResult.php,Sınıf: ActionResult,Dosya içeriği otomatik statik tarandı; özel davranış kabulü verilmedi,117,398d70f85628e0519841875d2182cf65f5246603e254713005afb46073551b16,,tests/Unit/Automation/ActionTest.php; tests/Unit/Automation/AutomationEngineTest.php,__construct; success; failed; skipped; getActionId; getActionType; getStatus; isSuccess; isSuccessful; isFailed; isSkipped; getOutput; getErrorMessage; getExecutionTimeMs; toArray,,"İşlevler: success, failed, skipped. Bu dosya için ana raporda ayrı bug atanmadı; hatasız veya production-ready onayı değildir."
src/Domain/Automation/Actions/ActionStatus.php,Enum / state değerleri: ActionStatus,Dosya içeriği otomatik statik tarandı; özel davranış kabulü verilmedi,12,84ab0749171614492a3dabce16eeab9676ab6dd6a19a2718a87d742d2da432ed,,tests/Unit/Automation/ActionTest.php,,,Bu dosya için ana raporda ayrı bug atanmadı; hatasız veya production-ready onayı değildir.
src/Domain/Automation/Actions/Handlers/CallbackActionHandler.php,Sınıf: CallbackActionHandler,Dosya içeriği otomatik statik tarandı; özel davranış kabulü verilmedi,45,48131d1757af70d81650930f25900e7d08014d469e84c267ade49dd8aeb73518,,tests/Unit/Automation/ActionTest.php; tests/Unit/Automation/ApprovalAndLifecycleTest.php; tests/Unit/Automation/AutomationEngineTest.php; tests/Unit/Automation/EmergencySafetyTest.php,__construct; getType; execute,,İşlevler: execute. Bu dosya için ana raporda ayrı bug atanmadı; hatasız veya production-ready onayı değildir.
src/Domain/Automation/Actions/Handlers/LogActionHandler.php,Sınıf: LogActionHandler,Dosya içeriği otomatik statik tarandı; özel davranış kabulü verilmedi,73,bb06925524e0c58951f78852998e53873b2ac6d11f3351c5c922553655c27914,,tests/Unit/Automation/ActionTest.php; tests/Unit/Automation/ApprovalAndLifecycleTest.php; tests/Unit/Automation/AutomationEngineTest.php,__construct; getType; execute; getLoggedMessages; clear,,"İşlevler: execute, clear. Bu dosya için ana raporda ayrı bug atanmadı; hatasız veya production-ready onayı değildir."
src/Domain/Automation/Actions/Handlers/SetContextActionHandler.php,Sınıf: SetContextActionHandler,Dosya içeriği otomatik statik tarandı; özel davranış kabulü verilmedi,40,ec0e91180c56c03d4a22009719e1c42bafa53c5c0e7e816b10b9c159aecf7ca3,,tests/Unit/Automation/ActionTest.php; tests/Unit/Automation/AutomationEngineTest.php,getType; execute,,İşlevler: execute. Bu dosya için ana raporda ayrı bug atanmadı; hatasız veya production-ready onayı değildir.
src/Domain/Automation/Adapters/AutomationDomainAdapterRegistry.php,Sınıf: AutomationDomainAdapterRegistry,Dosya içeriği otomatik statik tarandı; özel davranış kabulü verilmedi,60,72494eb5cdba012b28a040a927699626acb0dba02ed1f2a42b0f5c91e59080f6,,tests/Unit/Automation/DomainCommandAdaptersTest.php,registerAll,,İşlevler: registerAll. Bu dosya için ana raporda ayrı bug atanmadı; hatasız veya production-ready onayı değildir.
src/Domain/Automation/Adapters/Billing/InvoiceStatusActionHandler.php,Sınıf: InvoiceStatusActionHandler,Dosya içeriği otomatik statik tarandı; özel davranış kabulü verilmedi,79,960bfc575cfeb21dbeb9d40bf96997bd5dc204dcc460d5c762b6bdc6343b1ac3,,tests/Unit/Automation/DomainCommandAdaptersTest.php,__construct; getType; execute,Domain SQL:73,İşlevler: execute. Bu dosya için ana raporda ayrı bug atanmadı; hatasız veya production-ready onayı değildir.
src/Domain/Automation/Adapters/Billing/RenewalInvoiceActionHandler.php,Sınıf: RenewalInvoiceActionHandler,Dosya içeriği otomatik statik tarandı; özel davranış kabulü verilmedi,96,d2ea33d1d7c45ab75eb1bd4eb98ef92eed332f1c6615102e9b6d1cccbc0da45e,,tests/Unit/Automation/DomainCommandAdaptersTest.php,__construct; getType; execute,,İşlevler: execute. Bu dosya için ana raporda ayrı bug atanmadı; hatasız veya production-ready onayı değildir.
src/Domain/Automation/Adapters/Notification/InAppNotificationActionHandler.php,Sınıf: InAppNotificationActionHandler,Dosya içeriği otomatik statik tarandı; özel davranış kabulü verilmedi,80,14b91d4c153069716bc8e25eebdcf9f6ac44bdc13fe049f3e532f423ebfddcf4,,tests/Unit/Automation/DomainCommandAdaptersTest.php,__construct; getType; execute,,İşlevler: execute. Bu dosya için ana raporda ayrı bug atanmadı; hatasız veya production-ready onayı değildir.
src/Domain/Automation/Adapters/Notification/NotificationActionHandler.php,Sınıf: NotificationActionHandler,Dosya içeriği otomatik statik tarandı; özel davranış kabulü verilmedi,100,98ae61c83e64bb5f1150fef87cc7b1b7964a1a49d2e1fd6c90baf2768227892d,,tests/Unit/Automation/DomainCommandAdaptersTest.php,__construct; getType; execute,"TODO:33,36,41,62,76",İşlevler: execute. Bu dosya için ana raporda ayrı bug atanmadı; hatasız veya production-ready onayı değildir.
src/Domain/Automation/Adapters/Service/ServiceCancelActionHandler.php,Sınıf: ServiceCancelActionHandler,Dosya içeriği otomatik statik tarandı; özel davranış kabulü verilmedi,67,d2ce082cbdb54ecc8b47db1bb93a59c472aa9fd418eee27cce91f17f713b4440,,tests/Unit/Automation/DomainCommandAdaptersTest.php,__construct; getType; execute,,İşlevler: execute. Bu dosya için ana raporda ayrı bug atanmadı; hatasız veya production-ready onayı değildir.
src/Domain/Automation/Adapters/Service/ServiceRenewActionHandler.php,Sınıf: ServiceRenewActionHandler,Dosya içeriği otomatik statik tarandı; özel davranış kabulü verilmedi,67,c516f4431248d92461705a001dfaf60291e507589062b1f5266cfc7a520ccdf4,,tests/Unit/Automation/DomainCommandAdaptersTest.php,__construct; getType; execute,,İşlevler: execute. Bu dosya için ana raporda ayrı bug atanmadı; hatasız veya production-ready onayı değildir.
src/Domain/Automation/Adapters/Service/ServiceSuspendActionHandler.php,Sınıf: ServiceSuspendActionHandler,Odaklı kod incelemesi / ana rapor bağlantısı,68,895244b23a92239eb7744193b3dd952a1fcdf992e989c029c1f20bbbf9dc519f,F22,tests/Unit/Automation/DomainCommandAdaptersTest.php,__construct; getType; execute,,İşlevler: execute.
src/Domain/Automation/Adapters/Service/ServiceTerminateActionHandler.php,Sınıf: ServiceTerminateActionHandler,Dosya içeriği otomatik statik tarandı; özel davranış kabulü verilmedi,68,fea6929f70e43a2ad383b3621aafc40ff1c202f289b736b8a3fd833fb0b387fb,,tests/Unit/Automation/DomainCommandAdaptersTest.php,__construct; getType; execute,,İşlevler: execute. Bu dosya için ana raporda ayrı bug atanmadı; hatasız veya production-ready onayı değildir.
src/Domain/Automation/Adapters/Service/ServiceUnsuspendActionHandler.php,Sınıf: ServiceUnsuspendActionHandler,Dosya içeriği otomatik statik tarandı; özel davranış kabulü verilmedi,66,9f1b149c8cd7af164ee5a3ae3ee7c96c31c34de317ad50a34392060a04b4acaa,,tests/Unit/Automation/DomainCommandAdaptersTest.php,__construct; getType; execute,,İşlevler: execute. Bu dosya için ana raporda ayrı bug atanmadı; hatasız veya production-ready onayı değildir.
src/Domain/Automation/Approval/ApprovalManager.php,Sınıf: ApprovalManager,Odaklı kod incelemesi / ana rapor bağlantısı,94,23a414d02ed425984cc64d2574b130cf21a82b831aedc01560271a0f2bd3329a,F14,tests/Unit/Automation/ApprovalAndLifecycleTest.php,createRequest; findById; listPending; approve; reject; processExpirations,,"İşlevler: createRequest, findById, listPending, approve, reject, processExpirations."
src/Domain/Automation/Approval/ApprovalManagerInterface.php,Sözleşme: ApprovalManagerInterface,Dosya içeriği otomatik statik tarandı; özel davranış kabulü verilmedi,36,e70f65d023de7a683265eca1095b1a25bc41e4555df741450e8b189742b15244,,,createRequest; findById; listPending; approve; reject; processExpirations,,"İşlevler: createRequest, findById, listPending, approve, reject, processExpirations. Bu dosya için ana raporda ayrı bug atanmadı; hatasız veya production-ready onayı değildir."
src/Domain/Automation/Approval/ApprovalRequirement.php,Sınıf: ApprovalRequirement,Dosya içeriği otomatik statik tarandı; özel davranış kabulü verilmedi,35,2446517411ae1a5d737d27bfae81fed2ca369b598a9ff86b370c1c1b440ec42a,,tests/Unit/Automation/ApprovalAndLifecycleTest.php,__construct; getRequiredRole; getTimeoutSeconds; getReason,,Bu dosya için ana raporda ayrı bug atanmadı; hatasız veya production-ready onayı değildir.
src/Domain/Automation/Approval/ApprovalStatus.php,Enum / state değerleri: ApprovalStatus,Dosya içeriği otomatik statik tarandı; özel davranış kabulü verilmedi,33,ec28d2683435968aed403d2041ee0a55d06874de958d18e126c7ec9cb38960e9,,tests/Unit/Automation/ApprovalAndLifecycleTest.php,isPending; isApproved; isRejected; isExpired,,Bu dosya için ana raporda ayrı bug atanmadı; hatasız veya production-ready onayı değildir.
src/Domain/Automation/Approval/PendingApproval.php,Sınıf: PendingApproval,Dosya içeriği otomatik statik tarandı; özel davranış kabulü verilmedi,161,4d6e376d3b8c169441682985c15b1fae68ccd67b77c87e1a0252ab7af17c7a8d,,,__construct; getId; getRuleId; getRuleName; getContext; getActionsToExecute; getRequirement; getStatus; getRequestedAt; getExpiresAt; getDecidedBy; getDecisionNotes; getDecidedAt; approve; reject; expire; isExpired; toArray,,"İşlevler: approve, reject, expire. Bu dosya için ana raporda ayrı bug atanmadı; hatasız veya production-ready onayı değildir."
src/Domain/Automation/Branching/BranchExecutionResult.php,Sınıf: BranchExecutionResult,Dosya içeriği otomatik statik tarandı; özel davranış kabulü verilmedi,60,7d9b583d75b0cade8719ed176fc342114fed62fb671403a970cd606a4a163814,,,__construct; isConditionPassed; getBranchTaken; getActionResults; allActionsSucceeded; toArray,,İşlevler: allActionsSucceeded. Bu dosya için ana raporda ayrı bug atanmadı; hatasız veya production-ready onayı değildir.
src/Domain/Automation/Branching/IfElseBranch.php,Sınıf: IfElseBranch,Dosya içeriği otomatik statik tarandı; özel davranış kabulü verilmedi,74,e4718d5a3204afabcb43c4623e01fe84a13dbc37d168ee5d4f653ddc7521f9d5,,tests/Unit/Automation/ApprovalAndLifecycleTest.php; tests/Unit/Automation/AutomationEngineTest.php; tests/Unit/Automation/DomainCommandAdaptersTest.php; tests/Unit/Automation/EmergencySafetyTest.php; tests/Unit/Automation/IfElseBranchTest.php,__construct; getCondition; getThenActions; getElseActions; evaluateCondition; determineBranch; getActionsToExecute,,"İşlevler: evaluateCondition, determineBranch. Bu dosya için ana raporda ayrı bug atanmadı; hatasız veya production-ready onayı değildir."
src/Domain/Automation/Conditions/ConditionEvaluator.php,Sınıf: ConditionEvaluator,Dosya içeriği otomatik statik tarandı; özel davranış kabulü verilmedi,151,1309d9f7f97d2f7f7249f2f8d0fe2a7efbc3392e7b56a646f99a7286e5650f19,,,compare; equals; greaterThan; greaterThanOrEqual; lessThan; lessThanOrEqual; contains; startsWith; endsWith; in; matchesRegex; between,,"İşlevler: compare, equals, greaterThan, greaterThanOrEqual, lessThan, lessThanOrEqual, contains, startsWith, endsWith, in, matchesRegex, between. Bu dosya için ana raporda ayrı bug atanmadı; hatasız veya production-ready onayı değildir."
src/Domain/Automation/Conditions/ConditionGroup.php,Sınıf: ConditionGroup,Dosya içeriği otomatik statik tarandı; özel davranış kabulü verilmedi,78,e8626633991d13cd21b01df0fa67af8a2416b546e8db383d7afb71601ee4a9a8,,tests/Unit/Automation/ConditionTest.php,__construct; and; or; addCondition; getLogicalOperator; getConditions; evaluate,,"İşlevler: and, or, addCondition, evaluate. Bu dosya için ana raporda ayrı bug atanmadı; hatasız veya production-ready onayı değildir."
src/Domain/Automation/Conditions/ConditionInterface.php,Sözleşme: ConditionInterface,Dosya içeriği otomatik statik tarandı; özel davranış kabulü verilmedi,15,f0517c6b27e0ab5ea681dc2b46165cc67ade68d862c9d31170f8198cb8dc7d49,,,evaluate,,İşlevler: evaluate. Bu dosya için ana raporda ayrı bug atanmadı; hatasız veya production-ready onayı değildir.
src/Domain/Automation/Conditions/ConditionOperator.php,Enum / state değerleri: ConditionOperator,Dosya içeriği otomatik statik tarandı; özel davranış kabulü verilmedi,49,34d215d6925a9ef010b6d5911ca82d89cfae280a8526d6e5f5fb8c0639ddbadd,,tests/Unit/Automation/ApprovalAndLifecycleTest.php; tests/Unit/Automation/AutomationEngineTest.php; tests/Unit/Automation/ConditionTest.php; tests/Unit/Automation/DomainCommandAdaptersTest.php; tests/Unit/Automation/EmergencySafetyTest.php; tests/Unit/Automation/IfElseBranchTest.php,fromString,,İşlevler: fromString. Bu dosya için ana raporda ayrı bug atanmadı; hatasız veya production-ready onayı değildir.
src/Domain/Automation/Conditions/FieldCondition.php,Sınıf: FieldCondition,Dosya içeriği otomatik statik tarandı; özel davranış kabulü verilmedi,41,0a89576146f9c09349f366ae7a5fd1c1b1b372065ae70c91e942429e5ec5b186,,tests/Unit/Automation/ApprovalAndLifecycleTest.php; tests/Unit/Automation/AutomationEngineTest.php; tests/Unit/Automation/ConditionTest.php; tests/Unit/Automation/DomainCommandAdaptersTest.php; tests/Unit/Automation/EmergencySafetyTest.php; tests/Unit/Automation/IfElseBranchTest.php,__construct; getField; getOperator; getExpectedValue; evaluate,,İşlevler: evaluate. Bu dosya için ana raporda ayrı bug atanmadı; hatasız veya production-ready onayı değildir.
src/Domain/Automation/Conditions/LogicalOperator.php,Enum / state değerleri: LogicalOperator,Dosya içeriği otomatik statik tarandı; özel davranış kabulü verilmedi,21,4b9c36eb7f788bc5052444491f0a7adaac7275098b185c955b3aa1d6c5e71d1d,,tests/Unit/Automation/ConditionTest.php,fromString,,İşlevler: fromString. Bu dosya için ana raporda ayrı bug atanmadı; hatasız veya production-ready onayı değildir.
src/Domain/Automation/Delay/DelayManager.php,Sınıf: DelayManager,Odaklı kod incelemesi / ana rapor bağlantısı,74,8b77aed3fb3e345f2400fc14e43e3bebd285a7211c9a7ec056b16cf45c8c67cb,F14,tests/Unit/Automation/ApprovalAndLifecycleTest.php,schedule; findById; getDueExecutions; markDispatched; cancel,,"İşlevler: schedule, findById, markDispatched, cancel."
src/Domain/Automation/Delay/DelayManagerInterface.php,Sözleşme: DelayManagerInterface,Dosya içeriği otomatik statik tarandı; özel davranış kabulü verilmedi,34,ca852cc303e770562bb02abf4c84f44ea0920fa1fd24537950b0326ac650ec61,,,schedule; findById; getDueExecutions; markDispatched; cancel,,"İşlevler: schedule, findById, markDispatched, cancel. Bu dosya için ana raporda ayrı bug atanmadı; hatasız veya production-ready onayı değildir."
src/Domain/Automation/Delay/DelayStatus.php,Enum / state değerleri: DelayStatus,Dosya içeriği otomatik statik tarandı; özel davranış kabulü verilmedi,17,7370ed1e6fa2e2be4263852629b65173c0469aedf3326572f941851b9d29140c,,tests/Unit/Automation/ApprovalAndLifecycleTest.php,isScheduled,,Bu dosya için ana raporda ayrı bug atanmadı; hatasız veya production-ready onayı değildir.
src/Domain/Automation/Delay/DelayedExecution.php,Sınıf: DelayedExecution,Dosya içeriği otomatik statik tarandı; özel davranış kabulü verilmedi,120,f54b5b345dcf10e41f0d37aab1b38a1c1dbe1f6a8449e3978bc8ffd82162119c,,,__construct; getId; getRuleId; getRuleName; getContext; getActionsToExecute; getExecuteAt; getScheduledAt; getStatus; getDispatchedAt; isDue; markDispatched; cancel; toArray,,"İşlevler: markDispatched, cancel. Bu dosya için ana raporda ayrı bug atanmadı; hatasız veya production-ready onayı değildir."
src/Domain/Automation/Engine/AutomationEngine.php,Sınıf: AutomationEngine,Dosya içeriği otomatik statik tarandı; özel davranış kabulü verilmedi,457,0328e4edbdcc56279fa5327f8618f68ba3d8229535348e2baed983bdbadacaaf,,tests/Unit/Automation/ApprovalAndLifecycleTest.php; tests/Unit/Automation/AutomationEngineTest.php; tests/Unit/Automation/DomainCommandAdaptersTest.php; tests/Unit/Automation/EmergencySafetyTest.php,__construct; getActionRegistry; getApprovalManager; getDelayManager; getHistoryRepository; getEmergencyPauseManager; getBlastRadiusLimiter; executeRule; processEvent; executeApprovedRequest; dispatchDueDelayedExecutions; executeAction; recordRunHistory; logExecution,"Simulation:114,116,119,122,132; Runtime exception:282","İşlevler: executeRule, processEvent, executeApprovedRequest, dispatchDueDelayedExecutions, executeAction, recordRunHistory, logExecution. Bu dosya için ana raporda ayrı bug atanmadı; hatasız veya production-ready onayı değildir."
src/Domain/Automation/Engine/AutomationExecutionReport.php,Sınıf: AutomationExecutionReport,Dosya içeriği otomatik statik tarandı; özel davranış kabulü verilmedi,89,d8e8707bbc11d248a19c8e6d1ee2430f320c541bf26537b5cb252959e7f87214,,,__construct; getContext; getResults; getTotalDurationMs; getExecutedResults; getSkippedResults; getFailedResults; hasFailures; count; toArray,,İşlevler: count. Bu dosya için ana raporda ayrı bug atanmadı; hatasız veya production-ready onayı değildir.
src/Domain/Automation/Engine/AutomationRule.php,Sınıf: AutomationRule,Dosya içeriği otomatik statik tarandı; özel davranış kabulü verilmedi,171,d21d63b6dadf5615829c39167a1b53fe55d25dd91d95060ca0ddd3c9962d291c,,tests/Unit/Automation/ApprovalAndLifecycleTest.php; tests/Unit/Automation/AutomationEngineTest.php; tests/Unit/Automation/DomainCommandAdaptersTest.php; tests/Unit/Automation/EmergencySafetyTest.php,__construct; getId; getName; setName; getDescription; setDescription; isEnabled; enable; disable; setEnabled; getPriority; setPriority; getTrigger; getBranch; getMetadata; getVersion; setVersion; getExecutionMode; setExecutionMode; getApprovalRequirement; setApprovalRequirement; requiresApproval; getDelaySeconds; setDelaySeconds; hasDelay; matchesTrigger,,"İşlevler: setName, setDescription, enable, disable, setEnabled, setPriority, setVersion, setExecutionMode, setApprovalRequirement, requiresApproval, setDelaySeconds, matchesTrigger. Bu dosya için ana raporda ayrı bug atanmadı; hatasız veya production-ready onayı değildir."
src/Domain/Automation/Engine/RuleExecutionResult.php,Sınıf: RuleExecutionResult,Dosya içeriği otomatik statik tarandı; özel davranış kabulü verilmedi,299,001f7d49e8918d23893041cda5cbc67a7b6c58c97d1d8f7c7f4003eb483dc910,,,__construct; executed; skipped; paused; pendingApproval; delayed; observed; dryRun; getRuleId; getRuleName; isExecuted; isSkipped; isPaused; getSkippedReason; isConditionPassed; getBranchTaken; getActionResults; getStatus; getExecutionMode; getApprovalId; getDelayId; hasActionFailures; isSuccessful; getExecutionTimeMs; toArray,"Simulation:147,157,169,179","İşlevler: executed, skipped, paused, pendingApproval, delayed, observed, dryRun. Bu dosya için ana raporda ayrı bug atanmadı; hatasız veya production-ready onayı değildir."
src/Domain/Automation/Execution/AutomationRunRecord.php,Sınıf: AutomationRunRecord,Dosya içeriği otomatik statik tarandı; özel davranış kabulü verilmedi,149,0745b5a78dbc69262cdff9d402b31250a64cc8103c1137b5ff65970d4df30119,,,__construct; getRunId; getRuleId; getRuleName; getRuleVersion; getEventName; getCorrelationId; getExecutionMode; getStatus; isConditionPassed; getBranchTaken; getActionResults; getContextSummary; getDurationMs; getErrorMessage; getExecutedAt; getMetadata; toArray,,Bu dosya için ana raporda ayrı bug atanmadı; hatasız veya production-ready onayı değildir.
src/Domain/Automation/Execution/ExecutionMode.php,Enum / state değerleri: ExecutionMode,Dosya içeriği otomatik statik tarandı; özel davranış kabulü verilmedi,27,cd4c77ead32e1d1448fbcde7d42c51bbb6954ddfb34588ae5b3a5999efcece7d,,tests/Unit/Automation/ApprovalAndLifecycleTest.php,isLive; isObserve; isDryRun,,Bu dosya için ana raporda ayrı bug atanmadı; hatasız veya production-ready onayı değildir.
src/Domain/Automation/Execution/InMemoryRunHistoryRepository.php,Sınıf: InMemoryRunHistoryRepository,Dosya içeriği otomatik statik tarandı; özel davranış kabulü verilmedi,62,f52edfef71e4ea682892bd40cc87d78a89d857245bdee2cee7d6eb3c1f486bed,,tests/Unit/Automation/ApprovalAndLifecycleTest.php; tests/Unit/Automation/EmergencySafetyTest.php,save; findById; findByRuleId; findByCorrelationId; listRecent; count; clear,Simulation:7,"İşlevler: save, findById, findByRuleId, findByCorrelationId, listRecent, count, clear. Bu dosya için ana raporda ayrı bug atanmadı; hatasız veya production-ready onayı değildir."
src/Domain/Automation/Execution/RunHistoryRepositoryInterface.php,Sözleşme: RunHistoryRepositoryInterface,Dosya içeriği otomatik statik tarandı; özel davranış kabulü verilmedi,29,905804a6904410a60f56ec4369d120ae8e739d1cfefc7cbce8c232a9fc8cc3a8,,,save; findById; findByRuleId; findByCorrelationId; listRecent; count,,"İşlevler: save, findById, findByRuleId, findByCorrelationId, listRecent, count. Bu dosya için ana raporda ayrı bug atanmadı; hatasız veya production-ready onayı değildir."
src/Domain/Automation/Execution/RunStatus.php,Enum / state değerleri: RunStatus,Dosya içeriği otomatik statik tarandı; özel davranış kabulü verilmedi,27,cf35b80b4b578c52d114b6666ea5fb71e8ae7b0ce74667bcb33fed7b54f2e297,,tests/Unit/Automation/ApprovalAndLifecycleTest.php; tests/Unit/Automation/EmergencySafetyTest.php,isCompleted; isPending,,Bu dosya için ana raporda ayrı bug atanmadı; hatasız veya production-ready onayı değildir.
src/Domain/Automation/Safety/BlastRadiusLimiter.php,Sınıf: BlastRadiusLimiter,Dosya içeriği otomatik statik tarandı; özel davranış kabulü verilmedi,109,f5cffec78cb3af13609fc9afc813626f9ef8283d324f857ec6122564db6c3a81,,tests/Unit/Automation/EmergencySafetyTest.php,__construct; getMaxDestructiveActions; getWindowSeconds; getDestructiveRegistry; getEmergencyPauseManager; canExecute; recordAndCheck; getRecentDestructiveCount; reset; pruneHistory,,"İşlevler: canExecute, recordAndCheck, reset, pruneHistory. Bu dosya için ana raporda ayrı bug atanmadı; hatasız veya production-ready onayı değildir."
src/Domain/Automation/Safety/DestructiveActionRegistry.php,Sınıf: DestructiveActionRegistry,Dosya içeriği otomatik statik tarandı; özel davranış kabulü verilmedi,60,f06236eed8bf4c824597676d7b35b17cd1386264db44c5c79f0339485bb78c4c,,tests/Unit/Automation/EmergencySafetyTest.php,__construct; registerDestructive; unregisterDestructive; isDestructive; getRiskLevel; all,,"İşlevler: registerDestructive, unregisterDestructive, all. Bu dosya için ana raporda ayrı bug atanmadı; hatasız veya production-ready onayı değildir."
src/Domain/Automation/Safety/EmergencyPauseManager.php,Sınıf: EmergencyPauseManager,Odaklı kod incelemesi / ana rapor bağlantısı,68,875057c7b9edd28a752666511739f02ca671c0e52abd4e4bfc1bdf0e210f4dd7,F14,tests/Unit/Automation/EmergencySafetyTest.php,__construct; pause; resume; isPaused; getState,,"İşlevler: pause, resume."
src/Domain/Automation/Safety/EmergencyPauseManagerInterface.php,Sözleşme: EmergencyPauseManagerInterface,Dosya içeriği otomatik statik tarandı; özel davranış kabulü verilmedi,28,0339fd4838cd46187a6d07d647d4494de5bca098ee9aa5b552d7aaa261b7ebaf,,,pause; resume; isPaused; getState,,"İşlevler: pause, resume. Bu dosya için ana raporda ayrı bug atanmadı; hatasız veya production-ready onayı değildir."
src/Domain/Automation/Safety/EmergencyPauseState.php,Sınıf: EmergencyPauseState,Dosya içeriği otomatik statik tarandı; özel davranış kabulü verilmedi,88,aa7440a570ad66e6b14d85395aa616b979a133d7cc437c685ee5c2ba29e6c77c,,tests/Unit/Automation/EmergencySafetyTest.php,__construct; active; paused; isPaused; getPausedBy; getReason; getPausedAt; getResumedBy; getResumedAt; getScope; toArray,,"İşlevler: active, paused. Bu dosya için ana raporda ayrı bug atanmadı; hatasız veya production-ready onayı değildir."
src/Domain/Automation/Triggers/EventTrigger.php,Sınıf: EventTrigger,Dosya içeriği otomatik statik tarandı; özel davranış kabulü verilmedi,60,c1afb1222e568e9994b46169a6f6a7bc1f4b0c11af4ac421d7151db8c5d810ba,,tests/Unit/Automation/ApprovalAndLifecycleTest.php; tests/Unit/Automation/AutomationEngineTest.php; tests/Unit/Automation/DomainCommandAdaptersTest.php; tests/Unit/Automation/EmergencySafetyTest.php; tests/Unit/Automation/TriggerTest.php,__construct; getType; getName; matches; matchesPattern,,"İşlevler: matches, matchesPattern. Bu dosya için ana raporda ayrı bug atanmadı; hatasız veya production-ready onayı değildir."
src/Domain/Automation/Triggers/ManualTrigger.php,Sınıf: ManualTrigger,Dosya içeriği otomatik statik tarandı; özel davranış kabulü verilmedi,38,9d2c91fe0901419a4dbdc808bbf2bd1fae64ba5a7bc584957c87239775740ced,,tests/Unit/Automation/TriggerTest.php,__construct; getType; getName; matches,,İşlevler: matches. Bu dosya için ana raporda ayrı bug atanmadı; hatasız veya production-ready onayı değildir.
src/Domain/Automation/Triggers/ScheduleTrigger.php,Sınıf: ScheduleTrigger,Dosya içeriği otomatik statik tarandı; özel davranış kabulü verilmedi,51,5b09fd07076c9be225c18783a25604b12a4902e47c4e7e7f2451b47495c904a0,,tests/Unit/Automation/TriggerTest.php,__construct; getType; getName; getScheduleInterval; matches,,İşlevler: matches. Bu dosya için ana raporda ayrı bug atanmadı; hatasız veya production-ready onayı değildir.
src/Domain/Automation/Triggers/TriggerContext.php,Sınıf: TriggerContext,Dosya içeriği otomatik statik tarandı; özel davranış kabulü verilmedi,117,510e3b2774006966659340f6abec73dc5bd1d7756f5f9973aed24f0afb3c7ab7,,tests/Unit/Automation/ActionTest.php; tests/Unit/Automation/ApprovalAndLifecycleTest.php; tests/Unit/Automation/AutomationEngineTest.php; tests/Unit/Automation/ConditionTest.php; tests/Unit/Automation/DomainCommandAdaptersTest.php; tests/Unit/Automation/EmergencySafetyTest.php; tests/Unit/Automation/IfElseBranchTest.php; tests/Unit/Automation/TriggerTest.php,__construct; getEventName; getPayload; getOccurredAt; getCorrelationId; get; has; set; with; all,,"İşlevler: set, with, all. Bu dosya için ana raporda ayrı bug atanmadı; hatasız veya production-ready onayı değildir."
src/Domain/Automation/Triggers/TriggerInterface.php,Sözleşme: TriggerInterface,Dosya içeriği otomatik statik tarandı; özel davranış kabulü verilmedi,23,3d0bdbfa470e3b34500419bc552e2364da826511bbe5725e1ed10f8bdf7a072d,,,getType; getName; matches,,İşlevler: matches. Bu dosya için ana raporda ayrı bug atanmadı; hatasız veya production-ready onayı değildir.
src/Domain/Automation/Versioning/RuleVersion.php,Sınıf: RuleVersion,Dosya içeriği otomatik statik tarandı; özel davranış kabulü verilmedi,106,e1f6534628ccba9db10ac869928a86c3025670acf373f9a45f8be0e359e58516,,,__construct; getVersionNumber; getRuleId; getName; getDescription; getTriggerName; getTriggerType; getPriority; getCreatedBy; getChangeSummary; getSnapshot; getCreatedAt; toArray,,Bu dosya için ana raporda ayrı bug atanmadı; hatasız veya production-ready onayı değildir.
src/Domain/Automation/Versioning/RuleVersionManager.php,Sınıf: RuleVersionManager,Odaklı kod incelemesi / ana rapor bağlantısı,114,d6c94d5f0a905921a62d486ecc118ad6ad4c51f017cac898222d28464564814f,F14,tests/Unit/Automation/ApprovalAndLifecycleTest.php,recordVersion; getVersions; getVersion; getLatestVersion; diff,,"İşlevler: recordVersion, diff."
src/Domain/Backup/BackupDestinationType.php,Enum / state değerleri: BackupDestinationType,Dosya içeriği otomatik statik tarandı; özel davranış kabulü verilmedi,15,32aac786f0c1a0b9dfdd2135a833277c2eca3bb32579f9fbc2f50676673bf99d,,tests/Integration/ReleaseRehearsal/ReleaseRehearsalLifecycleSuiteTest.php; tests/Unit/Backup/EnterpriseBackupLifecycleTest.php; tests/Unit/Backup/RestoreWizardAndDisasterRecoveryTest.php,,,Bu dosya için ana raporda ayrı bug atanmadı; hatasız veya production-ready onayı değildir.
src/Domain/Backup/BackupEncryptionService.php,Sınıf: BackupEncryptionService,Dosya içeriği otomatik statik tarandı; özel davranış kabulü verilmedi,102,7527737619bb692935a2746aee6a33a50c2eb28313bf71472fd1e6dba25433f6,,tests/Unit/Backup/EnterpriseBackupLifecycleTest.php; tests/Unit/Backup/RestoreWizardAndDisasterRecoveryTest.php,__construct; encrypt; decrypt; encryptFile; decryptFile,"Runtime exception:27,53,65,83","İşlevler: encrypt, decrypt, encryptFile, decryptFile. Bu dosya için ana raporda ayrı bug atanmadı; hatasız veya production-ready onayı değildir."
src/Domain/Backup/BackupManifest.php,Sınıf: BackupManifest,Dosya içeriği otomatik statik tarandı; özel davranış kabulü verilmedi,113,155a00909bb1b115f68bacec97f2baedaf6785159500c0a1a55fd4326d21a357,,tests/Integration/Golden/GoldenMasterScenariosE2ETest.php; tests/Unit/Backup/EnterpriseBackupLifecycleTest.php; tests/Unit/Backup/PreUpdateBackupTest.php,__construct; getBackupId; getType; getSourceAppVersion; getFileSizeBytes; getSha256Checksum; getCreatedAt; getContainedFiles; getMetadata; toArray; fromArray,,İşlevler: fromArray. Bu dosya için ana raporda ayrı bug atanmadı; hatasız veya production-ready onayı değildir.
src/Domain/Backup/BackupRetentionPolicy.php,Sınıf: BackupRetentionPolicy,Dosya içeriği otomatik statik tarandı; özel davranış kabulü verilmedi,91,50caec7564f2958a421415ba35d315f78626817f3f9acceb991d6b1242adec7a,,tests/Unit/Backup/EnterpriseBackupLifecycleTest.php,__construct; getMaxBackupsToKeep; getRetentionDays; apply,,İşlevler: apply. Bu dosya için ana raporda ayrı bug atanmadı; hatasız veya production-ready onayı değildir.
src/Domain/Backup/BackupScope.php,Enum / state değerleri: BackupScope,Dosya içeriği otomatik statik tarandı; özel davranış kabulü verilmedi,15,9539ba9211236b62e8c031b5a950c38e146f1b2e926c388f4f204488f79598f6,,tests/Integration/Golden/GoldenMasterScenariosE2ETest.php; tests/Integration/ReleaseRehearsal/ReleaseRehearsalLifecycleSuiteTest.php; tests/Unit/Backup/EnterpriseBackupLifecycleTest.php; tests/Unit/Backup/RestoreWizardAndDisasterRecoveryTest.php; tests/Unit/Backup/RollbackAndPrivacyTombstoneRestoreTest.php,,,Bu dosya için ana raporda ayrı bug atanmadı; hatasız veya production-ready onayı değildir.
src/Domain/Backup/BackupVerificationReport.php,Sınıf: BackupVerificationReport,Dosya içeriği otomatik statik tarandı; özel davranış kabulü verilmedi,96,458d3436a7446fd67cfbaf1afe071f80d08ee687e3359afa69288ec7057ac10a,,tests/Unit/Backup/PreUpdateBackupTest.php,__construct; getBackupId; getArchivePath; isValid; isArchiveExists; isManifestMatchesChecksum; isContentsReadable; getErrors; getDetails; toArray,,Bu dosya için ana raporda ayrı bug atanmadı; hatasız veya production-ready onayı değildir.
src/Domain/Backup/EnterpriseBackupService.php,Sınıf: EnterpriseBackupService,Odaklı kod incelemesi / ana rapor bağlantısı,185,83d13bceaa5c69732f875ee1e43de2222412adab3213e9b2c81fdf3a3cd5e73b,F10 F11 F12,tests/Integration/Golden/GoldenMasterScenariosE2ETest.php; tests/Integration/ReleaseRehearsal/ReleaseRehearsalLifecycleSuiteTest.php; tests/Unit/Backup/EnterpriseBackupLifecycleTest.php; tests/Unit/Backup/RestoreWizardAndDisasterRecoveryTest.php; tests/Unit/Backup/RollbackAndPrivacyTombstoneRestoreTest.php,__construct; getWorkingDirectory; createBackup; dumpDatabase,"SQLite syntax:154; Runtime exception:64,94; TODO:58,59,62,64,97,98,99,100,105,106,123,126,128,130,131; Domain SQL:154,162,173","İşlevler: createBackup, dumpDatabase."
src/Domain/Backup/PreUpdateBackupService.php,Sınıf: PreUpdateBackupService,Odaklı kod incelemesi / ana rapor bağlantısı,239,f41a47698e7d0fb8e7795e3b5eb6855913f74e8d0e7ce136aeb3f87aa5ef1e6c,F11,tests/Unit/Backup/PreUpdateBackupTest.php,__construct; getBackupStorageDir; createVerifiedPreUpdateBackup; verifyBackup; dumpDatabase,"SQLite syntax:208; Runtime exception:55,103; Domain SQL:13,35,93,104,203,208,216,227","İşlevler: createVerifiedPreUpdateBackup, verifyBackup, dumpDatabase."
src/Domain/Backup/RestoreResult.php,Sınıf: RestoreResult,Dosya içeriği otomatik statik tarandı; özel davranış kabulü verilmedi,96,da0f7fc1e35344ea3d9a780a420de65afbff87869067ea014585a0dd3cb51a51,,tests/Integration/Golden/GoldenMasterScenariosE2ETest.php; tests/Unit/Backup/RestoreWizardAndDisasterRecoveryTest.php,__construct; getBackupId; isSuccess; getDatabaseStatementsExecuted; getFilesRestored; getTablesRestored; getMetadata; getErrorMessage; getReconciliationReport; toArray,,Bu dosya için ana raporda ayrı bug atanmadı; hatasız veya production-ready onayı değildir.
src/Domain/Backup/RestoreWizardService.php,Sınıf: RestoreWizardService,Odaklı kod incelemesi / ana rapor bağlantısı,304,8198a9b99e3f2edf599d2cb97205fb16dad3d59a92f3cff31c491d9c9327808d,F12 F20,tests/Integration/Golden/GoldenMasterScenariosE2ETest.php; tests/Integration/ReleaseRehearsal/ReleaseRehearsalLifecycleSuiteTest.php; tests/Unit/Backup/RestoreWizardAndDisasterRecoveryTest.php; tests/Unit/Backup/RollbackAndPrivacyTombstoneRestoreTest.php,__construct; getTemporaryExtractDir; inspectBackup; executeRestore; splitSqlStatements; removeDirectory,"DDL:202; Runtime exception:59,66,76,89; TODO:26,30,31,35,37,53,124","İşlevler: inspectBackup, executeRestore, splitSqlStatements, removeDirectory."
src/Domain/Backup/Storage/BackupStorageAdapterInterface.php,Sözleşme: BackupStorageAdapterInterface,Dosya içeriği otomatik statik tarandı; özel davranış kabulü verilmedi,28,f80fdaeaec208151399bbe4d8994a60495f98e4241bc9b49386c08d4fac44c62,,,getType; store; retrieve; delete; exists; listBackups,,"İşlevler: store, retrieve, delete, exists, listBackups. Bu dosya için ana raporda ayrı bug atanmadı; hatasız veya production-ready onayı değildir."
src/Domain/Backup/Storage/LocalBackupStorageAdapter.php,Sınıf: LocalBackupStorageAdapter,Dosya içeriği otomatik statik tarandı; özel davranış kabulü verilmedi,114,441b150e2c3b374c01ee44df28f3021e285b63eca4773ed58abbbb3f613cdba9,,tests/Integration/Golden/GoldenMasterScenariosE2ETest.php; tests/Integration/ReleaseRehearsal/ReleaseRehearsalLifecycleSuiteTest.php; tests/Integration/SharedHost/SharedHostCompatibilityMatrixTest.php; tests/Unit/Backup/EnterpriseBackupLifecycleTest.php; tests/Unit/Backup/RestoreWizardAndDisasterRecoveryTest.php; tests/Unit/Backup/RollbackAndPrivacyTombstoneRestoreTest.php; tests/Unit/Health/SystemDoctorHealthTest.php,__construct; getType; store; retrieve; delete; exists; listBackups; getArchivePath; getManifestPath,"Runtime exception:34,39","İşlevler: store, retrieve, delete, exists, listBackups. Bu dosya için ana raporda ayrı bug atanmadı; hatasız veya production-ready onayı değildir."
src/Domain/Backup/Storage/S3BackupStorageAdapter.php,Sınıf: S3BackupStorageAdapter,Odaklı kod incelemesi / ana rapor bağlantısı,102,ec427181bdd8a3b0215fcd8365be720c3b0f17ee1f2c51ff181afd3235721eed,F10,tests/Unit/Backup/EnterpriseBackupLifecycleTest.php; tests/Unit/Backup/RestoreWizardAndDisasterRecoveryTest.php,__construct; getType; store; retrieve; delete; exists; listBackups,"Simulation:12,17,21,25,36,37,49,50,60,64,74,75,76,87,88,96,97","İşlevler: store, retrieve, delete, exists, listBackups."
src/Domain/Backup/Storage/SftpBackupStorageAdapter.php,Sınıf: SftpBackupStorageAdapter,Odaklı kod incelemesi / ana rapor bağlantısı,103,b9b1ba0246f1a719adc959fc417419e8bc60713ee685813e9847125060661686,F10,tests/Unit/Backup/EnterpriseBackupLifecycleTest.php,__construct; getType; store; retrieve; delete; exists; listBackups,"Simulation:12,16,17,21,25,36,37,50,51,61,65,75,76,77,88,89,97,98","İşlevler: store, retrieve, delete, exists, listBackups."
src/Domain/Brand/BrandService.php,Sınıf: BrandService,Dosya içeriği otomatik statik tarandı; özel davranış kabulü verilmedi,160,be6df0e3339d1ce9eee74abb1c11c26dd4e8eeed36b36530afc0275c25d140de,,tests/Unit/Domain/Brand/BrandServiceTest.php,__construct; ensureTable; getActiveBrand; updateActiveBrand; createBrand,"DDL:27; SQLite syntax:22; Domain SQL:57,100,144","İşlevler: ensureTable, updateActiveBrand, createBrand. Bu dosya için ana raporda ayrı bug atanmadı; hatasız veya production-ready onayı değildir."
src/Domain/Catalog/Entities/ConfigurableOption.php,Sınıf: ConfigurableOption,Dosya içeriği otomatik statik tarandı; özel davranış kabulü verilmedi,123,23d4bfc3f70fb9401e31cdf62a68f417912708bdd47b7b2f97c70d8a70582e54,,,__construct; getId; getProductId; getGroupId; getName; getCode; getType; getSortOrder; isRequired; isActive; getSubOptions; getTranslations; getCreatedAt; toArray,,Bu dosya için ana raporda ayrı bug atanmadı; hatasız veya production-ready onayı değildir.
src/Domain/Catalog/Entities/ConfigurableOptionSub.php,Sınıf: ConfigurableOptionSub,Dosya içeriği otomatik statik tarandı; özel davranış kabulü verilmedi,86,ee184f1cf0cb3df4d9d255497a2647b4c952f5e2c3958f35124cd413822c6353,,,__construct; getId; getOptionId; getName; getCode; getSortOrder; isActive; getTranslations; getCreatedAt; toArray,,Bu dosya için ana raporda ayrı bug atanmadı; hatasız veya production-ready onayı değildir.
src/Domain/Catalog/Entities/Product.php,Sınıf: Product,Dosya içeriği otomatik statik tarandı; özel davranış kabulü verilmedi,150,3e646bb0d819e7e0376238ec7ae0ceddc453c5cc54d20162dcd3d67f882faf59,,tests/Integration/Performance/PerformanceAndReferenceBudgetRegressionTest.php; tests/Unit/Catalog/CatalogServiceTest.php,__construct; getId; getGroupId; getSlug; getType; getName; getDescription; getTagLine; getFeatures; getSortOrder; isActive; isFeatured; getMetadata; getTranslations; getCreatedAt; toArray,,Bu dosya için ana raporda ayrı bug atanmadı; hatasız veya production-ready onayı değildir.
src/Domain/Catalog/Entities/ProductAddon.php,Sınıf: ProductAddon,Dosya içeriği otomatik statik tarandı; özel davranış kabulü verilmedi,108,36beb5aa29fa870b5db981cad11b8b96c36752bf0e1a0a92cad2c91023d4bea4,,,__construct; getId; getName; getCode; getDescription; getApplicableProductIds; isApplicableTo; getSortOrder; isActive; getTranslations; getCreatedAt; toArray,,Bu dosya için ana raporda ayrı bug atanmadı; hatasız veya production-ready onayı değildir.
src/Domain/Catalog/Entities/ProductAvailability.php,Sınıf: ProductAvailability,Dosya içeriği otomatik statik tarandı; özel davranış kabulü verilmedi,109,abc8c75c5f337db9c5c371e85cd8ffe2fd94160af99d1e0be417698dbb9ba2d3,,,__construct; getProductId; getStatus; isStockTrackingEnabled; getStockQuantity; allowsBackorders; getMaxPerCustomer; getAvailableFrom; getAvailableUntil; isPurchasable; toArray,,İşlevler: allowsBackorders. Bu dosya için ana raporda ayrı bug atanmadı; hatasız veya production-ready onayı değildir.
src/Domain/Catalog/Entities/ProductGroup.php,Sınıf: ProductGroup,Dosya içeriği otomatik statik tarandı; özel davranış kabulü verilmedi,89,bdcec3e98ced7a8474c11ec718b3b13dbe50c2ff3e9acf6aa8656437f2235e76,,tests/Unit/Catalog/CatalogServiceTest.php,__construct; getId; getSlug; getName; getDescription; getSortOrder; isActive; getTranslations; getCreatedAt; toArray,,Bu dosya için ana raporda ayrı bug atanmadı; hatasız veya production-ready onayı değildir.
src/Domain/Catalog/Services/CatalogService.php,Sınıf: CatalogService,Dosya içeriği otomatik statik tarandı; özel davranış kabulü verilmedi,1032,ad18ff0341e6d9591e5b6db7bfecee78493663c245a597470c7c458217d472e9,,tests/Integration/Performance/PerformanceAndReferenceBudgetRegressionTest.php; tests/Unit/Catalog/CatalogServiceTest.php,__construct; ensureTables; createProductGroup; findGroupById; findGroupBySlug; listGroups; updateProductGroup; createProduct; findProductById; findProductBySlug; listProductsByGroup; listAllProducts; updateProduct; hydrateGroup; hydrateProduct; generateSlug; sanitizeSlug; createConfigurableOption; createConfigurableOptionSub; getOptionsForProduct; createProductAddon; getAddonsForProduct; setProductAvailability; getProductAvailability; decrementStock,"DDL:42,59,82,102,119,137; SQLite syntax:36; Runtime exception:240,431; Domain SQL:179,208,214,223,287,342,384,390,399,414,523,665,738,772,781,840,852,887","İşlevler: ensureTables, createProductGroup, findGroupById, findGroupBySlug, listGroups, updateProductGroup, createProduct, findProductById, findProductBySlug, listProductsByGroup, listAllProducts, updateProduct, hydrateGroup, hydrateProduct, generateSlug, sanitizeSlug, createConfigurableOption, createConfigurableOptionSub, createProductAddon, setProductAvailability, decrementStock. Bu dosya için ana raporda ayrı bug atanmadı; hatasız veya production-ready onayı değildir."
src/Domain/Commerce/Credit/CreditEntry.php,Sınıf: CreditEntry,Dosya içeriği otomatik statik tarandı; özel davranış kabulü verilmedi,143,e925662546ebfb79592c35f00fdd5f26b005b5b284ea2d68f792417348c014df,,tests/Integration/Chaos/ChaosAndConcurrencySuiteTest.php; tests/Integration/Commerce/GoldenManualCommerceE2ETest.php; tests/Unit/Commerce/CreditLedgerTest.php,__construct; getId; getEntryNumber; getUserId; getOrganizationId; getCurrencyCode; getType; isCredit; isDebit; getAmountMinor; getBalanceAfterMinor; getReason; getReferenceType; getReferenceId; getAdminUserId; getMetadata; getCreatedAt; toArray,,Bu dosya için ana raporda ayrı bug atanmadı; hatasız veya production-ready onayı değildir.
src/Domain/Commerce/Credit/CreditService.php,Sınıf: CreditService,Odaklı kod incelemesi / ana rapor bağlantısı,484,c883f904d66418d29d51873a3d8813b18c079edeffc15db94b76ad647e3db5e4,F16 F02,tests/Integration/Chaos/ChaosAndConcurrencySuiteTest.php; tests/Integration/Commerce/GoldenManualCommerceE2ETest.php; tests/Unit/Commerce/CreditLedgerTest.php,__construct; ensureTables; getBalance; addCredit; deductCredit; applyCreditToInvoice; refundToCredit; adjustBalance; findEntryById; findEntryByNumber; listEntriesForUser; nextEntryNumber; hydrateEntry,"DDL:37,59; SQLite syntax:32; Runtime exception:243,248,308,313; Domain SQL:75,120,192,400,406,415,442,443,450","SQLite SQL sözdizimi; hedef MariaDB uyumu açık. İşlevler: ensureTables, addCredit, deductCredit, applyCreditToInvoice, refundToCredit, adjustBalance, findEntryById, findEntryByNumber, listEntriesForUser, nextEntryNumber, hydrateEntry."
src/Domain/Commerce/Invoices/Invoice.php,Sınıf: Invoice,Dosya içeriği otomatik statik tarandı; özel davranış kabulü verilmedi,191,8ba03a97e597cbbb328538208431d7b59bffe915804f262a2d5656d5fe6fb2e2,,tests/Integration/Chaos/ChaosAndConcurrencySuiteTest.php; tests/Integration/Commerce/GoldenManualCommerceE2ETest.php; tests/Integration/Golden/GoldenMasterScenariosE2ETest.php; tests/Unit/Automation/DomainCommandAdaptersTest.php; tests/Unit/Commerce/CreditLedgerTest.php; tests/Unit/Commerce/InvoiceServiceTest.php; tests/Unit/Commerce/OverdueLifecycleWorkflowTest.php; tests/Unit/Commerce/PartialPaymentAndRefundTest.php; tests/Unit/Commerce/PaymentServiceTest.php; tests/Unit/Commerce/RecurringRenewalTest.php; tests/Unit/Commerce/ServiceRenewalSchedulerTest.php; tests/Unit/Documents/DocumentRenderServiceTest.php; tests/Unit/Provisioning/AutomatedHostingGoldenE2ETest.php,__construct; getId; getInvoiceNumber; getUserId; getOrganizationId; getOrderId; getStatus; getCurrencyCode; getSubtotalMinor; getTaxTotalMinor; getTotalMinor; getPaidAmountMinor; getBalanceDueMinor; getIssueDate; getDueDate; getPaidAt; getCurrencySnapshot; getTaxSnapshot; getNotes; getItems; isDraft; isPaid; isUnpaid; toArray,,Bu dosya için ana raporda ayrı bug atanmadı; hatasız veya production-ready onayı değildir.
src/Domain/Commerce/Invoices/InvoiceItem.php,Sınıf: InvoiceItem,Dosya içeriği otomatik statik tarandı; özel davranış kabulü verilmedi,115,18897246ad91136986a0aa9cd73f5af05c9e3306148d9c7954d576ff594f8b2c,,tests/Unit/Documents/DocumentRenderServiceTest.php,__construct; getId; getInvoiceId; getDescription; getQuantity; getUnitAmountMinor; getSubtotalMinor; getTaxAmountMinor; getTotalMinor; getOrderItemId; getServiceId; getTaxSnapshot; getMetadata; toArray,,Bu dosya için ana raporda ayrı bug atanmadı; hatasız veya production-ready onayı değildir.
src/Domain/Commerce/Invoices/InvoiceService.php,Sınıf: InvoiceService,Odaklı kod incelemesi / ana rapor bağlantısı,466,65b5949bdfe527e8b6c6938af60a32687fa975ed0388934bf5a64a616877cf4b,F02 F07 F16 F30,tests/Integration/Chaos/ChaosAndConcurrencySuiteTest.php; tests/Integration/Commerce/GoldenManualCommerceE2ETest.php; tests/Integration/Golden/GoldenMasterScenariosE2ETest.php; tests/Integration/Performance/PerformanceAndReferenceBudgetRegressionTest.php; tests/Unit/Api/CommerceApiAndApplicationLayerTest.php; tests/Unit/Automation/DomainCommandAdaptersTest.php; tests/Unit/Automation/EmergencySafetyTest.php; tests/Unit/Commerce/CreditLedgerTest.php; tests/Unit/Commerce/InvoiceServiceTest.php; tests/Unit/Commerce/MissedSchedulerCatchupServiceTest.php; tests/Unit/Commerce/OverdueLifecycleWorkflowTest.php; tests/Unit/Commerce/PartialPaymentAndRefundTest.php; tests/Unit/Commerce/PaymentServiceTest.php; tests/Unit/Commerce/RecurringRenewalTest.php; tests/Unit/Commerce/RenewalGoldenE2ETest.php; tests/Unit/Commerce/ServiceRenewalSchedulerTest.php; tests/Unit/Documents/ProformaServiceTest.php; tests/Unit/Payments/PaymentWebhookAndRefundTest.php; tests/Unit/Provisioning/AutomatedHostingGoldenE2ETest.php,__construct; ensureTables; createInvoice; createInvoiceFromOrder; findInvoiceById; findInvoiceByNumber; listInvoicesForUser; updateStatus; applyPayment; applyRefund; nextInvoiceNumber; hydrateInvoice,"DDL:37,64,86; SQLite syntax:31; Mutable finance:335,356,379; Runtime exception:332,348,369; Domain SQL:177,205,302,308,318,335,356,379,394,395,402,418","SQLite SQL sözdizimi; hedef MariaDB uyumu açık. İşlevler: ensureTables, createInvoice, createInvoiceFromOrder, findInvoiceById, findInvoiceByNumber, listInvoicesForUser, updateStatus, applyPayment, applyRefund, nextInvoiceNumber, hydrateInvoice."
src/Domain/Commerce/Orders/Order.php,Sınıf: Order,Dosya içeriği otomatik statik tarandı; özel davranış kabulü verilmedi,138,0ca10ca9aff7ab726ce6dd0a4116389e5a26925c00ba17d537c6ca62a1a2c3c5,,tests/Integration/Commerce/GoldenManualCommerceE2ETest.php; tests/Integration/Golden/GoldenMasterScenariosE2ETest.php; tests/Unit/Commerce/InvoiceServiceTest.php; tests/Unit/Commerce/OrderServiceTest.php; tests/Unit/Commerce/PaymentServiceTest.php; tests/Unit/Commerce/ServiceLifecycleTest.php; tests/Unit/Provisioning/AutomatedHostingGoldenE2ETest.php,__construct; getId; getOrderNumber; getUserId; getOrganizationId; getStatus; getCurrencyCode; getSubtotalMinor; getTaxTotalMinor; getTotalMinor; getNotes; getIpAddress; getItems; isPendingPayment; isActive; isCompleted; isCancelled; getCreatedAt; toArray,,Bu dosya için ana raporda ayrı bug atanmadı; hatasız veya production-ready onayı değildir.
src/Domain/Commerce/Orders/OrderItem.php,Sınıf: OrderItem,Dosya içeriği otomatik statik tarandı; özel davranış kabulü verilmedi,119,970170e146818aae0e3c20727b117e77b91cd3138baa526fc1bcb4a76b72793e,,,__construct; getId; getOrderId; getProductId; getProductName; getCycle; getQuantity; getUnitPriceMinor; getUnitSetupFeeMinor; getTotalMinor; getOptionSubIds; getAddonIds; getMetadata; toArray,,Bu dosya için ana raporda ayrı bug atanmadı; hatasız veya production-ready onayı değildir.
src/Domain/Commerce/Orders/OrderService.php,Sınıf: OrderService,Odaklı kod incelemesi / ana rapor bağlantısı,358,91e7170fb4f6f50b6cf65a3a4110b6577daa554a57b63a3bd45fcc010edbb5d1,F07,tests/Integration/Chaos/ChaosAndConcurrencySuiteTest.php; tests/Integration/Commerce/GoldenManualCommerceE2ETest.php; tests/Integration/Golden/GoldenMasterScenariosE2ETest.php; tests/Integration/Performance/PerformanceAndReferenceBudgetRegressionTest.php; tests/Unit/Api/CommerceApiAndApplicationLayerTest.php; tests/Unit/Commerce/CreditLedgerTest.php; tests/Unit/Commerce/InvoiceServiceTest.php; tests/Unit/Commerce/OrderServiceTest.php; tests/Unit/Commerce/PartialPaymentAndRefundTest.php; tests/Unit/Commerce/PaymentServiceTest.php; tests/Unit/Commerce/ServiceLifecycleTest.php; tests/Unit/Documents/QuoteServiceTest.php; tests/Unit/Payments/PaymentWebhookAndRefundTest.php; tests/Unit/Provisioning/AutomatedHostingGoldenE2ETest.php,__construct; ensureTables; createOrder; findOrderById; findOrderByNumber; transitionOrderStatus; listOrdersForUser; hydrateOrder; generateOrderNumber,"DDL:37,58; SQLite syntax:31; Runtime exception:273; Domain SQL:177,201,256,262,279,291,311","İşlevler: ensureTables, createOrder, findOrderById, findOrderByNumber, transitionOrderStatus, listOrdersForUser, hydrateOrder, generateOrderNumber."
src/Domain/Commerce/Orders/OrderStateMachine.php,Sınıf: OrderStateMachine,Dosya içeriği otomatik statik tarandı; özel davranış kabulü verilmedi,62,6ef87a0af8ec868f2d435b130eed0cbc9b3f2614f7260ca0d074692c0560f970,,tests/Integration/Chaos/ChaosAndConcurrencySuiteTest.php; tests/Integration/Commerce/GoldenManualCommerceE2ETest.php; tests/Integration/Golden/GoldenMasterScenariosE2ETest.php; tests/Unit/Api/CommerceApiAndApplicationLayerTest.php; tests/Unit/Commerce/CreditLedgerTest.php; tests/Unit/Commerce/OrderServiceTest.php; tests/Unit/Commerce/PartialPaymentAndRefundTest.php; tests/Unit/Commerce/PaymentServiceTest.php; tests/Unit/Payments/PaymentWebhookAndRefundTest.php,canTransition; validateTransition,,"İşlevler: canTransition, validateTransition. Bu dosya için ana raporda ayrı bug atanmadı; hatasız veya production-ready onayı değildir."
src/Domain/Commerce/Payments/Exceptions/PaymentRefundFailedException.php,Sınıf: PaymentRefundFailedException,Dosya içeriği otomatik statik tarandı; özel davranış kabulü verilmedi,46,81b109c6df5bc9e8e3709275cfe8b38e1b1119b86fe5f634ce5c76f512d51bde,,tests/Unit/Payments/PaymentWebhookAndRefundTest.php,__construct; getPaymentId; getAmountMinor; getErrorCode; getRawDetails,,Bu dosya için ana raporda ayrı bug atanmadı; hatasız veya production-ready onayı değildir.
src/Domain/Commerce/Payments/Gateways/Iyzico/IyzicoConfiguration.php,Sınıf: IyzicoConfiguration,Dosya içeriği otomatik statik tarandı; özel davranış kabulü verilmedi,61,c9a6d1fcf8ad8ec34df616e7c3df43ffc2552f6879765cf42baae627642bea78,,tests/Integration/Chaos/ChaosAndConcurrencySuiteTest.php; tests/Unit/Api/CommerceApiAndApplicationLayerTest.php; tests/Unit/Foundation/Health/IntegrationHealthHooksTest.php; tests/Unit/Payments/IyzicoPaymentGatewayTest.php; tests/Unit/Payments/PaymentWebhookAndRefundTest.php; tests/Unit/Provisioning/AutomatedHostingGoldenE2ETest.php,__construct; getApiKey; getSecretKey; getMaskedSecretKey; getBaseUrl; isTestMode; toSafeArray,,Bu dosya için ana raporda ayrı bug atanmadı; hatasız veya production-ready onayı değildir.
src/Domain/Commerce/Payments/Gateways/Iyzico/IyzicoPaymentGateway.php,Sınıf: IyzicoPaymentGateway,Odaklı kod incelemesi / ana rapor bağlantısı,273,9caa238b5306af36a5ebc555710ba77d7ab05d17bcbf1a613b114ce10a4c091c,F27,tests/Integration/Chaos/ChaosAndConcurrencySuiteTest.php; tests/Unit/Api/CommerceApiAndApplicationLayerTest.php; tests/Unit/Payments/IyzicoPaymentGatewayTest.php; tests/Unit/Payments/PaymentWebhookAndRefundTest.php; tests/Unit/Provisioning/AutomatedHostingGoldenE2ETest.php,__construct; getGatewayId; getIdentifier; getDisplayName; initializeCheckout; verifyPayment; refund; callApi; generateAuthorizationHeader,Runtime exception:254,"İşlevler: initializeCheckout, verifyPayment, refund, callApi, generateAuthorizationHeader."
src/Domain/Commerce/Payments/Gateways/PaymentCheckoutRequest.php,Sınıf: PaymentCheckoutRequest,Dosya içeriği otomatik statik tarandı; özel davranış kabulü verilmedi,123,5aadbcb36b59b6f729847abd49660249c67d1d618c9699340ac3c8c07aa8bcd1,,tests/Unit/Payments/IyzicoPaymentGatewayTest.php,__construct; getPaymentNumber; getInvoiceId; getAmountMinor; getAmountDecimal; getCurrencyCode; getCallbackUrl; getBuyerId; getBuyerName; getBuyerSurname; getBuyerEmail; getBuyerIp; getBuyerGsm; getBuyerAddress; getBuyerCity; getBuyerCountry; getItems; getMetadata,,Bu dosya için ana raporda ayrı bug atanmadı; hatasız veya production-ready onayı değildir.
src/Domain/Commerce/Payments/Gateways/PaymentCheckoutResponse.php,Sınıf: PaymentCheckoutResponse,Dosya içeriği otomatik statik tarandı; özel davranış kabulü verilmedi,82,068943786cafff2a01f2b2f511d00735d4b64e59cad3af63c91b1852875cc594,,,__construct; successful; failure; isSuccess; getToken; getCheckoutFormContent; getCheckoutUrl; getErrorMessage; getRawPayload,,"İşlevler: successful, failure. Bu dosya için ana raporda ayrı bug atanmadı; hatasız veya production-ready onayı değildir."
src/Domain/Commerce/Payments/Gateways/PaymentGatewayInterface.php,Sözleşme: PaymentGatewayInterface,Dosya içeriği otomatik statik tarandı; özel davranış kabulü verilmedi,20,ccff8a58449bb630c7afd7709d1a6ebfda220062fbef8346f3ed65b2ef9c5396,,,getGatewayId; getIdentifier; getDisplayName; initializeCheckout; verifyPayment; refund,,"İşlevler: initializeCheckout, verifyPayment, refund. Bu dosya için ana raporda ayrı bug atanmadı; hatasız veya production-ready onayı değildir."
src/Domain/Commerce/Payments/Gateways/PaymentRefundRequest.php,Sınıf: PaymentRefundRequest,Dosya içeriği otomatik statik tarandı; özel davranış kabulü verilmedi,53,606973c6f273d008fa664643dd2393d082769a6b44e3266092a3b96424842cc5,,tests/Unit/Payments/IyzicoPaymentGatewayTest.php,__construct; getPaymentTransactionId; getRefundAmountMinor; getRefundAmountDecimal; getCurrencyCode; getReason; getMetadata,,Bu dosya için ana raporda ayrı bug atanmadı; hatasız veya production-ready onayı değildir.
src/Domain/Commerce/Payments/Gateways/PaymentRefundResponse.php,Sınıf: PaymentRefundResponse,Dosya içeriği otomatik statik tarandı; özel davranış kabulü verilmedi,78,236fb9c7af5bff2c35ccf3d83aa78971ca3caa3b158acda8127f94b37f14f23c,,,__construct; successful; failure; isSuccess; getRefundId; getRefundedAmountMinor; getErrorCode; getErrorMessage; getRawPayload,,"İşlevler: successful, failure. Bu dosya için ana raporda ayrı bug atanmadı; hatasız veya production-ready onayı değildir."
src/Domain/Commerce/Payments/Gateways/PaymentVerificationRequest.php,Sınıf: PaymentVerificationRequest,Dosya içeriği otomatik statik tarandı; özel davranış kabulü verilmedi,30,8bd3f9c60bdfb0e1c1d4c984ec11933aa51925d646f858e7cf80cdf741e96faa,,tests/Unit/Payments/IyzicoPaymentGatewayTest.php,__construct; getToken; getRawCallbackData,,Bu dosya için ana raporda ayrı bug atanmadı; hatasız veya production-ready onayı değildir.
src/Domain/Commerce/Payments/Gateways/PaymentVerificationResponse.php,Sınıf: PaymentVerificationResponse,Dosya içeriği otomatik statik tarandı; özel davranış kabulü verilmedi,127,4f20b2e88a0281852605a55a1e56371c2c8c808593d937d6774af2a271cc6232,,,__construct; successful; failure; isSuccess; getPaymentId; getPaymentTransactionId; getPaidAmountMinor; getCurrency; getFeeMinor; getCardAssociation; getCardFamily; getInstallments; getPaymentNumber; getErrorMessage; getRawPayload,,"İşlevler: successful, failure. Bu dosya için ana raporda ayrı bug atanmadı; hatasız veya production-ready onayı değildir."
src/Domain/Commerce/Payments/Gateways/PaymentWebhookEvent.php,Sınıf: PaymentWebhookEvent,Dosya içeriği otomatik statik tarandı; özel davranış kabulü verilmedi,88,ed6eeb8629d674975a0a813c42d604299acf5dbd663ec3c2355a16e8cc16a669,,tests/Integration/Chaos/ChaosAndConcurrencySuiteTest.php,__construct; getId; getGateway; getEventId; getEventType; getPayloadHash; getStatus; getPaymentId; getErrorMessage; getPayload; getProcessedAt; getCreatedAt,,Bu dosya için ana raporda ayrı bug atanmadı; hatasız veya production-ready onayı değildir.
src/Domain/Commerce/Payments/Gateways/PaymentWebhookHandler.php,Sınıf: PaymentWebhookHandler,Odaklı kod incelemesi / ana rapor bağlantısı,307,0d8b0fb1e8f7595744024ed3bd4ce7290b375d63d8cfcae9e178d928be761c8b,F06,tests/Integration/Chaos/ChaosAndConcurrencySuiteTest.php; tests/Unit/Payments/PaymentWebhookAndRefundTest.php,__construct; handleIyzicoCallback; handleGenericWebhook; findEvent; recordEvent,"Domain SQL:267,289","İşlevler: handleIyzicoCallback, handleGenericWebhook, findEvent, recordEvent."
src/Domain/Commerce/Payments/Gateways/PaymentWebhookResult.php,Sınıf: PaymentWebhookResult,Dosya içeriği otomatik statik tarandı; özel davranış kabulü verilmedi,164,788f819371df0b52a0cd286bde4622a17bd65a67bae1378a71cb7a99116b9a18,,tests/Integration/Chaos/ChaosAndConcurrencySuiteTest.php,__construct; processed; duplicate; alreadyCompleted; failed; isSuccess; isDuplicate; isProcessed; isFailed; getStatus; getMessage; getPaymentId; getPaymentNumber; getEventId; getMetadata,,"İşlevler: processed, duplicate, alreadyCompleted, failed. Bu dosya için ana raporda ayrı bug atanmadı; hatasız veya production-ready onayı değildir."
src/Domain/Commerce/Payments/Payment.php,Sınıf: Payment,Dosya içeriği otomatik statik tarandı; özel davranış kabulü verilmedi,219,2d46b9ec9155665430245b4ba4501664f614487a848756f900b1cf43e332820c,,tests/Integration/Chaos/ChaosAndConcurrencySuiteTest.php; tests/Integration/Commerce/GoldenManualCommerceE2ETest.php; tests/Integration/Golden/GoldenMasterScenariosE2ETest.php; tests/Unit/Commerce/CreditLedgerTest.php; tests/Unit/Commerce/PartialPaymentAndRefundTest.php; tests/Unit/Commerce/PaymentServiceTest.php; tests/Unit/Payments/PaymentWebhookAndRefundTest.php; tests/Unit/Provisioning/AutomatedHostingGoldenE2ETest.php,__construct; getId; getPaymentNumber; getUserId; getOrganizationId; getInvoiceId; getPaymentMethod; getAmountMinor; getFeeMinor; getNetAmountMinor; getCurrencyCode; getStatus; getTransactionReference; getProofDocumentUrl; getNotes; getPaidAt; getMetadata; getAllocations; getAllocatedAmountMinor; getUnallocatedAmountMinor; getRefundedAmountMinor; getRefundableAmountMinor; isCompleted; isPending; isRefunded; isPartiallyRefunded; getCreatedAt; toArray,,Bu dosya için ana raporda ayrı bug atanmadı; hatasız veya production-ready onayı değildir.
src/Domain/Commerce/Payments/PaymentAllocation.php,Sınıf: PaymentAllocation,Dosya içeriği otomatik statik tarandı; özel davranış kabulü verilmedi,76,02066ea4f42a2689a6356b6d57cf553e913e9dd17369f77ef8f038f39967cd48,,,__construct; getId; getPaymentId; getInvoiceId; getAmountMinor; getInvoiceItemId; getAllocatedAt; getMetadata; toArray,,Bu dosya için ana raporda ayrı bug atanmadı; hatasız veya production-ready onayı değildir.
src/Domain/Commerce/Payments/PaymentService.php,Sınıf: PaymentService,Odaklı kod incelemesi / ana rapor bağlantısı,1014,f0f68e1a2ba546cf5916e89ee8ce8d37d29708e38a0e52db544b8e4e0f1318f6,F02 F05 F06,tests/Integration/Chaos/ChaosAndConcurrencySuiteTest.php; tests/Integration/Commerce/GoldenManualCommerceE2ETest.php; tests/Integration/Golden/GoldenMasterScenariosE2ETest.php; tests/Unit/Api/CommerceApiAndApplicationLayerTest.php; tests/Unit/Commerce/CreditLedgerTest.php; tests/Unit/Commerce/PartialPaymentAndRefundTest.php; tests/Unit/Commerce/PaymentServiceTest.php; tests/Unit/Finance/ProfitabilityServiceTest.php; tests/Unit/Payments/PaymentWebhookAndRefundTest.php; tests/Unit/Provisioning/AutomatedHostingGoldenE2ETest.php,__construct; ensureTables; recordPayment; approveManualPayment; rejectManualPayment; allocatePayment; findPaymentById; findPaymentByNumber; listPaymentsForInvoice; listPaymentsForUser; nextPaymentNumber; executeAllocation; hydratePayment; recordRefund; nextRefundNumber; findRefundById; findRefundByNumber; listRefundsForPayment; listRefundsForInvoice; listRefundsForUser; hydrateRefund; refundViaGateway; recordRefundAttempt; listRefundAttemptsForPayment; completePaymentFromGateway; failPaymentFromGateway; findPaymentByToken,"DDL:46,72,88,98,119,129,149; SQLite syntax:40; Mutable finance:287,319,644,991; Runtime exception:277,311,341,353,358,586,769,938,983; TODO:12,26,127,128,140,142,145,803,808,823,828,844,848,858,861,863,879,881; Domain SQL:214,287,319,374,380,390,398,424,446,447,454,480,496,527,548,617,638,644","SQLite SQL sözdizimi; hedef MariaDB uyumu açık. İşlevler: ensureTables, recordPayment, approveManualPayment, rejectManualPayment, allocatePayment, findPaymentById, findPaymentByNumber, listPaymentsForInvoice, listPaymentsForUser, nextPaymentNumber, executeAllocation, hydratePayment, recordRefund, nextRefundNumber, findRefundById, findRefundByNumber, listRefundsForPayment, listRefundsForInvoice, listRefundsForUser, hydrateRefund, refundViaGateway, recordRefundAttempt, listRefundAttemptsForPayment, completePaymentFromGateway, failPaymentFromGateway, findPaymentByToken."
src/Domain/Commerce/Payments/Refund.php,Sınıf: Refund,Dosya içeriği otomatik statik tarandı; özel davranış kabulü verilmedi,115,12659ea7dbda7fd437d84bd6cb7bdb0a61369f4c3a819333491ea84eb2b0eeb7,,tests/Unit/Commerce/PartialPaymentAndRefundTest.php; tests/Unit/Payments/PaymentWebhookAndRefundTest.php,__construct; getId; getRefundNumber; getPaymentId; getInvoiceId; getUserId; getAmountMinor; getCurrencyCode; getReason; getRefundMethod; getTransactionReference; getRefundedAt; getMetadata; toArray,,Bu dosya için ana raporda ayrı bug atanmadı; hatasız veya production-ready onayı değildir.
src/Domain/Commerce/Payments/RefundAttempt.php,Sınıf: RefundAttempt,Dosya içeriği otomatik statik tarandı; özel davranış kabulü verilmedi,97,17f77751b91ae02cb4c58b2951758a424ec0ebb96c1ef65e1ba24e641c035d6e,,,__construct; getId; getPaymentId; getAmountMinor; getReason; getGateway; getStatus; isSuccess; isFailed; getErrorCode; getErrorMessage; getTransactionReference; getMetadata; getAttemptedAt,"TODO:7,26,93,95",Bu dosya için ana raporda ayrı bug atanmadı; hatasız veya production-ready onayı değildir.
src/Domain/Commerce/Recurring/BillingPeriod.php,Sınıf: BillingPeriod,Dosya içeriği otomatik statik tarandı; özel davranış kabulü verilmedi,61,94654e1b5b7f764fd6253db04e18bf329373b75a7c259306aabefe450bcd12e6,,tests/Integration/Commerce/GoldenManualCommerceE2ETest.php; tests/Unit/Automation/DomainCommandAdaptersTest.php; tests/Unit/Commerce/RecurringRenewalTest.php,calculateNextDueDate; computePeriod; isDueForRenewal,,"İşlevler: calculateNextDueDate, computePeriod. Bu dosya için ana raporda ayrı bug atanmadı; hatasız veya production-ready onayı değildir."
src/Domain/Commerce/Recurring/RenewalInvoiceService.php,Sınıf: RenewalInvoiceService,Dosya içeriği otomatik statik tarandı; özel davranış kabulü verilmedi,213,069b2a6afc0ccb18cf2a37054b17d82803bd76f59b7aebefa63e603751c73ba1,,tests/Integration/Chaos/ChaosAndConcurrencySuiteTest.php; tests/Integration/Commerce/GoldenManualCommerceE2ETest.php; tests/Integration/Golden/GoldenMasterScenariosE2ETest.php; tests/Unit/Automation/DomainCommandAdaptersTest.php; tests/Unit/Commerce/MissedSchedulerCatchupServiceTest.php; tests/Unit/Commerce/RecurringRenewalTest.php; tests/Unit/Commerce/RenewalGoldenE2ETest.php; tests/Unit/Commerce/ServiceRenewalSchedulerTest.php,__construct; ensureTables; isRenewalAlreadyGenerated; findRenewalRecord; generateRenewalInvoice; processBatchRenewals; advanceNextDueDate,"DDL:34; SQLite syntax:29; Domain SQL:59,71,166","İşlevler: ensureTables, findRenewalRecord, generateRenewalInvoice, processBatchRenewals, advanceNextDueDate. Bu dosya için ana raporda ayrı bug atanmadı; hatasız veya production-ready onayı değildir."
src/Domain/Commerce/Recurring/Scheduler/CatchupBatchReport.php,Sınıf: CatchupBatchReport,Dosya içeriği otomatik statik tarandı; özel davranış kabulü verilmedi,120,efdaef7f555c3da07fbec0f595d0856a6a4f33784b7bcdffa408f51ed56e33b5,,tests/Unit/Commerce/MissedSchedulerCatchupServiceTest.php,__construct; getSchedulerName; getStartDate; getEndDate; getMissedDaysCount; getRenewalReports; getOverdueReports; getTotalInvoicesGenerated; getTotalSuspended; getTotalTerminated; getDurationMs; getCompletedAt; toArray,,Bu dosya için ana raporda ayrı bug atanmadı; hatasız veya production-ready onayı değildir.
src/Domain/Commerce/Recurring/Scheduler/MissedSchedulerCatchupService.php,Sınıf: MissedSchedulerCatchupService,Dosya içeriği otomatik statik tarandı; özel davranış kabulü verilmedi,172,fa540fbbc5c68880ad8e37f921e15a76b1a0f6ecdd0047c315412f5d89155f30,F02,tests/Integration/Chaos/ChaosAndConcurrencySuiteTest.php; tests/Unit/Commerce/MissedSchedulerCatchupServiceTest.php; tests/Unit/Commerce/RenewalGoldenE2ETest.php,__construct; ensureTables; getLastCheckpoint; recordCheckpoint; catchup; computeMissingDates,"DDL:28; Simulation:109,112; Domain SQL:43,57,59,67","SQLite SQL sözdizimi; hedef MariaDB uyumu açık. İşlevler: ensureTables, recordCheckpoint, catchup, computeMissingDates."
src/Domain/Commerce/Recurring/Scheduler/RenewalBatchReport.php,Sınıf: RenewalBatchReport,Dosya içeriği otomatik statik tarandı; özel davranış kabulü verilmedi,120,33b263f30ff63f071f6b9d7545384b7b112f81add7678d9aada0aadbe1330539,,,__construct; getAsOfDate; getResults; getDurationMs; getRunAt; totalEvaluated; getGeneratedResults; getGeneratedCount; getSkippedResults; getSkippedCount; getFailedResults; getFailedCount; getInvoices; toArray,,Bu dosya için ana raporda ayrı bug atanmadı; hatasız veya production-ready onayı değildir.
src/Domain/Commerce/Recurring/Scheduler/RenewalExecutionResult.php,Sınıf: RenewalExecutionResult,Dosya içeriği otomatik statik tarandı; özel davranış kabulü verilmedi,112,a51182adc65026093113632255ccc6d46a52dba9f674c6698a4cb8a9abcf0d1c,,,__construct; generated; skipped; failed; getServiceId; isGenerated; isSkipped; isFailed; getInvoice; getSkippedReason; getErrorMessage; isNotificationSent; toArray,,"İşlevler: generated, skipped, failed. Bu dosya için ana raporda ayrı bug atanmadı; hatasız veya production-ready onayı değildir."
src/Domain/Commerce/Recurring/Scheduler/RenewalPolicy.php,Sınıf: RenewalPolicy,Dosya içeriği otomatik statik tarandı; özel davranış kabulü verilmedi,42,0e064461a7f165bb196d2fed907bf424ec591355e37fe76ba72273280675c286,,tests/Integration/Chaos/ChaosAndConcurrencySuiteTest.php; tests/Integration/Golden/GoldenMasterScenariosE2ETest.php; tests/Unit/Commerce/MissedSchedulerCatchupServiceTest.php; tests/Unit/Commerce/RenewalGoldenE2ETest.php; tests/Unit/Commerce/ServiceRenewalSchedulerTest.php,__construct; getLeadDays; isAutoRenewOnly; shouldSendNotification; getInvoiceDueDays,,İşlevler: shouldSendNotification. Bu dosya için ana raporda ayrı bug atanmadı; hatasız veya production-ready onayı değildir.
src/Domain/Commerce/Recurring/Scheduler/ServiceRenewalScheduler.php,Sınıf: ServiceRenewalScheduler,Dosya içeriği otomatik statik tarandı; özel davranış kabulü verilmedi,157,d1db779d8a330ab956073458853a2de730e3ffb5b31f4c3b5bff8bbafba38d93,,tests/Integration/Chaos/ChaosAndConcurrencySuiteTest.php; tests/Integration/Golden/GoldenMasterScenariosE2ETest.php; tests/Unit/Commerce/MissedSchedulerCatchupServiceTest.php; tests/Unit/Commerce/RenewalGoldenE2ETest.php; tests/Unit/Commerce/ServiceRenewalSchedulerTest.php,__construct; run; evaluateAndGenerateForService; sendRenewalNotification; logReport,TODO:126,"İşlevler: run, evaluateAndGenerateForService, sendRenewalNotification, logReport. Bu dosya için ana raporda ayrı bug atanmadı; hatasız veya production-ready onayı değildir."
src/Domain/Commerce/Services/Exceptions/ServiceConcurrencyException.php,Sınıf: ServiceConcurrencyException,Dosya içeriği otomatik statik tarandı; özel davranış kabulü verilmedi,23,735c7a285e778ebad19778f7da176e9b7a0a9a7fd53f46895a236c600978ad4d,,tests/Integration/Chaos/ChaosAndConcurrencySuiteTest.php; tests/Unit/Provisioning/NoDuplicateRemoteAccountFailureTest.php; tests/Unit/Services/ServiceConcurrencyTest.php,versionMismatch,,İşlevler: versionMismatch. Bu dosya için ana raporda ayrı bug atanmadı; hatasız veya production-ready onayı değildir.
src/Domain/Commerce/Services/Lifecycle/OverdueBatchReport.php,Sınıf: OverdueBatchReport,Dosya içeriği otomatik statik tarandı; özel davranış kabulü verilmedi,99,5c22cb24d032446d6007190951e0f70d7e02963c28f77a2296c00ab4ec61da2a,,,__construct; getReferenceDate; getResults; totalEvaluated; getSuspendedCount; getTerminatedCount; getRemindersCount; getUnsuspendedCount; getPausedCount; getFailedCount; getDurationMs; getEvaluatedAt; toArray,,Bu dosya için ana raporda ayrı bug atanmadı; hatasız veya production-ready onayı değildir.
src/Domain/Commerce/Services/Lifecycle/OverdueEvaluationResult.php,Sınıf: OverdueEvaluationResult,Dosya içeriği otomatik statik tarandı; özel davranış kabulü verilmedi,125,d29115260a8d4a5fdd1987c82427a5bba1feda1a0b0af0d230482183b480cf05,,,__construct; suspended; terminated; unsuspended; reminder; none; exempt; pendingApproval; paused; failed; getServiceId; getServiceNumber; getAction; getDaysOverdue; getReason; isNotificationSent; getErrorMessage; isSuccessful; isPaused; toArray,,"İşlevler: suspended, terminated, unsuspended, reminder, none, exempt, pendingApproval, paused, failed. Bu dosya için ana raporda ayrı bug atanmadı; hatasız veya production-ready onayı değildir."
src/Domain/Commerce/Services/Lifecycle/OverdueGracePolicy.php,Sınıf: OverdueGracePolicy,Dosya içeriği otomatik statik tarandı; özel davranış kabulü verilmedi,69,8317fefd9b20de22e6a06b0d66bab627a6189945449e0f9a038a6b66511581da,,tests/Integration/Chaos/ChaosAndConcurrencySuiteTest.php; tests/Integration/Golden/GoldenMasterScenariosE2ETest.php; tests/Unit/Automation/EmergencySafetyTest.php; tests/Unit/Commerce/MissedSchedulerCatchupServiceTest.php; tests/Unit/Commerce/OverdueLifecycleWorkflowTest.php; tests/Unit/Commerce/RenewalGoldenE2ETest.php,__construct; getGracePeriodDays; getTerminationGraceDays; getReminderDays; isAutoReactivationAllowed; requiresApprovalForTermination; getExemptTags; shouldSendNotifications,,"İşlevler: requiresApprovalForTermination, shouldSendNotifications. Bu dosya için ana raporda ayrı bug atanmadı; hatasız veya production-ready onayı değildir."
src/Domain/Commerce/Services/Lifecycle/OverdueLifecycleWorkflow.php,Sınıf: OverdueLifecycleWorkflow,Odaklı kod incelemesi / ana rapor bağlantısı,292,559f1273fdabec02d6a9e8de1c844e8c25d6a8b601d15163467b48664fca055a,F15,tests/Integration/Chaos/ChaosAndConcurrencySuiteTest.php; tests/Integration/Golden/GoldenMasterScenariosE2ETest.php; tests/Unit/Automation/EmergencySafetyTest.php; tests/Unit/Commerce/MissedSchedulerCatchupServiceTest.php; tests/Unit/Commerce/OverdueLifecycleWorkflowTest.php; tests/Unit/Commerce/RenewalGoldenE2ETest.php,__construct; evaluateAndProcessOverdue; handleInvoicePaid; evaluateActiveService; evaluateSuspendedService; findExemptTag; sendNotification; logReport,"TODO:251,266","İşlevler: evaluateAndProcessOverdue, handleInvoicePaid, evaluateActiveService, evaluateSuspendedService, findExemptTag, sendNotification, logReport."
src/Domain/Commerce/Services/Service.php,Sınıf: Service,Dosya içeriği otomatik statik tarandı; özel davranış kabulü verilmedi,270,c1a1bce07071b95929a4cd682aa400a338c8902a9202600f39cc84f5a62b7849,,tests/Integration/Chaos/ChaosAndConcurrencySuiteTest.php; tests/Integration/Commerce/GoldenManualCommerceE2ETest.php; tests/Integration/Golden/GoldenMasterScenariosE2ETest.php; tests/Unit/Automation/DomainCommandAdaptersTest.php; tests/Unit/Commerce/OverdueLifecycleWorkflowTest.php; tests/Unit/Commerce/ServiceLifecycleTest.php; tests/Unit/Commerce/ServiceRenewalSchedulerTest.php; tests/Unit/Services/ServiceConcurrencyTest.php; tests/Unit/Services/ServiceLifecycleAndPlacementTest.php,__construct; getId; getServiceNumber; getUserId; getOrganizationId; getOrderId; getOrderItemId; getProductId; getStatus; getBillingCycle; getRecurringAmountMinor; getCurrencyCode; getRegistrationDate; getNextDueDate; getDomain; getUsername; getPasswordEncrypted; getServerName; getIpAddress; getSuspensionReason; getTerminationDate; getNotes; getMetadata; getCreatedAt; getPlacement; setPlacement; getBillingRelation; getCancellationRequest; setCancellationRequest; hasPendingCancellation; isPending; isActive; isSuspended; isTerminated; isCancelled; getLockVersion; toArray,,"İşlevler: setPlacement, setCancellationRequest. Bu dosya için ana raporda ayrı bug atanmadı; hatasız veya production-ready onayı değildir."
src/Domain/Commerce/Services/ServiceBillingRelation.php,Sınıf: ServiceBillingRelation,Dosya içeriği otomatik statik tarandı; özel davranış kabulü verilmedi,164,dcf667048d3872563de7e3087fd530d9b944edb8bc596fa2a670245ca786d33f,,tests/Unit/Services/ServiceLifecycleAndPlacementTest.php,__construct; getBillingCycle; getRecurringAmountMinor; getCurrencyCode; getRegistrationDate; getNextDueDate; getNextInvoiceDate; isAutoRenew; getGracePeriodDays; getTerminationGracePeriodDays; calculateNextInvoiceDate; isOverdue; daysOverdue; isSuspensionDue; isTerminationDue; advanceCycle; toArray,,"İşlevler: calculateNextInvoiceDate, daysOverdue, advanceCycle. Bu dosya için ana raporda ayrı bug atanmadı; hatasız veya production-ready onayı değildir."
src/Domain/Commerce/Services/ServiceCancellationRequest.php,Sınıf: ServiceCancellationRequest,Dosya içeriği otomatik statik tarandı; özel davranış kabulü verilmedi,109,f411730ac3bd956091b2223a0e0a0fe39f5d8d80ebc4a49db9cad2e51e63c13b,,tests/Unit/Services/ServiceLifecycleAndPlacementTest.php,__construct; getId; getServiceId; getUserId; getType; isImmediate; isEndOfPeriod; getReason; getStatus; isPending; isProcessed; isRevoked; getRequestedAt; getProcessedAt; toArray,,Bu dosya için ana raporda ayrı bug atanmadı; hatasız veya production-ready onayı değildir.
src/Domain/Commerce/Services/ServicePlacement.php,Sınıf: ServicePlacement,Dosya içeriği otomatik statik tarandı; özel davranış kabulü verilmedi,151,32abfc90d3b6d3b8379fa05ada5b3860220913ec5ad9765bd0f8ea9dc44888d8,,tests/Integration/Chaos/ChaosAndConcurrencySuiteTest.php; tests/Unit/Commerce/RenewalGoldenE2ETest.php; tests/Unit/Provisioning/AutomatedHostingGoldenE2ETest.php; tests/Unit/Provisioning/HostingProvisioningWorkflowTest.php; tests/Unit/Provisioning/NoDuplicateRemoteAccountFailureTest.php; tests/Unit/Provisioning/ProvisioningRetryAndReconciliationTest.php; tests/Unit/Services/ServiceLifecycleAndPlacementTest.php,__construct; getId; getServiceId; getServerId; getServerPoolId; getLocationId; getStatus; isPlaced; isReserved; isUnassigned; isEvicted; getPackageIdentifier; getDedicatedIp; getHostname; getDiskLimitMb; getBandwidthLimitMb; getResourceQuotas; getAssignedAt; getReleasedAt; toArray,,Bu dosya için ana raporda ayrı bug atanmadı; hatasız veya production-ready onayı değildir.
src/Domain/Commerce/Services/ServiceService.php,Sınıf: ServiceService,Odaklı kod incelemesi / ana rapor bağlantısı,1255,9dfc7bd1819e167c72533b311e3d98be1cff05aee3d1fa40d58efd10465d6e55,F02,tests/Integration/Chaos/ChaosAndConcurrencySuiteTest.php; tests/Integration/Commerce/GoldenManualCommerceE2ETest.php; tests/Integration/Golden/GoldenMasterScenariosE2ETest.php; tests/Integration/Performance/PerformanceAndReferenceBudgetRegressionTest.php; tests/Unit/Automation/DomainCommandAdaptersTest.php; tests/Unit/Automation/EmergencySafetyTest.php; tests/Unit/Commerce/MissedSchedulerCatchupServiceTest.php; tests/Unit/Commerce/OverdueLifecycleWorkflowTest.php; tests/Unit/Commerce/RenewalGoldenE2ETest.php; tests/Unit/Commerce/ServiceLifecycleTest.php; tests/Unit/Commerce/ServiceRenewalSchedulerTest.php; tests/Unit/Provisioning/AutomatedHostingGoldenE2ETest.php; tests/Unit/Provisioning/HostingProvisioningWorkflowTest.php; tests/Unit/Provisioning/NoDuplicateRemoteAccountFailureTest.php; tests/Unit/Provisioning/ProvisioningRetryAndReconciliationTest.php; tests/Unit/Services/ServiceConcurrencyTest.php; tests/Unit/Services/ServiceLifecycleAndPlacementTest.php,__construct; ensureTables; createService; createServicesFromOrder; updateService; activateService; suspendService; unsuspendService; terminateService; cancelService; renewService; assignPlacement; releasePlacement; getPlacementForService; requestCancellation; revokeCancellation; getCancellationForService; processDueCancellations; evaluateBillingLifecycle; processOverdueServices; findServiceById; findServiceByNumber; listServicesForUser; listServicesByStatus; findServicesDueForRenewal; nextServiceNumber; hydratePlacement; hydrateCancellation; batchLoadPlacements; batchLoadCancellations; hydrateServices; hydrateService,"DDL:36,88,97,120; SQLite syntax:31; Runtime exception:215,261,349,363,375,408,428,440,458,467,479,497,506,518,538,547,559,579; Domain SQL:181,252,338,355,392,414,451,463,490,502,531,543,572,584,613,625,633,647","SQLite SQL sözdizimi; hedef MariaDB uyumu açık. İşlevler: ensureTables, createService, createServicesFromOrder, updateService, activateService, suspendService, unsuspendService, terminateService, cancelService, renewService, assignPlacement, releasePlacement, requestCancellation, revokeCancellation, processDueCancellations, evaluateBillingLifecycle, processOverdueServices, findServiceById, findServiceByNumber, listServicesForUser, listServicesByStatus, findServicesDueForRenewal, nextServiceNumber, hydratePlacement, hydrateCancellation, batchLoadPlacements, batchLoadCancellations, hydrateServices, hydrateService."
src/Domain/Commerce/Services/ServiceStateMachine.php,Sınıf: ServiceStateMachine,Dosya içeriği otomatik statik tarandı; özel davranış kabulü verilmedi,75,62cb317ca0ce702a4bc2621d4971bf1ad168e792d08cdca0e30bd76dc28c1acf,,tests/Integration/Chaos/ChaosAndConcurrencySuiteTest.php; tests/Integration/Commerce/GoldenManualCommerceE2ETest.php; tests/Integration/Golden/GoldenMasterScenariosE2ETest.php; tests/Integration/Performance/PerformanceAndReferenceBudgetRegressionTest.php; tests/Unit/Automation/DomainCommandAdaptersTest.php; tests/Unit/Automation/EmergencySafetyTest.php; tests/Unit/Commerce/OverdueLifecycleWorkflowTest.php; tests/Unit/Commerce/RenewalGoldenE2ETest.php; tests/Unit/Commerce/ServiceLifecycleTest.php; tests/Unit/Commerce/ServiceRenewalSchedulerTest.php; tests/Unit/Provisioning/AutomatedHostingGoldenE2ETest.php; tests/Unit/Provisioning/HostingProvisioningWorkflowTest.php; tests/Unit/Provisioning/NoDuplicateRemoteAccountFailureTest.php; tests/Unit/Provisioning/ProvisioningRetryAndReconciliationTest.php; tests/Unit/Services/ServiceConcurrencyTest.php; tests/Unit/Services/ServiceLifecycleAndPlacementTest.php,canTransition; assertCanTransition; allStatuses,,"İşlevler: canTransition, assertCanTransition, allStatuses. Bu dosya için ana raporda ayrı bug atanmadı; hatasız veya production-ready onayı değildir."
src/Domain/Documents/Contracts/Contract.php,Sınıf: Contract,Dosya içeriği otomatik statik tarandı; özel davranış kabulü verilmedi,195,2303a74ef20133ef5ae31393c172dee9daa7e21ab73a1ad1c9b8e8eedb22970c,,,__construct; getId; getContractNumber; getUserId; getOrganizationId; getServiceId; getOrderId; getTitle; getStatus; getCommitmentPeriodMonths; getStartDate; getEndDate; getTermsVersion; getTermsText; getSlaCommitmentUptimePercent; getClientAcceptedAt; getClientAcceptedIp; getClientAcceptedUserAgent; getClientAcceptedSignature; getInternalAcceptedByUserId; getInternalAcceptedAt; getTerminatedAt; getTerminationReason; getEarlyTerminationFeeMinor; getNotes; getCreatedAt; getUpdatedAt; getMetadata; isClientAccepted; isInternalAccepted; isFullyAccepted,,Bu dosya için ana raporda ayrı bug atanmadı; hatasız veya production-ready onayı değildir.
src/Domain/Documents/Contracts/ContractService.php,Sınıf: ContractService,Dosya içeriği otomatik statik tarandı; özel davranış kabulü verilmedi,607,c959487837925e8c48c2943fc943ff200a35ba7c10fd560c675af1b1154fc119,,tests/Unit/Documents/ContractServiceTest.php,__construct; createContract; submitForAcceptance; recordClientAcceptance; recordInternalAcceptance; terminateContract; calculateEarlyTerminationFee; find; findByContractNumber; findByServiceId; persistContract; updateContract; mapContractRow; ensureSchema,"DDL:577; SQLite syntax:578; Runtime exception:120,167,216,261,494; Domain SQL:330,348,364,413,494,503","İşlevler: createContract, submitForAcceptance, recordClientAcceptance, recordInternalAcceptance, terminateContract, calculateEarlyTerminationFee, find, findByContractNumber, findByServiceId, persistContract, updateContract, mapContractRow, ensureSchema. Bu dosya için ana raporda ayrı bug atanmadı; hatasız veya production-ready onayı değildir."
src/Domain/Documents/Contracts/ContractStateMachine.php,Sınıf: ContractStateMachine,Dosya içeriği otomatik statik tarandı; özel davranış kabulü verilmedi,47,13345a1f68f31143e5fa9fe302f0e2f113ee24e4686b28d6a8bd9f4b8d7a4aa5,,,canTransition; transition,,"İşlevler: canTransition, transition. Bu dosya için ana raporda ayrı bug atanmadı; hatasız veya production-ready onayı değildir."
src/Domain/Documents/Contracts/ContractStatus.php,Enum / state değerleri: ContractStatus,Dosya içeriği otomatik statik tarandı; özel davranış kabulü verilmedi,19,86d4b8f6bec230c1081984daccacb287c313eaff80b0726cde49b375991ba5b6,,tests/Unit/Documents/ContractServiceTest.php,isFinal,,Bu dosya için ana raporda ayrı bug atanmadı; hatasız veya production-ready onayı değildir.
src/Domain/Documents/DocumentType.php,Enum / state değerleri: DocumentType,Dosya içeriği otomatik statik tarandı; özel davranış kabulü verilmedi,27,f979d7f0ea653309f03a38b3f3014bb99dab81aa3e36edf2d84b4c4198c4998b,,tests/Unit/Documents/DocumentRenderServiceTest.php; tests/Unit/Documents/DocumentSnapshotServiceTest.php,label,,İşlevler: label. Bu dosya için ana raporda ayrı bug atanmadı; hatasız veya production-ready onayı değildir.
src/Domain/Documents/Numbering/DocumentNumberGenerator.php,Sınıf: DocumentNumberGenerator,Dosya içeriği otomatik statik tarandı; özel davranış kabulü verilmedi,144,a3053e27b0f1e20d0358bba34494cfa8fb8632bbbd773b464a0811db9df54968,,tests/Unit/Documents/DocumentSnapshotServiceTest.php,__construct; generateNextNumber; getPrefix; parseNumber; incrementSequence; ensureSchema,"DDL:134; SQLite syntax:135; Domain SQL:90,102,115","İşlevler: generateNextNumber, parseNumber, incrementSequence, ensureSchema. Bu dosya için ana raporda ayrı bug atanmadı; hatasız veya production-ready onayı değildir."
src/Domain/Documents/Proforma/ProformaInvoice.php,Sınıf: ProformaInvoice,Dosya içeriği otomatik statik tarandı; özel davranış kabulü verilmedi,158,5aa20ee912f481ed54bd1a6e88a8952c33239298149054faab10089e9388e7dc,,,__construct; getId; getProformaNumber; getUserId; getOrganizationId; getOrderId; getStatus; getCurrencyCode; getSubtotalMinor; getTaxTotalMinor; getTotalMinor; getPaidAmountMinor; getBalanceDueMinor; isFullyPaid; getIssueDate; getDueDate; getPaidAt; getConvertedInvoiceId; getConvertedInvoiceNumber; getNotes; getItems; getCreatedAt; getUpdatedAt; getMetadata,,Bu dosya için ana raporda ayrı bug atanmadı; hatasız veya production-ready onayı değildir.
src/Domain/Documents/Proforma/ProformaItem.php,Sınıf: ProformaItem,Dosya içeriği otomatik statik tarandı; özel davranış kabulü verilmedi,78,95d9687f9ee36f41ea782aa0070b7127e79cf1a97a1b81a0fac50313ae88c843,,,__construct; getId; getProformaId; getDescription; getQuantity; getUnitAmountMinor; getSubtotalMinor; getTaxRate; getTaxAmountMinor; getTotalMinor; getMetadata,,Bu dosya için ana raporda ayrı bug atanmadı; hatasız veya production-ready onayı değildir.
src/Domain/Documents/Proforma/ProformaService.php,Sınıf: ProformaService,Dosya içeriği otomatik statik tarandı; özel davranış kabulü verilmedi,651,dc3425f98fbd765d3226dfe6f4fafd3adc9ea682643c87cfd711ffdf1124ff7a,,tests/Unit/Documents/ProformaServiceTest.php,__construct; createProforma; issueProforma; recordPayment; convertToTaxInvoice; cancelProforma; find; findByProformaNumber; persistProforma; updateProforma; mapProformaRow; ensureSchema,"DDL:616,637; SQLite syntax:617,638; Mutable finance:534; Runtime exception:134,138,172,176,226,230,234,297,301,525; Domain SQL:260,342,360,417,455,525,534,567","İşlevler: createProforma, recordPayment, convertToTaxInvoice, cancelProforma, find, findByProformaNumber, persistProforma, updateProforma, mapProformaRow, ensureSchema. Bu dosya için ana raporda ayrı bug atanmadı; hatasız veya production-ready onayı değildir."
src/Domain/Documents/Proforma/ProformaStatus.php,Enum / state değerleri: ProformaStatus,Dosya içeriği otomatik statik tarandı; özel davranış kabulü verilmedi,19,36c621b8ef947d9aa41593a8d763824731358ae19c5a96f1b524160ad8ec3c64,,tests/Unit/Documents/ProformaServiceTest.php,isPaidOrConverted,,Bu dosya için ana raporda ayrı bug atanmadı; hatasız veya production-ready onayı değildir.
src/Domain/Documents/Quotes/IllegalStateTransitionException.php,Sınıf: IllegalStateTransitionException,Dosya içeriği otomatik statik tarandı; özel davranış kabulü verilmedi,11,161e4b22e9def23a0697cbd1947cd81c1ee9e1873b7c55d19ef5763478869699,,tests/Unit/Documents/QuoteServiceTest.php,,,Bu dosya için ana raporda ayrı bug atanmadı; hatasız veya production-ready onayı değildir.
src/Domain/Documents/Quotes/Quote.php,Sınıf: Quote,Dosya içeriği otomatik statik tarandı; özel davranış kabulü verilmedi,174,f93bec27a691a70eda48994152a4b8ceb312518d90dd7944a3b1938d88ed1d2e,,,__construct; getId; getQuoteNumber; getOriginalQuoteNumber; getVersion; getUserId; getOrganizationId; getStatus; getCurrencyCode; getSubtotalMinor; getTaxTotalMinor; getTotalMinor; getValidUntil; getSentAt; getAcceptedAt; getAcceptedIp; getRejectedAt; getRejectionReason; getConvertedOrderId; getRevisionNote; getNotes; getItems; getCreatedAt; getUpdatedAt; getMetadata; isExpired,,Bu dosya için ana raporda ayrı bug atanmadı; hatasız veya production-ready onayı değildir.
src/Domain/Documents/Quotes/QuoteItem.php,Sınıf: QuoteItem,Dosya içeriği otomatik statik tarandı; özel davranış kabulü verilmedi,90,f21b607cdf229b42e478ea79b1e7f1e4dd5b14f9f42990a061103336d89a1fda,,,__construct; getId; getQuoteId; getDescription; getQuantity; getUnitAmountMinor; getSubtotalMinor; getTaxRate; getTaxAmountMinor; getTotalMinor; getProductId; getBillingCycle; getMetadata,,Bu dosya için ana raporda ayrı bug atanmadı; hatasız veya production-ready onayı değildir.
src/Domain/Documents/Quotes/QuoteService.php,Sınıf: QuoteService,Dosya içeriği otomatik statik tarandı; özel davranış kabulü verilmedi,835,90185e411d10031899e6952d99e4aeac330ae2f889e2d3f5a6a636c290217a4c,,tests/Unit/Api/CommerceApiAndApplicationLayerTest.php; tests/Unit/Documents/QuoteServiceTest.php,__construct; createQuote; createRevision; sendQuote; acceptQuote; rejectQuote; expireQuotes; convertToOrder; find; findByQuoteNumber; expireSingleQuote; persistQuote; updateQuote; mapQuoteRow; ensureSchema,"DDL:795,819; SQLite syntax:796,820; Runtime exception:151,232,271,277,316,392,396,697; Domain SQL:368,424,468,486,580,620,697,706,741","İşlevler: createQuote, createRevision, sendQuote, acceptQuote, rejectQuote, expireQuotes, convertToOrder, find, findByQuoteNumber, expireSingleQuote, persistQuote, updateQuote, mapQuoteRow, ensureSchema. Bu dosya için ana raporda ayrı bug atanmadı; hatasız veya production-ready onayı değildir."
src/Domain/Documents/Quotes/QuoteStateMachine.php,Sınıf: QuoteStateMachine,Dosya içeriği otomatik statik tarandı; özel davranış kabulü verilmedi,48,ccf2e6f9a0aa12d602c98e885d418915dac8e8593476f500b1c82ba39d63df03,,,canTransition; transition,,"İşlevler: canTransition, transition. Bu dosya için ana raporda ayrı bug atanmadı; hatasız veya production-ready onayı değildir."
src/Domain/Documents/Quotes/QuoteStatus.php,Enum / state değerleri: QuoteStatus,Dosya içeriği otomatik statik tarandı; özel davranış kabulü verilmedi,20,07ea059e94a3a2d45a8e734db321f66c1a604484e8a32bfbb5a9ce349eb59890,,tests/Unit/Documents/QuoteServiceTest.php,isFinal,,Bu dosya için ana raporda ayrı bug atanmadı; hatasız veya production-ready onayı değildir.
src/Domain/Documents/Rendering/DocumentItemLine.php,Sınıf: DocumentItemLine,Dosya içeriği otomatik statik tarandı; özel davranış kabulü verilmedi,75,375cde56369cbb75bce81587e3024c6915e5ebb0974d222111a3c252bb036d0d,,tests/Unit/Documents/DocumentRenderServiceTest.php,__construct; getDescription; getQuantity; getUnitPrice; getTaxRate; getTaxAmount; getDiscountAmount; getLineTotal; getNetTotal; getMetadata,,Bu dosya için ana raporda ayrı bug atanmadı; hatasız veya production-ready onayı değildir.
src/Domain/Documents/Rendering/DocumentLocalization.php,Sınıf: DocumentLocalization,Dosya içeriği otomatik statik tarandı; özel davranış kabulü verilmedi,156,c5d231ad587ca8cdcdac41858b0e5fd967bdcc21425ebd2a520f81754eee254d,,tests/Integration/LocalizationAndAccessibility/LocalizationCompletenessAndAccessibilitySuiteTest.php; tests/Unit/Documents/DocumentRenderServiceTest.php,trans; formatMoney; formatDate,,"İşlevler: trans, formatMoney, formatDate. Bu dosya için ana raporda ayrı bug atanmadı; hatasız veya production-ready onayı değildir."
src/Domain/Documents/Rendering/DocumentParty.php,Sınıf: DocumentParty,Dosya içeriği otomatik statik tarandı; özel davranış kabulü verilmedi,129,15e33f3508b956d8370cc700433cf876c7f003db2be25a572a4a57362640a537,,tests/Unit/Documents/DocumentRenderServiceTest.php,__construct; getName; getCompanyName; getDisplayName; getTaxNumber; getTaxOffice; getEmail; getPhone; getAddressLine1; getAddressLine2; getCity; getState; getPostalCode; getCountryCode; getLogoUrl; getWebsite; getCustomFields; getFormattedAddress,,Bu dosya için ana raporda ayrı bug atanmadı; hatasız veya production-ready onayı değildir.
src/Domain/Documents/Rendering/DocumentRenderService.php,Sınıf: DocumentRenderService,Dosya içeriği otomatik statik tarandı; özel davranış kabulü verilmedi,168,340af947e352813de6e099193708202f7b4543371753702c1d1476892825924a,,tests/Unit/Documents/DocumentRenderServiceTest.php,__construct; renderHtml; renderPdf; calculateHash; buildFromInvoice,"TODO:13,16,22","İşlevler: renderHtml, renderPdf, calculateHash, buildFromInvoice. Bu dosya için ana raporda ayrı bug atanmadı; hatasız veya production-ready onayı değildir."
src/Domain/Documents/Rendering/DocumentTaxBreakdown.php,Sınıf: DocumentTaxBreakdown,Dosya içeriği otomatik statik tarandı; özel davranış kabulü verilmedi,30,10c72a7603a3d8bdbb834e796af6ef3e1d2fd912cd6cba59ed33a604ecb47fd4,,tests/Unit/Documents/DocumentRenderServiceTest.php,__construct; getTaxRate; getTaxableAmount; getTaxAmount,,Bu dosya için ana raporda ayrı bug atanmadı; hatasız veya production-ready onayı değildir.
src/Domain/Documents/Rendering/DocumentTemplateEngine.php,Sınıf: DocumentTemplateEngine,Dosya içeriği otomatik statik tarandı; özel davranış kabulü verilmedi,495,fcbf4b67c323ab939d9bfea3ffc1269e71c3109c18607b58435f6c7490aeb32a,,tests/Unit/Documents/DocumentRenderServiceTest.php,render,TODO:7,İşlevler: render. Bu dosya için ana raporda ayrı bug atanmadı; hatasız veya production-ready onayı değildir.
src/Domain/Documents/Rendering/DocumentTotals.php,Sınıf: DocumentTotals,Dosya içeriği otomatik statik tarandı; özel davranış kabulü verilmedi,69,c757a50dd835f45b23bdc5187b3b3b4bef03fd416c0da3cf08dbb95c351b8182,,tests/Unit/Documents/DocumentRenderServiceTest.php,__construct; getSubtotal; getDiscountTotal; getTaxableTotal; getTaxBreakdowns; getTaxTotal; getGrandTotal; getPaidAmount; getBalanceDue,,Bu dosya için ana raporda ayrı bug atanmadı; hatasız veya production-ready onayı değildir.
src/Domain/Documents/Rendering/DocumentViewModel.php,Sınıf: DocumentViewModel,Dosya içeriği otomatik statik tarandı; özel davranış kabulü verilmedi,154,dd2f6438195a64d8b71503e5f3b95c53a52ee1cf99be841f41b6398e79781b9e,,tests/Unit/Documents/DocumentRenderServiceTest.php,__construct; getDocumentId; getDocumentNumber; getType; getStatus; getIssueDate; getDueDate; getPaidAt; getCurrency; getCurrencySymbol; getIssuer; getRecipient; getItems; getTotals; getLocale; getPaymentInstructions; getBankAccounts; getNotes; getTerms; getQrCodeData; getVerificationUrl; getMetadata,,Bu dosya için ana raporda ayrı bug atanmadı; hatasız veya production-ready onayı değildir.
src/Domain/Documents/Rendering/PdfRendererInterface.php,Sözleşme: PdfRendererInterface,Dosya içeriği otomatik statik tarandı; özel davranış kabulü verilmedi,22,dce64bdb23ce8400a7066e7c31a97177efc1598e020503042a7e6a9c72fe7195,,,render; getEngineName,,İşlevler: render. Bu dosya için ana raporda ayrı bug atanmadı; hatasız veya production-ready onayı değildir.
src/Domain/Documents/Rendering/PurePhpPdfRenderer.php,Sınıf: PurePhpPdfRenderer,Odaklı kod incelemesi / ana rapor bağlantısı,183,f2d92de4ffcc3e5d79df2a263a83937f167fdc66f4b9d7faf37416fc152be25b,F25,tests/Unit/Documents/DocumentRenderServiceTest.php,getEngineName; render; extractTextLinesFromHtml; buildContentStream; escapePdfString,,"İşlevler: render, extractTextLinesFromHtml, buildContentStream, escapePdfString."
src/Domain/Documents/Snapshots/DocumentSnapshot.php,Sınıf: DocumentSnapshot,Dosya içeriği otomatik statik tarandı; özel davranış kabulü verilmedi,106,efe9a7e4bc02d4f94fee197dad7e98d724ea82a63f4ed460d9f8b0d28ac3b6ba,,,__construct; getId; getDocumentType; getDocumentNumber; getVersion; getEntityId; getSnapshotPayload; getRenderedHtml; getPdfStoragePath; getContentSha256; getCreatedAt; getCreatedByUserId; getChangeReason; isLatest; verifyHash,,İşlevler: verifyHash. Bu dosya için ana raporda ayrı bug atanmadı; hatasız veya production-ready onayı değildir.
src/Domain/Documents/Snapshots/DocumentSnapshotService.php,Sınıf: DocumentSnapshotService,Dosya içeriği otomatik statik tarandı; özel davranış kabulü verilmedi,319,b48dd2190c2f5898401a8f2630136f5e74566948fa5cd4b717525cfbee7d08e9,,tests/Unit/Documents/DocumentSnapshotServiceTest.php,__construct; createSnapshot; getLatestSnapshot; getSnapshotVersion; getAllSnapshots; verifySnapshotIntegrity; getStorage; mapRow; ensureSchema,"DDL:301; SQLite syntax:302; Runtime exception:63; Domain SQL:116,124,191,216,239","İşlevler: createSnapshot, verifySnapshotIntegrity, mapRow, ensureSchema. Bu dosya için ana raporda ayrı bug atanmadı; hatasız veya production-ready onayı değildir."
src/Domain/Documents/Storage/DocumentStorageInterface.php,Sözleşme: DocumentStorageInterface,Dosya içeriği otomatik statik tarandı; özel davranış kabulü verilmedi,28,99a81901758a1e51a8b7aca663f2a0a69192b18b76889884288cb0b0c64c8c52,,,putDocument; getDocument; exists; delete; resolveStoragePath; verifyChecksum,,"İşlevler: putDocument, exists, delete, resolveStoragePath, verifyChecksum. Bu dosya için ana raporda ayrı bug atanmadı; hatasız veya production-ready onayı değildir."
src/Domain/Documents/Storage/PrivateDocumentStorage.php,Sınıf: PrivateDocumentStorage,Dosya içeriği otomatik statik tarandı; özel davranış kabulü verilmedi,114,81f9639768d146657679058ed81900d4a56d2e1848e36fdf735e045a647770d8,,tests/Unit/Documents/DocumentSnapshotServiceTest.php,__construct; putDocument; getDocument; exists; delete; resolveStoragePath; verifyChecksum; resolveFullPath,,"İşlevler: putDocument, exists, delete, resolveStoragePath, verifyChecksum, resolveFullPath. Bu dosya için ana raporda ayrı bug atanmadı; hatasız veya production-ready onayı değildir."
src/Domain/Domains/Catalog/DomainCatalogService.php,Sınıf: DomainCatalogService,Dosya içeriği otomatik statik tarandı; özel davranış kabulü verilmedi,540,4c2bcfb41320cecb2de07de098859cd983a179adaf5eeae72d2a09ae0c250b61,F02,tests/Integration/Chaos/ChaosAndConcurrencySuiteTest.php; tests/Integration/Golden/GoldenMasterScenariosE2ETest.php; tests/Unit/Domains/DomainCatalogTest.php; tests/Unit/Domains/DomainExpiryAndReminderTest.php; tests/Unit/Domains/DomainGoldenE2ETest.php; tests/Unit/Domains/DomainLifecycleAndContactTest.php; tests/Unit/Domains/DomainOperationIdempotencyAndReconciliationTest.php; tests/Unit/Domains/DomainRegistrarFlowTest.php,__construct; ensureTables; registerTld; updateTld; deleteTld; findTldById; findTldByExtension; listActiveTlds; listAllTlds; setTldPricing; getTldPricing; listTldPricing; calculateRegistrationPrice; calculateRenewalPrice; calculateTransferPrice; calculateRestorePrice; splitDomain; validateDomainName; hydrateTld; hydratePricing,"DDL:30,55; SQLite syntax:25; Domain SQL:104,162,190,195,196,202,209,218,227,232,254,256,265,287,304,309","SQLite SQL sözdizimi; hedef MariaDB uyumu açık. İşlevler: ensureTables, registerTld, updateTld, deleteTld, findTldById, findTldByExtension, listActiveTlds, listAllTlds, setTldPricing, listTldPricing, calculateRegistrationPrice, calculateRenewalPrice, calculateTransferPrice, calculateRestorePrice, splitDomain, validateDomainName, hydrateTld, hydratePricing."
src/Domain/Domains/Catalog/DomainValidationResult.php,Sınıf: DomainValidationResult,Dosya içeriği otomatik statik tarandı; özel davranış kabulü verilmedi,92,217f8f417131d3852627a86388f9de55190764b4679782df249d683b16ddbaa8,,,__construct; success; failed; isValid; getDomainName; getSld; getTld; getErrors; getFirstError; toArray,,"İşlevler: success, failed. Bu dosya için ana raporda ayrı bug atanmadı; hatasız veya production-ready onayı değildir."
src/Domain/Domains/Catalog/Tld.php,Sınıf: Tld,Dosya içeriği otomatik statik tarandı; özel davranış kabulü verilmedi,166,5ddea709b20330083faf1f32e2e4535cc38c918b02b6ce4bae34ef05dee7513a,,tests/Unit/Domains/DomainCatalogTest.php; tests/Unit/Domains/DomainRegistrarFlowTest.php,__construct; normalizeExtension; getId; getExtension; isActive; getRegistrarId; getMinYears; getMaxYears; isIdnSupported; isEppRequired; isWhoisPrivacyAllowed; isDnsManagementAllowed; isEmailForwardingAllowed; getGracePeriodDays; getRedemptionPeriodDays; getAdditionalFields; getMetadata; getCreatedAt; getUpdatedAt; supportsYears; toArray,,"İşlevler: normalizeExtension, supportsYears. Bu dosya için ana raporda ayrı bug atanmadı; hatasız veya production-ready onayı değildir."
src/Domain/Domains/Catalog/TldPolicy.php,Sınıf: TldPolicy,Dosya içeriği otomatik statik tarandı; özel davranış kabulü verilmedi,82,93b80294602b2187c58a8475ff4f97678d200d409e3dc20d8d524e21a86f2613,,tests/Unit/Domains/DomainRegistrarFlowTest.php,validate,,İşlevler: validate. Bu dosya için ana raporda ayrı bug atanmadı; hatasız veya production-ready onayı değildir.
src/Domain/Domains/Catalog/TldPricing.php,Sınıf: TldPricing,Dosya içeriği otomatik statik tarandı; özel davranış kabulü verilmedi,91,9570e2fddf7518e014cdbb12e48c795dd281114d725cb1a2ceb9f5e76a91b253,,tests/Integration/Golden/GoldenMasterScenariosE2ETest.php; tests/Unit/Domains/DomainCatalogTest.php; tests/Unit/Domains/DomainExpiryAndReminderTest.php; tests/Unit/Domains/DomainGoldenE2ETest.php; tests/Unit/Domains/DomainRegistrarFlowTest.php,__construct; getId; getTldId; getOperation; getYears; getCurrencyCode; getPriceMinor; getCostMinor; getCreatedAt; getUpdatedAt; toArray,,Bu dosya için ana raporda ayrı bug atanmadı; hatasız veya production-ready onayı değildir.
src/Domain/Domains/Domain.php,Sınıf: Domain,Dosya içeriği otomatik statik tarandı; özel davranış kabulü verilmedi,226,bc8769f2b241564aaadd89c05c3f2baa528b5351cee82988077c3b21f59e94ee,,tests/Unit/Domains/DomainRegistrarFlowTest.php,__construct; getId; getUserId; getOrganizationId; getDomain; getSld; getTld; getStatus; isActive; isPending; isOperable; getRegistrationPeriodYears; getRegistrationDate; getExpiryDate; getNextDueDate; isAutoRenew; isWhoisPrivacy; isDnsManagement; isEmailForwarding; isLocked; getEppCode; getRegistrarId; getNameservers; getSubscriptionId; getMetadata; getCreatedAt; getUpdatedAt; daysUntilExpiry; isExpired; toArray,,İşlevler: daysUntilExpiry. Bu dosya için ana raporda ayrı bug atanmadı; hatasız veya production-ready onayı değildir.
src/Domain/Domains/DomainContact.php,Sınıf: DomainContact,Dosya içeriği otomatik statik tarandı; özel davranış kabulü verilmedi,186,6e6cbff9f35978d8f00c8bad2cb63014259aaf2c511a27e83b38d376298ffa15,,tests/Integration/Chaos/ChaosAndConcurrencySuiteTest.php; tests/Integration/Golden/GoldenMasterScenariosE2ETest.php; tests/Unit/Domains/DomainExpiryAndReminderTest.php; tests/Unit/Domains/DomainGoldenE2ETest.php; tests/Unit/Domains/DomainLifecycleAndContactTest.php; tests/Unit/Domains/DomainOperationIdempotencyAndReconciliationTest.php; tests/Unit/Domains/DomainRegistrarFlowTest.php; tests/Unit/Domains/RegistrarAdapterTest.php; tests/Unit/Domains/RegistrarCapabilityAndVaultTest.php,__construct; validateContactType; getId; getDomainId; getContactType; getFirstName; getLastName; getFullName; getCompanyName; getEmail; getPhone; getFax; getAddressLine1; getAddressLine2; getCity; getState; getPostalCode; getCountryCode; getAdditionalFields; getCreatedAt; getUpdatedAt; toArray,,İşlevler: validateContactType. Bu dosya için ana raporda ayrı bug atanmadı; hatasız veya production-ready onayı değildir.
src/Domain/Domains/DomainService.php,Sınıf: DomainService,Dosya içeriği otomatik statik tarandı; özel davranış kabulü verilmedi,864,86b3757d939a244b5e9354fa7836220742ff1653385c6bd53ee7534dc97e02fd,F02,tests/Integration/Chaos/ChaosAndConcurrencySuiteTest.php; tests/Integration/Golden/GoldenMasterScenariosE2ETest.php; tests/Unit/Domains/DomainExpiryAndReminderTest.php; tests/Unit/Domains/DomainGoldenE2ETest.php; tests/Unit/Domains/DomainLifecycleAndContactTest.php; tests/Unit/Domains/DomainOperationIdempotencyAndReconciliationTest.php; tests/Unit/Domains/DomainRegistrarFlowTest.php,__construct; ensureTables; createDomain; findDomainById; findDomainByName; listDomainsByUserId; listDomainsByStatus; updateDomain; activateDomain; renewDomain; transitionStatus; expireDomain; updateNameservers; setRegistrarLock; setWhoisPrivacy; setAutoRenew; setEppCode; setContact; getContact; getAllContacts; recordTimelineEvent; getTimeline; hydrateDomain; hydrateContact; hydrateTimelineEvent,"DDL:33,64,91; SQLite syntax:28; Domain SQL:159,216,223,233,245,273,295,322,368,410,458,470,485,497,512,524,539,551","SQLite SQL sözdizimi; hedef MariaDB uyumu açık. İşlevler: ensureTables, createDomain, findDomainById, findDomainByName, listDomainsByUserId, listDomainsByStatus, updateDomain, activateDomain, renewDomain, transitionStatus, expireDomain, updateNameservers, setRegistrarLock, setWhoisPrivacy, setAutoRenew, setEppCode, setContact, recordTimelineEvent, hydrateDomain, hydrateContact, hydrateTimelineEvent."
src/Domain/Domains/DomainStateMachine.php,Sınıf: DomainStateMachine,Dosya içeriği otomatik statik tarandı; özel davranış kabulü verilmedi,127,a397bc11393dcebb7d052b9f163aad50ca67c1df7c41a2b00354b263090d1561,,tests/Integration/Chaos/ChaosAndConcurrencySuiteTest.php; tests/Integration/Golden/GoldenMasterScenariosE2ETest.php; tests/Unit/Domains/DomainExpiryAndReminderTest.php; tests/Unit/Domains/DomainGoldenE2ETest.php; tests/Unit/Domains/DomainLifecycleAndContactTest.php; tests/Unit/Domains/DomainOperationIdempotencyAndReconciliationTest.php; tests/Unit/Domains/DomainRegistrarFlowTest.php,canTransition; assertCanTransition; isOperable; isPending; isTerminal; allStatuses,,"İşlevler: canTransition, assertCanTransition, allStatuses. Bu dosya için ana raporda ayrı bug atanmadı; hatasız veya production-ready onayı değildir."
src/Domain/Domains/DomainTimelineEvent.php,Sınıf: DomainTimelineEvent,Dosya içeriği otomatik statik tarandı; özel davranış kabulü verilmedi,85,d831ed21e6d0e401105069f29998778ceec2235decf692637e27aaedd8d44627,,,__construct; getId; getDomainId; getEventType; getDescription; getPayload; getActorType; getActorId; getCreatedAt; toArray,,Bu dosya için ana raporda ayrı bug atanmadı; hatasız veya production-ready onayı değildir.
src/Domain/Domains/Lifecycle/DomainExpiryService.php,Sınıf: DomainExpiryService,Dosya içeriği otomatik statik tarandı; özel davranış kabulü verilmedi,390,c267f1ecbc21325afd9d9f8d7744ca98e9afe912f93a80defb3e7d3e8074547a,,tests/Unit/Domains/DomainExpiryAndReminderTest.php; tests/Unit/Domains/DomainGoldenE2ETest.php,__construct; ensureTables; getDomainLifecycleMetadata; evaluateAndAdvanceDomainLifecycles; dispatchDueReminders; listRemindersForDomain; hasReminderBeenSent; recordReminderSent; resolveDueReminderType; hydrateReminder,"DDL:36; SQLite syntax:31; Domain SQL:156,255,319,329,344","İşlevler: ensureTables, evaluateAndAdvanceDomainLifecycles, dispatchDueReminders, listRemindersForDomain, recordReminderSent, resolveDueReminderType, hydrateReminder. Bu dosya için ana raporda ayrı bug atanmadı; hatasız veya production-ready onayı değildir."
src/Domain/Domains/Lifecycle/DomainLifecyclePolicy.php,Sınıf: DomainLifecyclePolicy,Dosya içeriği otomatik statik tarandı; özel davranış kabulü verilmedi,36,4d08d766b4dd966f78d5f1dd68518aa73e2a844aadab38273a9329a854f7fc57,,tests/Unit/Domains/DomainExpiryAndReminderTest.php; tests/Unit/Domains/DomainGoldenE2ETest.php,__construct; getGracePeriodDays; getRedemptionPeriodDays; getReminderScheduleDays,,Bu dosya için ana raporda ayrı bug atanmadı; hatasız veya production-ready onayı değildir.
src/Domain/Domains/Lifecycle/DomainRenewalReminder.php,Sınıf: DomainRenewalReminder,Dosya içeriği otomatik statik tarandı; özel davranış kabulü verilmedi,79,38d0b0461d8ede153d462248bc3b3b7b236c1b2289952aee24b3391fccabf956,,tests/Unit/Domains/DomainExpiryAndReminderTest.php; tests/Unit/Domains/DomainGoldenE2ETest.php,__construct; getId; getDomainId; getReminderType; getExpiryDate; getRecipientEmail; getSentAt; getCreatedAt; toArray,,Bu dosya için ana raporda ayrı bug atanmadı; hatasız veya production-ready onayı değildir.
src/Domain/Domains/Registrar/Adapters/NameSilo/NameSiloRegistrarAdapter.php,Sınıf: NameSiloRegistrarAdapter,Odaklı kod incelemesi / ana rapor bağlantısı,612,9daaf437434e920edb670f4a2e8ff2119fd513231c275b192e462dcc266a8587,F27,tests/Integration/Golden/GoldenMasterScenariosE2ETest.php; tests/Unit/Domains/DomainGoldenE2ETest.php; tests/Unit/Domains/DomainRegistrarFlowTest.php; tests/Unit/Domains/RegistrarAdapterTest.php,__construct; getRegistrarId; getName; supportsCapability; getSupportedCapabilities; checkAvailability; registerDomain; renewDomain; transferDomain; getNameservers; updateNameservers; getRegistrarLock; setRegistrarLock; getEppCode; getContacts; updateContacts; sendApiRequest; parseResponse; sanitizePayload,"Runtime exception:542; Domain SQL:310,484","İşlevler: supportsCapability, checkAvailability, registerDomain, renewDomain, transferDomain, updateNameservers, setRegistrarLock, updateContacts, sendApiRequest, parseResponse, sanitizePayload."
src/Domain/Domains/Registrar/DomainAvailabilityResult.php,Sınıf: DomainAvailabilityResult,Dosya içeriği otomatik statik tarandı; özel davranış kabulü verilmedi,85,9e7029ba9b8d87bd1a6d281026d0f335d155166f9bfa34b3ee46a361fe86f277,,tests/Integration/Chaos/ChaosAndConcurrencySuiteTest.php; tests/Unit/Domains/DomainGoldenE2ETest.php; tests/Unit/Domains/DomainOperationIdempotencyAndReconciliationTest.php; tests/Unit/Domains/DomainRegistrarFlowTest.php; tests/Unit/Domains/RegistrarCapabilityAndVaultTest.php,__construct; available; unavailable; premium; getDomain; isAvailable; isPremium; getPremiumPriceMinor; getCurrency; getReason; getPrice; toArray,,"İşlevler: available, unavailable, premium. Bu dosya için ana raporda ayrı bug atanmadı; hatasız veya production-ready onayı değildir."
src/Domain/Domains/Registrar/DomainRegistrarService.php,Sınıf: DomainRegistrarService,Dosya içeriği otomatik statik tarandı; özel davranış kabulü verilmedi,633,40392a2a2254da465cf6a43ac74984ad5841763e7bea486b8619ad275cc8e804,,tests/Integration/Chaos/ChaosAndConcurrencySuiteTest.php; tests/Integration/Golden/GoldenMasterScenariosE2ETest.php; tests/Unit/Domains/DomainGoldenE2ETest.php; tests/Unit/Domains/DomainOperationIdempotencyAndReconciliationTest.php; tests/Unit/Domains/DomainRegistrarFlowTest.php,__construct; checkAvailability; bulkCheckAvailability; registerDomain; renewDomain; transferDomain; updateNameservers; setRegistrarLock; retrieveEppCode; syncContactsToRegistrar; syncDomainFromRegistrar; resolveRegistrar,"Domain SQL:148,385,443","İşlevler: checkAvailability, bulkCheckAvailability, registerDomain, renewDomain, transferDomain, updateNameservers, setRegistrarLock, retrieveEppCode, syncContactsToRegistrar, syncDomainFromRegistrar, resolveRegistrar. Bu dosya için ana raporda ayrı bug atanmadı; hatasız veya production-ready onayı değildir."
src/Domain/Domains/Registrar/DomainRegistrationCommand.php,Sınıf: DomainRegistrationCommand,Dosya içeriği otomatik statik tarandı; özel davranış kabulü verilmedi,80,48766f137f4b3d943973f63a3853a0c37cb2d037c18e25827c1fcd8795a23eb8,,tests/Integration/Chaos/ChaosAndConcurrencySuiteTest.php; tests/Unit/Domains/DomainGoldenE2ETest.php; tests/Unit/Domains/DomainOperationIdempotencyAndReconciliationTest.php; tests/Unit/Domains/DomainRegistrarFlowTest.php; tests/Unit/Domains/RegistrarAdapterTest.php; tests/Unit/Domains/RegistrarCapabilityAndVaultTest.php,__construct; getDomain; getYears; getNameservers; getContacts; getContact; isWhoisPrivacy; hasWhoisPrivacy; isAutoRenew; getAdditionalFields,,Bu dosya için ana raporda ayrı bug atanmadı; hatasız veya production-ready onayı değildir.
src/Domain/Domains/Registrar/DomainRenewalCommand.php,Sınıf: DomainRenewalCommand,Dosya içeriği otomatik statik tarandı; özel davranış kabulü verilmedi,30,c1005b69c73155af6e2e5be6f4308e239205716a3f52e71099239ae6695346fc,,tests/Unit/Domains/DomainGoldenE2ETest.php; tests/Unit/Domains/DomainOperationIdempotencyAndReconciliationTest.php; tests/Unit/Domains/DomainRegistrarFlowTest.php; tests/Unit/Domains/RegistrarAdapterTest.php; tests/Unit/Domains/RegistrarCapabilityAndVaultTest.php,__construct; getDomain; getYears; getCurrentExpiryDate,,Bu dosya için ana raporda ayrı bug atanmadı; hatasız veya production-ready onayı değildir.
src/Domain/Domains/Registrar/DomainTransferCommand.php,Sınıf: DomainTransferCommand,Dosya içeriği otomatik statik tarandı; özel davranış kabulü verilmedi,64,3b27ccb43090ed0f34fee4e323c545ee8ad4800a695fcc51f3d4c8e04caf7af9,,tests/Unit/Domains/DomainGoldenE2ETest.php; tests/Unit/Domains/DomainOperationIdempotencyAndReconciliationTest.php; tests/Unit/Domains/DomainRegistrarFlowTest.php; tests/Unit/Domains/RegistrarAdapterTest.php; tests/Unit/Domains/RegistrarCapabilityAndVaultTest.php,__construct; getDomain; getEppCode; getAuthCode; getNameservers; getContacts; isWhoisPrivacy; hasWhoisPrivacy,,Bu dosya için ana raporda ayrı bug atanmadı; hatasız veya production-ready onayı değildir.
src/Domain/Domains/Registrar/Reconciliation/DomainOperation.php,Sınıf: DomainOperation,Dosya içeriği otomatik statik tarandı; özel davranış kabulü verilmedi,171,1d2c8332347a12fcebe92d495fd68f53ff8f4b5f06a592e32c54330c42580971,,tests/Integration/Chaos/ChaosAndConcurrencySuiteTest.php; tests/Integration/Golden/GoldenMasterScenariosE2ETest.php; tests/Unit/Domains/DomainGoldenE2ETest.php; tests/Unit/Domains/DomainOperationIdempotencyAndReconciliationTest.php,__construct; getId; getDomainId; getOperationType; getIdempotencyKey; getStatus; isSucceeded; isProcessing; isUncertain; isFailed; getRemoteTransactionId; getErrorCode; getErrorMessage; getPayload; getResult; getAttempts; getLastAttemptAt; getReconciledAt; getCreatedAt; getUpdatedAt; toArray,"TODO:39,40,123,125,128,130,164,165",Bu dosya için ana raporda ayrı bug atanmadı; hatasız veya production-ready onayı değildir.
src/Domain/Domains/Registrar/Reconciliation/DomainOperationReconciliationService.php,Sınıf: DomainOperationReconciliationService,Dosya içeriği otomatik statik tarandı; özel davranış kabulü verilmedi,246,6bad1c426e2c0f91d90296b585f0ff78fdb157ee4ca93899c9946dc33b98b9fb,,tests/Integration/Chaos/ChaosAndConcurrencySuiteTest.php; tests/Unit/Domains/DomainGoldenE2ETest.php; tests/Unit/Domains/DomainOperationIdempotencyAndReconciliationTest.php,__construct; reconcileOperation; reconcileAllUncertain; reconcileRegister; reconcileRenew; reconcileTransfer,TODO:65,"İşlevler: reconcileOperation, reconcileAllUncertain, reconcileRegister, reconcileRenew, reconcileTransfer. Bu dosya için ana raporda ayrı bug atanmadı; hatasız veya production-ready onayı değildir."
src/Domain/Domains/Registrar/Reconciliation/DomainOperationRepository.php,Sınıf: DomainOperationRepository,Dosya içeriği otomatik statik tarandı; özel davranış kabulü verilmedi,266,8ab971eef8d9ce3c073a35608dd1819d6492a151a05cfaa5069163fcf6e04006,,tests/Integration/Chaos/ChaosAndConcurrencySuiteTest.php; tests/Integration/Golden/GoldenMasterScenariosE2ETest.php; tests/Unit/Domains/DomainGoldenE2ETest.php; tests/Unit/Domains/DomainOperationIdempotencyAndReconciliationTest.php,__construct; ensureTable; create; findById; findByIdempotencyKey; listUncertainOperations; markProcessing; markSucceeded; markFailed; markUncertain; markReconciled; hydrate,"DDL:27; SQLite syntax:22; Runtime exception:86; TODO:38,39,64,79,134,259,260; Domain SQL:61,92,106,123,134,149,170,192,219","İşlevler: ensureTable, create, findById, findByIdempotencyKey, listUncertainOperations, markProcessing, markSucceeded, markFailed, markUncertain, markReconciled, hydrate. Bu dosya için ana raporda ayrı bug atanmadı; hatasız veya production-ready onayı değildir."
src/Domain/Domains/Registrar/Reconciliation/IdempotentDomainOperationService.php,Sınıf: IdempotentDomainOperationService,Dosya içeriği otomatik statik tarandı; özel davranış kabulü verilmedi,288,9c6b9b290d0d1114d2970fb2c9a3ea9eeaf94108612101332215d034be2447b7,,tests/Integration/Chaos/ChaosAndConcurrencySuiteTest.php; tests/Integration/Golden/GoldenMasterScenariosE2ETest.php; tests/Unit/Domains/DomainGoldenE2ETest.php; tests/Unit/Domains/DomainOperationIdempotencyAndReconciliationTest.php,__construct; executeRegister; executeRenew; executeTransfer; executeIdempotent; isTimeoutException; isTimeoutMessage; isTimeoutErrorCode; markUncertain,,"İşlevler: executeRegister, executeRenew, executeTransfer, executeIdempotent, markUncertain. Bu dosya için ana raporda ayrı bug atanmadı; hatasız veya production-ready onayı değildir."
src/Domain/Domains/Registrar/RegistrarAdapterFactory.php,Sınıf: RegistrarAdapterFactory,Dosya içeriği otomatik statik tarandı; özel davranış kabulü verilmedi,28,f00dc77423c09fefccf8c367c85d44c640c10e39c8ecdb7a89bf01191e6e91cf,,tests/Unit/Domains/RegistrarAdapterTest.php,create,,İşlevler: create. Bu dosya için ana raporda ayrı bug atanmadı; hatasız veya production-ready onayı değildir.
src/Domain/Domains/Registrar/RegistrarCapability.php,Sınıf: RegistrarCapability,Dosya içeriği otomatik statik tarandı; özel davranış kabulü verilmedi,46,8c7bee9a2544c92fd3c1babf026b7bc8550bbd9fc231eba9c1ff2fe7c6b5e211,,tests/Integration/Chaos/ChaosAndConcurrencySuiteTest.php; tests/Unit/Domains/DomainGoldenE2ETest.php; tests/Unit/Domains/DomainOperationIdempotencyAndReconciliationTest.php; tests/Unit/Domains/DomainRegistrarFlowTest.php; tests/Unit/Domains/RegistrarAdapterTest.php; tests/Unit/Domains/RegistrarCapabilityAndVaultTest.php,all,,İşlevler: all. Bu dosya için ana raporda ayrı bug atanmadı; hatasız veya production-ready onayı değildir.
src/Domain/Domains/Registrar/RegistrarOperationResult.php,Sınıf: RegistrarOperationResult,Dosya içeriği otomatik statik tarandı; özel davranış kabulü verilmedi,174,e9230dcbb32538ee1b22557fbb37bcaa3914a533996bde5342bb97d04bd9403b,,tests/Integration/Chaos/ChaosAndConcurrencySuiteTest.php; tests/Unit/Domains/DomainGoldenE2ETest.php; tests/Unit/Domains/DomainOperationIdempotencyAndReconciliationTest.php; tests/Unit/Domains/DomainRegistrarFlowTest.php; tests/Unit/Domains/RegistrarCapabilityAndVaultTest.php,__construct; success; failed; failure; isSuccessful; getOperation; getDomain; getRemoteTransactionId; getExpirationDate; getErrorMessage; getErrorCode; getMetadata; getRawResponse; toArray,,"İşlevler: success, failed, failure. Bu dosya için ana raporda ayrı bug atanmadı; hatasız veya production-ready onayı değildir."
src/Domain/Domains/Registrar/RegistrarProviderInterface.php,Sözleşme: RegistrarProviderInterface,Dosya içeriği otomatik statik tarandı; özel davranış kabulü verilmedi,93,8507b10729ae1e0dd6d5fdfd54ec4990d84e88763c76bfed4e6708b2a2605b84,,tests/Integration/Chaos/ChaosAndConcurrencySuiteTest.php; tests/Unit/Domains/DomainGoldenE2ETest.php; tests/Unit/Domains/DomainOperationIdempotencyAndReconciliationTest.php; tests/Unit/Domains/DomainRegistrarFlowTest.php; tests/Unit/Domains/RegistrarCapabilityAndVaultTest.php,getRegistrarId; getName; supportsCapability; getSupportedCapabilities; checkAvailability; registerDomain; renewDomain; transferDomain; getNameservers; updateNameservers; getRegistrarLock; setRegistrarLock; getEppCode; getContacts; updateContacts,"Simulation:12; Domain SQL:59,71,88","İşlevler: supportsCapability, checkAvailability, registerDomain, renewDomain, transferDomain, updateNameservers, setRegistrarLock, updateContacts. Bu dosya için ana raporda ayrı bug atanmadı; hatasız veya production-ready onayı değildir."
src/Domain/Domains/Registrar/RegistrarRegistry.php,Sınıf: RegistrarRegistry,Dosya içeriği otomatik statik tarandı; özel davranış kabulü verilmedi,81,5faad66528adc0fe5a1814002992493072c8c210714384599448f197ac4ebb03,,tests/Integration/Chaos/ChaosAndConcurrencySuiteTest.php; tests/Integration/Golden/GoldenMasterScenariosE2ETest.php; tests/Unit/Domains/DomainGoldenE2ETest.php; tests/Unit/Domains/DomainOperationIdempotencyAndReconciliationTest.php; tests/Unit/Domains/DomainRegistrarFlowTest.php; tests/Unit/Domains/RegistrarCapabilityAndVaultTest.php,__construct; register; has; get; list; setDefault; getDefault,,"İşlevler: register, list, setDefault. Bu dosya için ana raporda ayrı bug atanmadı; hatasız veya production-ready onayı değildir."
src/Domain/Domains/Registrar/Vault/RegistrarConfiguration.php,Sınıf: RegistrarConfiguration,Dosya içeriği otomatik statik tarandı; özel davranış kabulü verilmedi,84,d9f14f14c4105877421996057d24d2c1c66ebc2847c3748e0d4eb60498387e81,,tests/Integration/Golden/GoldenMasterScenariosE2ETest.php; tests/Unit/Domains/DomainGoldenE2ETest.php; tests/Unit/Domains/DomainRegistrarFlowTest.php; tests/Unit/Domains/RegistrarAdapterTest.php; tests/Unit/Domains/RegistrarCapabilityAndVaultTest.php,__construct; getRegistrarId; getApiKey; getApiSecret; getResellerId; getEndpoint; isSandbox; getCustomSettings; toArray; __debugInfo,,İşlevler: __debugInfo. Bu dosya için ana raporda ayrı bug atanmadı; hatasız veya production-ready onayı değildir.
src/Domain/Domains/Registrar/Vault/VaultRegistrarSettingsManager.php,Sınıf: VaultRegistrarSettingsManager,Dosya içeriği otomatik statik tarandı; özel davranış kabulü verilmedi,192,7fca9816796846d63999ef31c570f95fae40df28402e93cc121232ec14b31ad9,F02,tests/Unit/Domains/DomainGoldenE2ETest.php; tests/Unit/Domains/RegistrarCapabilityAndVaultTest.php,__construct; ensureTables; saveConfiguration; getConfiguration; getMaskedConfiguration; deleteConfiguration; listConfiguredRegistrars,"DDL:32; SQLite syntax:27; Domain SQL:76,78,88,117,149,180,189","SQLite SQL sözdizimi; hedef MariaDB uyumu açık. İşlevler: ensureTables, saveConfiguration, deleteConfiguration, listConfiguredRegistrars."
src/Domain/Finance/Accounts/AccountTransaction.php,Sınıf: AccountTransaction,Dosya içeriği otomatik statik tarandı; özel davranış kabulü verilmedi,137,c28ea67ff83216a384b1d203a4fbd4145ae74d9193358d28b86f42bbf618b0a9,,tests/Unit/Finance/ExpenseServiceTest.php; tests/Unit/Finance/FinancialAccountServiceTest.php; tests/Unit/Finance/ProfitabilityServiceTest.php,__construct; getId; getEntryNumber; getAccountId; getType; isCredit; isDebit; getAmountMinor; getBalanceAfterMinor; getCurrencyCode; getSource; getDescription; getReferenceId; getTransactionDate; getMetadata; getCreatedAt; toArray,,Bu dosya için ana raporda ayrı bug atanmadı; hatasız veya production-ready onayı değildir.
src/Domain/Finance/Accounts/FinancialAccount.php,Sınıf: FinancialAccount,Dosya içeriği otomatik statik tarandı; özel davranış kabulü verilmedi,116,769b349b501924f33e7c2b6f9e1c680dfd13d3ef5d25f233b24236ac4bcbd3dc,,tests/Unit/Finance/ExpenseServiceTest.php; tests/Unit/Finance/FinancialAccountServiceTest.php; tests/Unit/Finance/ProfitabilityServiceTest.php,__construct; getId; getCode; getName; getAccountType; getCurrencyCode; getAccountNumber; getBankName; getBranchName; isActive; isDefault; getMetadata; getCreatedAt; toArray,,Bu dosya için ana raporda ayrı bug atanmadı; hatasız veya production-ready onayı değildir.
src/Domain/Finance/Accounts/FinancialAccountService.php,Sınıf: FinancialAccountService,Dosya içeriği otomatik statik tarandı; özel davranış kabulü verilmedi,501,050b8bf1842c37e8170d8898db67ec33192195ad84ff84c5e002ae9f7a886388,F02,tests/Unit/Finance/ExpenseServiceTest.php; tests/Unit/Finance/FinancialAccountServiceTest.php; tests/Unit/Finance/ProfitabilityServiceTest.php,__construct; ensureTables; createAccount; getBalance; recordTransaction; transferBetweenAccounts; getLedgerView; findAccountById; findAccountByCode; listAccounts; getDefaultAccount; nextTransactionNumber; hydrateAccount; hydrateTransaction,"DDL:32,53,75; SQLite syntax:26; Runtime exception:183,282,324; Domain SQL:118,124,166,225,327,371,377,386,411,424,437,438,445","SQLite SQL sözdizimi; hedef MariaDB uyumu açık. İşlevler: ensureTables, createAccount, recordTransaction, transferBetweenAccounts, findAccountById, findAccountByCode, listAccounts, nextTransactionNumber, hydrateAccount, hydrateTransaction."
src/Domain/Finance/Currency/Currency.php,Sınıf: Currency,Dosya içeriği otomatik statik tarandı; özel davranış kabulü verilmedi,94,42404814296fdf11654ba97835aeddd6d57a84e1a2ea08d0617def1c19e2bd96,,tests/Integration/Commerce/GoldenManualCommerceE2ETest.php; tests/Unit/Commerce/InvoiceServiceTest.php; tests/Unit/Finance/CurrencyAndFxTest.php; tests/Unit/Pricing/PricingAndTaxGoldenPropertyTest.php,__construct; getCode; getName; getSymbol; getFormat; getDecimalPlaces; isDefault; isActive; getCreatedAt; formatAmount; toArray,,İşlevler: formatAmount. Bu dosya için ana raporda ayrı bug atanmadı; hatasız veya production-ready onayı değildir.
src/Domain/Finance/Currency/CurrencyService.php,Sınıf: CurrencyService,Dosya içeriği otomatik statik tarandı; özel davranış kabulü verilmedi,280,a8a1b0078dd126200df14643dac9d651b637dd2790b6fc7f13539a5ee6402aca,,tests/Integration/Commerce/GoldenManualCommerceE2ETest.php; tests/Integration/Golden/GoldenMasterScenariosE2ETest.php; tests/Unit/Commerce/InvoiceServiceTest.php; tests/Unit/Commerce/PaymentServiceTest.php; tests/Unit/Finance/CurrencyAndFxTest.php; tests/Unit/Pricing/PricingAndTaxGoldenPropertyTest.php,__construct; registerProvider; ensureTables; createCurrency; findCurrency; getDefaultCurrency; listCurrencies; captureFxSnapshot; getLatestFxSnapshot; getSnapshotByDate; hydrateCurrency; hydrateSnapshot,"DDL:42,58; SQLite syntax:36; Runtime exception:185; Domain SQL:103,107,136,142,145,166,200,226,235","İşlevler: registerProvider, ensureTables, createCurrency, findCurrency, listCurrencies, captureFxSnapshot, hydrateCurrency, hydrateSnapshot. Bu dosya için ana raporda ayrı bug atanmadı; hatasız veya production-ready onayı değildir."
src/Domain/Finance/Expenses/Expense.php,Sınıf: Expense,Dosya içeriği otomatik statik tarandı; özel davranış kabulü verilmedi,146,63cb176a4f675168a89d0d3dcbf8a1a258f3046fb76c7798d41a168f6d42d530,,tests/Unit/Finance/ExpenseServiceTest.php,__construct; getId; getExpenseNumber; getCategoryId; getVendorId; getFinancialAccountId; getAmountMinor; getTaxAmountMinor; getTotalMinor; getCurrencyCode; getPaymentDate; getReceiptReference; getReceiptFileUrl; getNotes; isRecurring; getRecurringExpenseId; getMetadata; getCreatedAt; toArray,,Bu dosya için ana raporda ayrı bug atanmadı; hatasız veya production-ready onayı değildir.
src/Domain/Finance/Expenses/ExpenseService.php,Sınıf: ExpenseService,Dosya içeriği otomatik statik tarandı; özel davranış kabulü verilmedi,710,d28c5c6dbcdead388291623032ca499d360f59563ae62f4d32cb369f389f6668,F02,tests/Unit/Finance/ExpenseServiceTest.php; tests/Unit/Finance/ProfitabilityServiceTest.php,__construct; ensureTables; createCategory; findCategoryById; findCategoryByCode; listCategories; createVendor; findVendorById; findVendorByCode; listVendors; recordExpense; findExpenseById; findExpenseByNumber; listExpenses; createRecurringExpense; findRecurringExpenseById; listRecurringExpenses; processDueRecurringExpenses; nextExpenseNumber; hydrateCategory; hydrateVendor; hydrateExpense; hydrateRecurringExpense,"DDL:38,55,76,101,123; SQLite syntax:32; Domain SQL:162,194,200,209,255,295,301,310,369,417,423,432,491,533,542,559,586,600","SQLite SQL sözdizimi; hedef MariaDB uyumu açık. İşlevler: ensureTables, createCategory, findCategoryById, findCategoryByCode, listCategories, createVendor, findVendorById, findVendorByCode, listVendors, recordExpense, findExpenseById, findExpenseByNumber, listExpenses, createRecurringExpense, findRecurringExpenseById, listRecurringExpenses, processDueRecurringExpenses, nextExpenseNumber, hydrateCategory, hydrateVendor, hydrateExpense, hydrateRecurringExpense."
src/Domain/Finance/Expenses/FinanceCategory.php,Sınıf: FinanceCategory,Dosya içeriği otomatik statik tarandı; özel davranış kabulü verilmedi,103,4c51d367f743ce73a318d6fa7ca02784a72b411d3084dd3c6775cc284ac8c5d6,,tests/Unit/Finance/ExpenseServiceTest.php; tests/Unit/Finance/ProfitabilityServiceTest.php,__construct; getId; getCode; getName; getType; isIncome; isExpense; getDescription; isTaxDeductible; isActive; getMetadata; getCreatedAt; toArray,,Bu dosya için ana raporda ayrı bug atanmadı; hatasız veya production-ready onayı değildir.
src/Domain/Finance/Expenses/RecurringExpense.php,Sınıf: RecurringExpense,Dosya içeriği otomatik statik tarandı; özel davranış kabulü verilmedi,142,634a5816cdc815200517f8c7af7bad82d71b3e234dc1284087a5a3a68741b5a5,,tests/Unit/Finance/ExpenseServiceTest.php,__construct; getId; getTitle; getCategoryId; getVendorId; getFinancialAccountId; getCycle; getAmountMinor; getTaxAmountMinor; getTotalMinor; getCurrencyCode; getNextDueDate; isActive; getNotes; getMetadata; getCreatedAt; computeNextDueDate; toArray,,İşlevler: computeNextDueDate. Bu dosya için ana raporda ayrı bug atanmadı; hatasız veya production-ready onayı değildir.
src/Domain/Finance/Expenses/Vendor.php,Sınıf: Vendor,Dosya içeriği otomatik statik tarandı; özel davranış kabulü verilmedi,118,7023bff96d2e372b993b1888da1c619b90ba518994424144f020b8d426d935b1,,tests/Unit/Finance/ExpenseServiceTest.php,__construct; getId; getCode; getName; getContactEmail; getContactPhone; getWebsite; getTaxNumber; getAddress; getCountryCode; getNotes; isActive; getMetadata; getCreatedAt; toArray,,Bu dosya için ana raporda ayrı bug atanmadı; hatasız veya production-ready onayı değildir.
src/Domain/Finance/Fx/FxRateProviderInterface.php,Sözleşme: FxRateProviderInterface,Dosya içeriği otomatik statik tarandı; özel davranış kabulü verilmedi,19,d51be878bf935fc893da5332ab628a5b64b3c0a3074696adddc8fd63c30f8e1c,,,getName; getRates,,Bu dosya için ana raporda ayrı bug atanmadı; hatasız veya production-ready onayı değildir.
src/Domain/Finance/Fx/FxSnapshot.php,Sınıf: FxSnapshot,Dosya içeriği otomatik statik tarandı; özel davranış kabulü verilmedi,114,050f13ea213b9b4dcc695ee05bfa09598ac2fb9e964c2d3b01a355d55a709738,,tests/Unit/Finance/CurrencyAndFxTest.php; tests/Unit/Pricing/PricingAndTaxGoldenPropertyTest.php,__construct; getId; getBaseCurrency; getRates; getRate; getProvider; getSnapshotDate; getCreatedAt; convertFromBase; convertToBase; toArray,"Runtime exception:76,94","İşlevler: convertFromBase, convertToBase. Bu dosya için ana raporda ayrı bug atanmadı; hatasız veya production-ready onayı değildir."
src/Domain/Finance/Fx/StaticFxRateProvider.php,Sınıf: StaticFxRateProvider,Dosya içeriği otomatik statik tarandı; özel davranış kabulü verilmedi,51,75a0557d590c9e4a90f85e166032e47cced72ddeeb8a4345abe9a59654a43ef6,,tests/Integration/Commerce/GoldenManualCommerceE2ETest.php; tests/Integration/Golden/GoldenMasterScenariosE2ETest.php; tests/Unit/Commerce/InvoiceServiceTest.php; tests/Unit/Commerce/PaymentServiceTest.php; tests/Unit/Finance/CurrencyAndFxTest.php; tests/Unit/Pricing/PricingAndTaxGoldenPropertyTest.php,__construct; getName; setRate; getRates,,İşlevler: setRate. Bu dosya için ana raporda ayrı bug atanmadı; hatasız veya production-ready onayı değildir.
src/Domain/Finance/Profitability/GatewaySettlement.php,Sınıf: GatewaySettlement,Dosya içeriği otomatik statik tarandı; özel davranış kabulü verilmedi,148,c486364438552d97f8f37d118e76489a0d57bb446735b715a7aba105829de14f,,tests/Unit/Finance/ProfitabilityServiceTest.php,__construct; getId; getSettlementNumber; getGatewayCode; getSourceAccountId; getDestinationAccountId; getGrossAmountMinor; getFeeAmountMinor; getNetAmountMinor; getCurrencyCode; getSettlementDate; getStatus; getTransactionCount; getPayoutReference; getNotes; isCompleted; getMetadata; getCreatedAt; toArray,,Bu dosya için ana raporda ayrı bug atanmadı; hatasız veya production-ready onayı değildir.
src/Domain/Finance/Profitability/ProfitabilityReport.php,Sınıf: ProfitabilityReport,Dosya içeriği otomatik statik tarandı; özel davranış kabulü verilmedi,125,10eed5e1d2d8205b26456b87d4e3b9656c756ec450c94a2ca0ba3e383111250c,,tests/Unit/Finance/ProfitabilityServiceTest.php,__construct; getPeriodStart; getPeriodEnd; getCurrencyCode; getGrossRevenueMinor; getGatewayFeesMinor; getNetRevenueMinor; getTotalExpensesMinor; getGrossProfitMinor; getProfitMarginPercent; isProfitable; getRevenueByCategoryMinor; getExpensesByCategoryMinor; getMetadata; toArray,,Bu dosya için ana raporda ayrı bug atanmadı; hatasız veya production-ready onayı değildir.
src/Domain/Finance/Profitability/ProfitabilityService.php,Sınıf: ProfitabilityService,Dosya içeriği otomatik statik tarandı; özel davranış kabulü verilmedi,304,fabe5dd0f2fd93625be90b94592c76e63a4d7532e7839c250abf55fd013d49c6,F02,tests/Unit/Finance/ProfitabilityServiceTest.php,__construct; ensureTables; recordSettlementBatch; findSettlementById; findSettlementByNumber; listSettlements; generateProfitabilityReport; nextSettlementNumber; hydrateSettlement,"DDL:33,57; SQLite syntax:28; Domain SQL:126,172,178,187,208,218,230,260,261,268","SQLite SQL sözdizimi; hedef MariaDB uyumu açık. İşlevler: ensureTables, recordSettlementBatch, findSettlementById, findSettlementByNumber, listSettlements, generateProfitabilityReport, nextSettlementNumber, hydrateSettlement."
src/Domain/Fraud/Linkage/AccountLinkageService.php,Sınıf: AccountLinkageService,Dosya içeriği otomatik statik tarandı; özel davranış kabulü verilmedi,130,d324a66b33fc8ec784355b85d1e963a2b17129c93dcff75e7b7184c717339ffe,,tests/Unit/Fraud/VelocityAndListsTest.php,__construct; findLinkedAccounts,"Domain SQL:35,57,85",İşlevler: findLinkedAccounts. Bu dosya için ana raporda ayrı bug atanmadı; hatasız veya production-ready onayı değildir.
src/Domain/Fraud/Linkage/RelatedAccountResult.php,Sınıf: RelatedAccountResult,Dosya içeriği otomatik statik tarandı; özel davranış kabulü verilmedi,75,5c830bd69e02956ab8b5877c2010b875362bf70fe0e19c3aacf50332b120b6db,,,__construct; getSubjectUserId; getLinkedUserIds; getLinkedCount; getFraudulentUserIds; hasFraudulentHistory; getDetails; toArray,,Bu dosya için ana raporda ayrı bug atanmadı; hatasız veya production-ready onayı değildir.
src/Domain/Fraud/Lists/FraudListEntry.php,Sınıf: FraudListEntry,Dosya içeriği otomatik statik tarandı; özel davranış kabulü verilmedi,162,ef7f923cd1bb4c6cca39c835d377028b4d8adc4de195292b5383a2ea5d59dc4d,,,__construct; getId; getListType; getEntryType; getValue; getReason; getCreatedBy; getExpiresAt; isActive; getCreatedAt; isExpired; matches; matchesIp; matchesEmail; toArray,,"İşlevler: matches, matchesIp, matchesEmail. Bu dosya için ana raporda ayrı bug atanmadı; hatasız veya production-ready onayı değildir."
src/Domain/Fraud/Lists/FraudListEntryType.php,Enum / state değerleri: FraudListEntryType,Dosya içeriği otomatik statik tarandı; özel davranış kabulü verilmedi,15,455670ef519ac91a8d2d25498c9144f52b46dc48b07b9724da0612b888583f22,,tests/Unit/Fraud/VelocityAndListsTest.php,,,Bu dosya için ana raporda ayrı bug atanmadı; hatasız veya production-ready onayı değildir.
src/Domain/Fraud/Lists/FraudListService.php,Sınıf: FraudListService,Dosya içeriği otomatik statik tarandı; özel davranış kabulü verilmedi,227,54eea18d32df8cbc0322971eca883e986209dfd1826b709896aecf08efdc9785,,tests/Unit/Fraud/VelocityAndListsTest.php,__construct; ensureTables; addEntry; getEntry; findMatchingEntries; checkValue; checkContext; deactivateEntry; deleteEntry; hydrate,"DDL:30; SQLite syntax:25; Domain SQL:101,113,199,206","İşlevler: ensureTables, addEntry, findMatchingEntries, checkValue, checkContext, deactivateEntry, deleteEntry, hydrate. Bu dosya için ana raporda ayrı bug atanmadı; hatasız veya production-ready onayı değildir."
src/Domain/Fraud/Lists/FraudListType.php,Enum / state değerleri: FraudListType,Dosya içeriği otomatik statik tarandı; özel davranış kabulü verilmedi,27,3c8a935e17916f1aefc1e97a94c0de309d5769a58fe26b9fe3a47f81b91bcd72,,tests/Unit/Fraud/VelocityAndListsTest.php,isAllow; isWatch; isDeny,,Bu dosya için ana raporda ayrı bug atanmadı; hatasız veya production-ready onayı değildir.
src/Domain/Fraud/Review/RiskReviewCase.php,Sınıf: RiskReviewCase,Dosya içeriği otomatik statik tarandı; özel davranış kabulü verilmedi,127,635ba16894e517473d9f1e5ad935e05b04c5e445187a0072402df79ed5a7c159,,tests/Unit/Fraud/ManualRiskReviewTest.php,__construct; getId; getEvaluationId; getEntityType; getEntityId; getUserId; getOrganizationId; getStatus; getAssignedStaffId; getPriority; getCreatedAt; getResolvedAt; getResolvedBy; isPending; isInReview; isEscalated; isResolved; toArray,,Bu dosya için ana raporda ayrı bug atanmadı; hatasız veya production-ready onayı değildir.
src/Domain/Fraud/Review/RiskReviewDecisionSnapshot.php,Sınıf: RiskReviewDecisionSnapshot,Dosya içeriği otomatik statik tarandı; özel davranış kabulü verilmedi,195,343123babc65275795703ac79e65ca5e2ca1dc0609ca0caebed44ff9fef8194a,,tests/Unit/Fraud/ManualRiskReviewTest.php,__construct; create; calculateChecksum; getId; getReviewId; getEvaluationId; getOriginalDecision; getFinalDecision; isOverride; getOverrideReason; getDecidedByStaffId; getDecidedAt; getSnapshotChecksum; getMetadata; isApproved; isRejected; verifyIntegrity; toArray,,"İşlevler: create, calculateChecksum, verifyIntegrity. Bu dosya için ana raporda ayrı bug atanmadı; hatasız veya production-ready onayı değildir."
src/Domain/Fraud/Review/RiskReviewService.php,Sınıf: RiskReviewService,Dosya içeriği otomatik statik tarandı; özel davranış kabulü verilmedi,406,a23d4845080d3ecc9a966a8a5a1fcd2907dc8e10318112ca98d3721979d3a9c7,,tests/Unit/Fraud/ManualRiskReviewTest.php,__construct; ensureTables; createReview; claimReview; assignReview; escalateReview; approveReview; rejectReview; resolveReview; getReview; getReviewOrFail; getReviewByEvaluation; getPendingReviews; getDecisionSnapshot; verifySnapshotIntegrity; hydrateReview; hydrateSnapshot,"DDL:33,53; SQLite syntax:28; Domain SQL:133,157,234,236,294,312,326,345","İşlevler: ensureTables, createReview, claimReview, assignReview, escalateReview, approveReview, rejectReview, resolveReview, verifySnapshotIntegrity, hydrateReview, hydrateSnapshot. Bu dosya için ana raporda ayrı bug atanmadı; hatasız veya production-ready onayı değildir."
src/Domain/Fraud/Review/RiskReviewStatus.php,Enum / state değerleri: RiskReviewStatus,Dosya içeriği otomatik statik tarandı; özel davranış kabulü verilmedi,34,dab064e2933e440e35471dd9f2cb0feaa75cab520109be7d5dd6f8e26b4afd0f,,tests/Unit/Fraud/ManualRiskReviewTest.php,isPending; isInReview; isResolved; isEscalated,,Bu dosya için ana raporda ayrı bug atanmadı; hatasız veya production-ready onayı değildir.
src/Domain/Fraud/Risk/RiskContext.php,Sınıf: RiskContext,Dosya içeriği otomatik statik tarandı; özel davranış kabulü verilmedi,167,4ef44bf0a053a529e8cb0c1ae9f13b48fbaed7d836a8eb0646df1ddf5e9b15e8,,tests/Unit/Fraud/ManualRiskReviewTest.php; tests/Unit/Fraud/RuleBasedRiskScoringTest.php; tests/Unit/Fraud/VelocityAndListsTest.php,__construct; getEntityType; getEntityId; getUserId; getOrganizationId; getEmail; getClientIp; getUserAgent; getBillingCountry; getGeoIpCountry; isProxyOrVpn; isTor; getPaymentMethod; getCardIssuingCountry; isCardPrepaid; getOrderAmount; getCurrency; getOrderItemCount; isNewCustomer; getPriorSuccessfulOrdersCount; getCustomAttributes; toArray,,Bu dosya için ana raporda ayrı bug atanmadı; hatasız veya production-ready onayı değildir.
src/Domain/Fraud/Risk/RiskDecision.php,Enum / state değerleri: RiskDecision,Dosya içeriği otomatik statik tarandı; özel davranış kabulü verilmedi,27,896f1c2936104dc12766d68649484003c31d71b15fb29a0bf47f9a74d99d3e88,,tests/Unit/Fraud/ManualRiskReviewTest.php; tests/Unit/Fraud/RuleBasedRiskScoringTest.php; tests/Unit/Fraud/VelocityAndListsTest.php,isAccept; isReview; isReject,,Bu dosya için ana raporda ayrı bug atanmadı; hatasız veya production-ready onayı değildir.
src/Domain/Fraud/Risk/RiskEvaluationResult.php,Sınıf: RiskEvaluationResult,Dosya içeriği otomatik statik tarandı; özel davranış kabulü verilmedi,144,468bcba0a34db63440fe41bc54d17dd06b58dd9b6637729d630fb14944b7dc4f,,tests/Unit/Fraud/ManualRiskReviewTest.php,__construct; getId; getEntityType; getEntityId; getUserId; getOrganizationId; getTotalScore; getDecision; isAccept; isReview; isReject; getSignals; getSignalsCount; hasSignal; getSignal; getContextSnapshot; getEvaluatedAt; toArray,,Bu dosya için ana raporda ayrı bug atanmadı; hatasız veya production-ready onayı değildir.
src/Domain/Fraud/Risk/RiskScoreService.php,Sınıf: RiskScoreService,Dosya içeriği otomatik statik tarandı; özel davranış kabulü verilmedi,295,d416a66b05c033469a2a34f229128783a8b99169fc70a7c14eb009779fcff8e4,,tests/Unit/Fraud/ManualRiskReviewTest.php; tests/Unit/Fraud/RuleBasedRiskScoringTest.php; tests/Unit/Fraud/VelocityAndListsTest.php,__construct; registerRule; getRules; ensureTables; evaluate; getEvaluation; getEvaluationsForEntity; getLatestEvaluationForEntity; getEvaluationsForUser; hydrateEvaluation,"DDL:73,91; SQLite syntax:68; Domain SQL:198,217,241,255","İşlevler: registerRule, ensureTables, evaluate, hydrateEvaluation. Bu dosya için ana raporda ayrı bug atanmadı; hatasız veya production-ready onayı değildir."
src/Domain/Fraud/Risk/RiskSignal.php,Sınıf: RiskSignal,Dosya içeriği otomatik statik tarandı; özel davranış kabulü verilmedi,62,7fedfdb7cdf27918e42597b4d780ed7741ea184e53bffa4f5270e6bc2c619170,,tests/Unit/Fraud/RuleBasedRiskScoringTest.php,__construct; getRuleCode; getScore; getSeverity; getDescription; getMetadata; toArray,,Bu dosya için ana raporda ayrı bug atanmadı; hatasız veya production-ready onayı değildir.
src/Domain/Fraud/Risk/Rules/AnonymousProxyRule.php,Sınıf: AnonymousProxyRule,Dosya içeriği otomatik statik tarandı; özel davranış kabulü verilmedi,67,982505c9a5da085c9eb4f7c60bfdc16e814326521f8b7175b58ba05165c657e4,,tests/Unit/Fraud/RuleBasedRiskScoringTest.php,__construct; getRuleCode; getRuleName; getDefaultWeight; evaluate,,İşlevler: evaluate. Bu dosya için ana raporda ayrı bug atanmadı; hatasız veya production-ready onayı değildir.
src/Domain/Fraud/Risk/Rules/DisposableEmailRule.php,Sınıf: DisposableEmailRule,Dosya içeriği otomatik statik tarandı; özel davranış kabulü verilmedi,85,b84718e033da05091e186c9efb2ccb67b5ab5122776dca676fc953206ca8ff18,,tests/Unit/Fraud/RuleBasedRiskScoringTest.php,__construct; getRuleCode; getRuleName; getDefaultWeight; evaluate,"TODO:29,37,38,52,75",İşlevler: evaluate. Bu dosya için ana raporda ayrı bug atanmadı; hatasız veya production-ready onayı değildir.
src/Domain/Fraud/Risk/Rules/GeoIpMismatchRule.php,Sınıf: GeoIpMismatchRule,Dosya içeriği otomatik statik tarandı; özel davranış kabulü verilmedi,66,81c68da2e12684d5fe24b19170c184bbaf031f76e1fcc91b0673f3996b8ec902,,tests/Unit/Fraud/RuleBasedRiskScoringTest.php,__construct; getRuleCode; getRuleName; getDefaultWeight; evaluate,,İşlevler: evaluate. Bu dosya için ana raporda ayrı bug atanmadı; hatasız veya production-ready onayı değildir.
src/Domain/Fraud/Risk/Rules/HighOrderValueRule.php,Sınıf: HighOrderValueRule,Dosya içeriği otomatik statik tarandı; özel davranış kabulü verilmedi,83,88889b7f8e5b167a094cc9c4c8a623ab2155dfe43f3dd29bae5dc6f7a9b51e8e,,tests/Unit/Fraud/RuleBasedRiskScoringTest.php,__construct; getRuleCode; getRuleName; getDefaultWeight; evaluate,,İşlevler: evaluate. Bu dosya için ana raporda ayrı bug atanmadı; hatasız veya production-ready onayı değildir.
src/Domain/Fraud/Risk/Rules/ListMatchingRule.php,Sınıf: ListMatchingRule,Dosya içeriği otomatik statik tarandı; özel davranış kabulü verilmedi,84,9b0a6d784b571fbb10c818c89c0b56c951d469fef1257b57385a220d82641919,,tests/Unit/Fraud/VelocityAndListsTest.php,__construct; getRuleCode; getRuleName; getDefaultWeight; evaluate,,İşlevler: evaluate. Bu dosya için ana raporda ayrı bug atanmadı; hatasız veya production-ready onayı değildir.
src/Domain/Fraud/Risk/Rules/NewCustomerHighValueRule.php,Sınıf: NewCustomerHighValueRule,Dosya içeriği otomatik statik tarandı; özel davranış kabulü verilmedi,61,c5d65ebd6e1f28a5604c6d35e414ebe188ac60b3713af3dfb5e2c4168e07f30b,,tests/Unit/Fraud/RuleBasedRiskScoringTest.php,__construct; getRuleCode; getRuleName; getDefaultWeight; evaluate,TODO:46,İşlevler: evaluate. Bu dosya için ana raporda ayrı bug atanmadı; hatasız veya production-ready onayı değildir.
src/Domain/Fraud/Risk/Rules/PaymentCountryMismatchRule.php,Sınıf: PaymentCountryMismatchRule,Dosya içeriği otomatik statik tarandı; özel davranış kabulü verilmedi,94,310fbdb6ea063defff6f66abef8317b436a118d5b4d6e03e2c8ab6c3fbd25a0b,,tests/Unit/Fraud/RuleBasedRiskScoringTest.php,__construct; getRuleCode; getRuleName; getDefaultWeight; evaluate,,İşlevler: evaluate. Bu dosya için ana raporda ayrı bug atanmadı; hatasız veya production-ready onayı değildir.
src/Domain/Fraud/Risk/Rules/RelatedAccountsRiskRule.php,Sınıf: RelatedAccountsRiskRule,Dosya içeriği otomatik statik tarandı; özel davranış kabulü verilmedi,89,2805b3ef56638b1e82eccb0a5fb7612b7c503aa047580687757f0299f13b0a81,,tests/Unit/Fraud/VelocityAndListsTest.php,__construct; getRuleCode; getRuleName; getDefaultWeight; evaluate,,İşlevler: evaluate. Bu dosya için ana raporda ayrı bug atanmadı; hatasız veya production-ready onayı değildir.
src/Domain/Fraud/Risk/Rules/RiskRuleInterface.php,Sözleşme: RiskRuleInterface,Dosya içeriği otomatik statik tarandı; özel davranış kabulü verilmedi,19,164e6d1b4b837b2cef6db4da241437a97b832953b2a2059432a3a341dfe8cb27,,tests/Unit/Fraud/RuleBasedRiskScoringTest.php,getRuleCode; getRuleName; getDefaultWeight; evaluate,,İşlevler: evaluate. Bu dosya için ana raporda ayrı bug atanmadı; hatasız veya production-ready onayı değildir.
src/Domain/Fraud/Risk/Rules/VelocityRiskRule.php,Sınıf: VelocityRiskRule,Dosya içeriği otomatik statik tarandı; özel davranış kabulü verilmedi,90,920d555d1d3b86972032c38d2ce16e1b533e8456f82bb9ac0f54a3a450dfba45,,tests/Unit/Fraud/VelocityAndListsTest.php,__construct; getRuleCode; getRuleName; getDefaultWeight; evaluate,"TODO:55,73",İşlevler: evaluate. Bu dosya için ana raporda ayrı bug atanmadı; hatasız veya production-ready onayı değildir.
src/Domain/Fraud/Velocity/VelocityEvent.php,Sınıf: VelocityEvent,Dosya içeriği otomatik statik tarandı; özel davranış kabulü verilmedi,56,8968c523dae81fa44ec9378ba54c7b42ab52ecff6ed738ce745945a2112acb59,,,__construct; getId; getEventType; getIdentifierType; getIdentifierValue; getMetadata; getCreatedAt,,Bu dosya için ana raporda ayrı bug atanmadı; hatasız veya production-ready onayı değildir.
src/Domain/Fraud/Velocity/VelocityTrackerService.php,Sınıf: VelocityTrackerService,Dosya içeriği otomatik statik tarandı; özel davranış kabulü verilmedi,117,7cb7782f068ba75e2591ab6f6d6b77fb38517f4e61863f26af50fdb2ea212edd,,tests/Unit/Fraud/VelocityAndListsTest.php,__construct; ensureTables; recordEvent; getEventCount; getIpOrderVelocity; getUserOrderVelocity; getPaymentFailureVelocity,"DDL:28; SQLite syntax:23; TODO:105,110; Domain SQL:87","İşlevler: ensureTables, recordEvent. Bu dosya için ana raporda ayrı bug atanmadı; hatasız veya production-ready onayı değildir."
src/Domain/Health/ComponentHealthResult.php,Sınıf: ComponentHealthResult,Dosya içeriği otomatik statik tarandı; özel davranış kabulü verilmedi,71,9246544c989f682dacf9d9e7e316e04df2c50e26349052089fc4d6d698e0209b,,tests/Unit/Health/SystemDoctorHealthTest.php,__construct; getComponent; getStatus; getMessage; getMetrics; getLatencyMs; isHealthy; toArray,,Bu dosya için ana raporda ayrı bug atanmadı; hatasız veya production-ready onayı değildir.
src/Domain/Health/HealthStatus.php,Enum / state değerleri: HealthStatus,Dosya içeriği otomatik statik tarandı; özel davranış kabulü verilmedi,17,578ca2cae55ccfaab926ccc1c6d10933a55d66f49c86e3f46ce7e6ff9089e58e,,tests/Integration/Golden/GoldenMasterScenariosE2ETest.php; tests/Unit/Health/SystemDoctorHealthTest.php,isPassing,,Bu dosya için ana raporda ayrı bug atanmadı; hatasız veya production-ready onayı değildir.
src/Domain/Health/SystemDoctorService.php,Sınıf: SystemDoctorService,Odaklı kod incelemesi / ana rapor bağlantısı,354,f62bd61427c1f4931d134d527d7f97226dfdd9a13753fd8b707050a62f0da77f,F26,tests/Integration/Golden/GoldenMasterScenariosE2ETest.php; tests/Integration/ReleaseRehearsal/ReleaseRehearsalLifecycleSuiteTest.php; tests/Integration/SharedHost/SharedHostCompatibilityMatrixTest.php; tests/Unit/Health/SystemDoctorHealthTest.php,__construct; diagnoseAll; checkDatabase; checkCron; checkQueue; checkStorage; checkProviders; checkModules; checkBackup,"DDL:118,172,253,282; SQLite syntax:113,173,254,283; TODO:222; Domain SQL:71,128,179,180,260,293,294","İşlevler: diagnoseAll, checkDatabase, checkCron, checkQueue, checkStorage, checkProviders, checkModules, checkBackup."
src/Domain/Health/SystemHealthReport.php,Sınıf: SystemHealthReport,Dosya içeriği otomatik statik tarandı; özel davranış kabulü verilmedi,78,63a171ecdb274b74e9fcd3fcbd8dd7db238c12f560b95ac1c17cf0e991c4bfcc,,tests/Unit/Health/SystemDoctorHealthTest.php,__construct; getOverallStatus; getComponents; getComponent; getCheckedAt; getSystemInfo; isPassing; toArray,,Bu dosya için ana raporda ayrı bug atanmadı; hatasız veya production-ready onayı değildir.
src/Domain/Identity/Audit/AuditLogger.php,Sınıf: AuditLogger,Dosya içeriği otomatik statik tarandı; özel davranış kabulü verilmedi,87,e0b3e6a664270b8653e03f970ee26473dd14fc4941b5620447d3149dd375ad38,,tests/Unit/Domain/Identity/ImpersonationAndAuditTest.php; tests/Unit/Domain/Module/ModuleLifecycleServiceTest.php; tests/Unit/Domain/Privacy/PrivacyConsentServiceTest.php; tests/Unit/Domain/Vault/VaultServiceTest.php,__construct; ensureTable; log; getLogsForUser,DDL:26; SQLite syntax:21; Domain SQL:81,"İşlevler: ensureTable, log. Bu dosya için ana raporda ayrı bug atanmadı; hatasız veya production-ready onayı değildir."
src/Domain/Identity/Auth/AuthService.php,Sınıf: AuthService,Odaklı kod incelemesi / ana rapor bağlantısı,270,efc56be9efe7b854a8048f1fae7cd4486362b12e113823c0a2dd0b1dae96eb7b,F19,tests/Unit/Domain/Identity/AuthServiceTest.php,__construct; ensureTables; register; authenticate; createPasswordResetToken; resetPassword; createEmailVerificationToken; verifyEmail,"DDL:36,52,66; SQLite syntax:30; Domain SQL:90,122,187,196,249","İşlevler: ensureTables, register, authenticate, createPasswordResetToken, resetPassword, createEmailVerificationToken, verifyEmail."
src/Domain/Identity/Impersonation/ImpersonationService.php,Sınıf: ImpersonationService,Dosya içeriği otomatik statik tarandı; özel davranış kabulü verilmedi,133,fc7df98e77651718e5feffd486667b067cb9c658f6f418cc83768e521a9b7f85,,tests/Unit/Domain/Identity/ImpersonationAndAuditTest.php,__construct; startImpersonation; stopImpersonation; guardOperation,"TODO:118,124; Domain SQL:57","İşlevler: startImpersonation, stopImpersonation, guardOperation. Bu dosya için ana raporda ayrı bug atanmadı; hatasız veya production-ready onayı değildir."
src/Domain/Identity/Organization/OrganizationService.php,Sınıf: OrganizationService,Dosya içeriği otomatik statik tarandı; özel davranış kabulü verilmedi,258,449a954aecae7f5aefb1b5f2def402801f68a6e3fe49011204a05d15c0e90121,,tests/Unit/Domain/Identity/OrganizationServiceTest.php,__construct; ensureTables; createOrganization; getUserOrganizations; switchOrganization; inviteMember; acceptInvitation,"DDL:34,48,63; SQLite syntax:28; Domain SQL:90,125,145,173,213,241,243","İşlevler: ensureTables, createOrganization, switchOrganization, inviteMember, acceptInvitation. Bu dosya için ana raporda ayrı bug atanmadı; hatasız veya production-ready onayı değildir."
src/Domain/Identity/Rbac/RbacService.php,Sınıf: RbacService,Odaklı kod incelemesi / ana rapor bağlantısı,238,c5aa071aefa61a6a29073a5b5e679594984f5e6fb4554bafa90bf158dce32550,F03,tests/Unit/Domain/Identity/ImpersonationAndAuditTest.php; tests/Unit/Domain/Identity/RbacServiceTest.php,__construct; ensureTables; findOrCreateRole; grantPermission; assignRole; hasPermission; authorize,"DDL:59,73,86,97; SQLite syntax:53; Domain SQL:115,137,159,184","İşlevler: ensureTables, findOrCreateRole, grantPermission, assignRole, authorize."
src/Domain/Identity/Security/PasswordHasher.php,Sınıf: PasswordHasher,Dosya içeriği otomatik statik tarandı; özel davranış kabulü verilmedi,63,0d6738de4ce9fb19da075a7c1ad7cd20b1ed045210d862b960c73caf6a0e8e9b,,tests/Unit/Domain/Identity/AuthServiceTest.php; tests/Unit/Domain/Identity/TwoFactorServiceTest.php,__construct; hash; verify; needsRehash,,"İşlevler: verify, needsRehash. Bu dosya için ana raporda ayrı bug atanmadı; hatasız veya production-ready onayı değildir."
src/Domain/Identity/Session/DatabaseSessionHandler.php,Sınıf: DatabaseSessionHandler,Dosya içeriği otomatik statik tarandı; özel davranış kabulü verilmedi,150,54a77169192ef2dc70788fd1eea36b02a8efae9486ffb4b3eed34820cb255680,,tests/Unit/Domain/Identity/AuthServiceTest.php; tests/Unit/Domain/Identity/ImpersonationAndAuditTest.php; tests/Unit/Domain/Identity/OrganizationServiceTest.php,__construct; ensureTable; read; write; destroy; destroyForUser; gc,"DDL:28; SQLite syntax:23; Domain SQL:51,70,86","İşlevler: ensureTable, read, write, destroy, destroyForUser, gc. Bu dosya için ana raporda ayrı bug atanmadı; hatasız veya production-ready onayı değildir."
src/Domain/Identity/TwoFactor/TotpEngine.php,Sınıf: TotpEngine,Dosya içeriği otomatik statik tarandı; özel davranış kabulü verilmedi,129,7748042d30134df0e5946bbf50da27f485cd9bb4deb5112c8b005316cffc6307,,tests/Unit/Domain/Identity/TwoFactorServiceTest.php,generateSecret; generateCode; verifyCode; getProvisioningUri; base32Encode; base32Decode,,"İşlevler: generateSecret, generateCode, verifyCode, base32Encode, base32Decode. Bu dosya için ana raporda ayrı bug atanmadı; hatasız veya production-ready onayı değildir."
src/Domain/Identity/TwoFactor/TwoFactorService.php,Sınıf: TwoFactorService,Odaklı kod incelemesi / ana rapor bağlantısı,298,f8e41767be28927ffe9750d066fcfddd0237b1b798c7da74365a74ab2e3bbe0b,F09 F23,tests/Unit/Domain/Identity/TwoFactorServiceTest.php,__construct; ensureTables; beginSetup; confirmSetup; isEnabled; verifyLoginCode; redeemRecoveryCode; trustDevice; isDeviceTrusted; enforceAdmin2FaPolicy,"DDL:35,50,64; SQLite syntax:29; Domain SQL:90,131,186,200,220,269","İşlevler: ensureTables, beginSetup, confirmSetup, verifyLoginCode, redeemRecoveryCode, trustDevice, enforceAdmin2FaPolicy."
src/Domain/Installer/AdminBootstrapService.php,Sınıf: AdminBootstrapService,Odaklı kod incelemesi / ana rapor bağlantısı,71,bb0680875e190be96415fda0f05a4bbc5cf04daf2246a54fe94f0c40c1f397ae,F03,tests/Integration/ReleaseRehearsal/ReleaseRehearsalLifecycleSuiteTest.php; tests/Unit/Installer/FreshInstallMigrationModeTest.php; tests/Unit/Installer/WebInstallerTest.php,bootstrapAdmin,"Domain SQL:25,31,37,46,49,58,60",İşlevler: bootstrapAdmin.
src/Domain/Installer/AdminSetupDto.php,Sınıf: AdminSetupDto,Dosya içeriği otomatik statik tarandı; özel davranış kabulü verilmedi,96,d0570151502aee4e62c8431e9b397c34979c57ee0a3cba4fbd002de4ab6573f6,,tests/Integration/ReleaseRehearsal/ReleaseRehearsalLifecycleSuiteTest.php; tests/Unit/Installer/FreshInstallMigrationModeTest.php; tests/Unit/Installer/WebInstallerTest.php,__construct; validate; getEmail; getPassword; getFirstName; getLastName; getFullName; toArray; jsonSerialize,,İşlevler: validate. Bu dosya için ana raporda ayrı bug atanmadı; hatasız veya production-ready onayı değildir.
src/Domain/Installer/BrandSetupDto.php,Sınıf: BrandSetupDto,Dosya içeriği otomatik statik tarandı; özel davranış kabulü verilmedi,98,300cf94ecf5aab18306f4fc765adc171e32c7f7416f4446da67ba7343f237881,,tests/Integration/ReleaseRehearsal/ReleaseRehearsalLifecycleSuiteTest.php; tests/Unit/Installer/FreshInstallMigrationModeTest.php; tests/Unit/Installer/WebInstallerTest.php,__construct; validate; getCompanyName; getBrandName; getSupportEmail; getDomain; getAddress; getTaxNumber; toArray; jsonSerialize,,İşlevler: validate. Bu dosya için ana raporda ayrı bug atanmadı; hatasız veya production-ready onayı değildir.
src/Domain/Installer/BrandSetupService.php,Sınıf: BrandSetupService,Dosya içeriği otomatik statik tarandı; özel davranış kabulü verilmedi,102,7598fafb020e1d36fc5ab556a26bb89959d63cafeb8489b3da56d40736006446,,tests/Integration/ReleaseRehearsal/ReleaseRehearsalLifecycleSuiteTest.php; tests/Unit/Installer/FreshInstallMigrationModeTest.php; tests/Unit/Installer/WebInstallerTest.php,configureBrand,"Domain SQL:30,35,40,55,60,65,81,84,89",İşlevler: configureBrand. Bu dosya için ana raporda ayrı bug atanmadı; hatasız veya production-ready onayı değildir.
src/Domain/Installer/ConnectionTestResult.php,Sınıf: ConnectionTestResult,Dosya içeriği otomatik statik tarandı; özel davranış kabulü verilmedi,88,48dea328f2598862ebede19d5696aa13bb678907f8d5042315fa2b352c8380d4,,,__construct; successful; failed; isSuccess; getMessage; getServerVersion; getDetails; toArray; jsonSerialize,TODO:10,"İşlevler: successful, failed. Bu dosya için ana raporda ayrı bug atanmadı; hatasız veya production-ready onayı değildir."
src/Domain/Installer/CronSetupService.php,Sınıf: CronSetupService,Dosya içeriği otomatik statik tarandı; özel davranış kabulü verilmedi,79,b4b93ce559d6b7e1c19683c189a3c479a6bddec5dc54df5629e835a2d82812c8,,tests/Integration/ReleaseRehearsal/ReleaseRehearsalLifecycleSuiteTest.php; tests/Unit/Installer/FreshInstallMigrationModeTest.php; tests/Unit/Installer/WebInstallerTest.php,setupCron; validateCronToken; recordCronExecution,"Domain SQL:31,34,39,57,75","İşlevler: setupCron, validateCronToken, recordCronExecution. Bu dosya için ana raporda ayrı bug atanmadı; hatasız veya production-ready onayı değildir."
src/Domain/Installer/DatabaseConfig.php,Sınıf: DatabaseConfig,Dosya içeriği otomatik statik tarandı; özel davranış kabulü verilmedi,120,0871215553f280c2c1a4f127547814e41bd25216e615c2e830a2f485bc187326,,tests/Integration/ReleaseRehearsal/ReleaseRehearsalLifecycleSuiteTest.php; tests/Unit/Installer/FreshInstallMigrationModeTest.php; tests/Unit/Installer/WebInstallerTest.php,__construct; sqlite; getDriver; getHost; getPort; getDatabase; getUsername; getPassword; getPrefix; getCharset; getCollation; buildDsn; toArray; jsonSerialize,,"İşlevler: sqlite, buildDsn. Bu dosya için ana raporda ayrı bug atanmadı; hatasız veya production-ready onayı değildir."
src/Domain/Installer/DatabaseSetupService.php,Sınıf: DatabaseSetupService,Odaklı kod incelemesi / ana rapor bağlantısı,228,67866881363be1cb0b88f9dc95d7f44cd6fc5f472cba618b7290a47ab7df170d,F03 F26,tests/Integration/ReleaseRehearsal/ReleaseRehearsalLifecycleSuiteTest.php; tests/Unit/Installer/FreshInstallMigrationModeTest.php; tests/Unit/Installer/WebInstallerTest.php,testConnection; createConnection; initializeCoreSchema; createPdo,"DDL:66,87,112,125,142,158,177,192; SQLite syntax:57; TODO:17; Domain SQL:23,101,104","İşlevler: testConnection, createConnection, initializeCoreSchema, createPdo."
src/Domain/Installer/EmailSetupService.php,Sınıf: EmailSetupService,Odaklı kod incelemesi / ana rapor bağlantısı,91,3575027cb3f17c433e7e748b05eb00a25b427cbd0cfbcdc924b6640d2c27318c,F09 F27,tests/Integration/ReleaseRehearsal/ReleaseRehearsalLifecycleSuiteTest.php; tests/Unit/Installer/FreshInstallMigrationModeTest.php; tests/Unit/Installer/WebInstallerTest.php,configureEmail; sendTestEmail,"Simulation:12,67; Domain SQL:40,45,50","İşlevler: configureEmail, sendTestEmail."
src/Domain/Installer/EmailTransportConfig.php,Sınıf: EmailTransportConfig,Dosya içeriği otomatik statik tarandı; özel davranış kabulü verilmedi,126,f1e90d6003c690cadfed8a1e7529baeb4b25dd696b88c0b47ec33bffaef0b581,,tests/Integration/ReleaseRehearsal/ReleaseRehearsalLifecycleSuiteTest.php; tests/Unit/Installer/FreshInstallMigrationModeTest.php; tests/Unit/Installer/WebInstallerTest.php,__construct; validate; memory; getDriver; getFromAddress; getFromName; getHost; getPort; getEncryption; getUsername; getPassword; toArray; jsonSerialize,,"İşlevler: validate, memory. Bu dosya için ana raporda ayrı bug atanmadı; hatasız veya production-ready onayı değildir."
src/Domain/Installer/EnvironmentRequirementChecker.php,Sınıf: EnvironmentRequirementChecker,Dosya içeriği otomatik statik tarandı; özel davranış kabulü verilmedi,224,6d1636789f787d9853d31748a6d597b7391fa079476c03d8225fdf866310d915,,tests/Integration/ReleaseRehearsal/ReleaseRehearsalLifecycleSuiteTest.php; tests/Unit/Installer/FreshInstallMigrationModeTest.php; tests/Unit/Installer/WebInstallerTest.php,__construct; setPhpVersionOverride; setExtensionOverride; setDirectoryWritableOverride; setMemoryLimitBytesOverride; check; isExtensionLoaded; isDirectoryWritable; getMemoryLimitBytes,"Simulation:155,156","İşlevler: setPhpVersionOverride, setExtensionOverride, setDirectoryWritableOverride, setMemoryLimitBytesOverride, check. Bu dosya için ana raporda ayrı bug atanmadı; hatasız veya production-ready onayı değildir."
src/Domain/Installer/Exceptions/InstallationLockedException.php,Sınıf: InstallationLockedException,Dosya içeriği otomatik statik tarandı; özel davranış kabulü verilmedi,15,96fc4ade8d5e0651dfa998eb879ee353d4317c89bd2b3ba9141cc784b6d22aad,,tests/Integration/ReleaseRehearsal/ReleaseRehearsalLifecycleSuiteTest.php; tests/Unit/Installer/WebInstallerTest.php,alreadyInstalled,,İşlevler: alreadyInstalled. Bu dosya için ana raporda ayrı bug atanmadı; hatasız veya production-ready onayı değildir.
src/Domain/Installer/Exceptions/PrerequisiteNotMetException.php,Sınıf: PrerequisiteNotMetException,Dosya içeriği otomatik statik tarandı; özel davranış kabulü verilmedi,21,185efb0a32be4e687849210ee72b81ecc6d436c13487299cd3fb61286e080b37,,tests/Unit/Installer/WebInstallerTest.php,withUnmet,,İşlevler: withUnmet. Bu dosya için ana raporda ayrı bug atanmadı; hatasız veya production-ready onayı değildir.
src/Domain/Installer/FreshInstallMigrationConfig.php,Sınıf: FreshInstallMigrationConfig,Dosya içeriği otomatik statik tarandı; özel davranış kabulü verilmedi,65,afd78651c1ac59f7ec47069b3d4df90c5747a728557f71a1649a1a17bedcf096,,tests/Unit/Installer/FreshInstallMigrationModeTest.php,__construct; getSourceType; getConnectionConfig; shouldAutoHold; shouldSuppressNotifications; getConflictStrategy; getOptions,,"İşlevler: shouldAutoHold, shouldSuppressNotifications. Bu dosya için ana raporda ayrı bug atanmadı; hatasız veya production-ready onayı değildir."
src/Domain/Installer/FreshInstallMigrationModeService.php,Sınıf: FreshInstallMigrationModeService,Dosya içeriği otomatik statik tarandı; özel davranış kabulü verilmedi,191,6055ecd13c53b55dc2aa31589719eaa9005b4fd5f70b09b39a7ac600945700c1,,tests/Unit/Installer/FreshInstallMigrationModeTest.php,__construct; setOrchestrator; getOrchestrator; testSourceConnection; executeFreshMigration,Runtime exception:142,"İşlevler: setOrchestrator, testSourceConnection, executeFreshMigration. Bu dosya için ana raporda ayrı bug atanmadı; hatasız veya production-ready onayı değildir."
src/Domain/Installer/FreshInstallMigrationResult.php,Sınıf: FreshInstallMigrationResult,Dosya içeriği otomatik statik tarandı; özel davranış kabulü verilmedi,101,d4b8777667208b5fe26c01b460b66410fb16ef1d64612c5f7ccd2dab5fa49617,,tests/Unit/Installer/FreshInstallMigrationModeTest.php,__construct; getSourceType; isSuccess; getTotalMigrated; getTotalConflicts; getTotalQuarantined; isMigrationHoldEngaged; areNotificationsSuppressed; getSummary; getErrorMessage; toArray,,İşlevler: areNotificationsSuppressed. Bu dosya için ana raporda ayrı bug atanmadı; hatasız veya production-ready onayı değildir.
src/Domain/Installer/InstallationMode.php,Enum / state değerleri: InstallationMode,Dosya içeriği otomatik statik tarandı; özel davranış kabulü verilmedi,17,8b02bd6e72f6dcd3a07bc2966325c1402558468d2ad22f865e307652410e6f7b,,tests/Unit/Installer/FreshInstallMigrationModeTest.php,,,Bu dosya için ana raporda ayrı bug atanmadı; hatasız veya production-ready onayı değildir.
src/Domain/Installer/InstallationStep.php,Enum / state değerleri: InstallationStep,Dosya içeriği otomatik statik tarandı; özel davranış kabulü verilmedi,18,9beb914e7b9e06cee853bf54009f14c4e9460e21f59ec55c8915272f35c1b5a1,,tests/Unit/Installer/FreshInstallMigrationModeTest.php; tests/Unit/Installer/WebInstallerTest.php,,,Bu dosya için ana raporda ayrı bug atanmadı; hatasız veya production-ready onayı değildir.
src/Domain/Installer/InstallationSummary.php,Sınıf: InstallationSummary,Dosya içeriği otomatik statik tarandı; özel davranış kabulü verilmedi,110,8507f6cf2602255bfada1f9d0b8ff5bed4444bcdfedee315ad31bbaed9d9d848,,,__construct; getAppVersion; getInstalledAt; getAdminEmail; getBrandName; getDatabaseDriver; getDefaultLocale; getDefaultCurrency; getCronCliCommand; getLockFilePath; getExtra; toArray; jsonSerialize,,Bu dosya için ana raporda ayrı bug atanmadı; hatasız veya production-ready onayı değildir.
src/Domain/Installer/InstallerLock.php,Sınıf: InstallerLock,Dosya içeriği otomatik statik tarandı; özel davranış kabulü verilmedi,115,9192c84cadb3617d156d16f22000b06f4fc223b1202c6f5ce943a88b86f4f72a,,tests/Integration/ReleaseRehearsal/ReleaseRehearsalLifecycleSuiteTest.php; tests/Unit/Installer/FreshInstallMigrationModeTest.php; tests/Unit/Installer/WebInstallerTest.php,__construct; isLocked; lock; unlock; getMetadata; getLockFilePath,"Runtime exception:60; Domain SQL:29,66,68,70,86","İşlevler: lock, unlock. Bu dosya için ana raporda ayrı bug atanmadı; hatasız veya production-ready onayı değildir."
src/Domain/Installer/LocaleSetupDto.php,Sınıf: LocaleSetupDto,Dosya içeriği otomatik statik tarandı; özel davranış kabulü verilmedi,95,61d026d1f55e31bd189966cdb3acd1d0a71866ae5a615552bf46c62732350c42,,tests/Integration/ReleaseRehearsal/ReleaseRehearsalLifecycleSuiteTest.php; tests/Unit/Installer/FreshInstallMigrationModeTest.php; tests/Unit/Installer/WebInstallerTest.php,__construct; validate; getDefaultLocale; getTimezone; getDefaultCurrency; getDateFormat; toArray; jsonSerialize,,İşlevler: validate. Bu dosya için ana raporda ayrı bug atanmadı; hatasız veya production-ready onayı değildir.
src/Domain/Installer/LocaleSetupService.php,Sınıf: LocaleSetupService,Dosya içeriği otomatik statik tarandı; özel davranış kabulü verilmedi,45,4c349f042441798260b297f7f8898a68f4f73380fedf0e471fec6c66ff52ad39,,tests/Integration/ReleaseRehearsal/ReleaseRehearsalLifecycleSuiteTest.php; tests/Unit/Installer/FreshInstallMigrationModeTest.php; tests/Unit/Installer/WebInstallerTest.php,configureLocale,"Domain SQL:29,32,37",İşlevler: configureLocale. Bu dosya için ana raporda ayrı bug atanmadı; hatasız veya production-ready onayı değildir.
src/Domain/Installer/SystemRequirementItem.php,Sınıf: SystemRequirementItem,Dosya içeriği otomatik statik tarandı; özel davranış kabulü verilmedi,95,0f022168be13c09fae690187e491b9805ecd2eea3802a4e948c45a44caf9b8ac,,,__construct; getKey; getCategory; getName; getRequired; getCurrent; isPassed; isRequired; getSeverity; getMessage; toArray; jsonSerialize,,Bu dosya için ana raporda ayrı bug atanmadı; hatasız veya production-ready onayı değildir.
src/Domain/Installer/SystemRequirementsReport.php,Sınıf: SystemRequirementsReport,Dosya içeriği otomatik statik tarandı; özel davranış kabulü verilmedi,115,7fe350ea95062209c42cfb5c9fa581b506d59c5dfb1886c488c760eee58a106f,,,__construct; getItems; getItem; isInstallable; getMissingRequired; getWarnings; getCheckedAt; toArray; jsonSerialize,,Bu dosya için ana raporda ayrı bug atanmadı; hatasız veya production-ready onayı değildir.
src/Domain/Installer/WebInstallerService.php,Sınıf: WebInstallerService,Odaklı kod incelemesi / ana rapor bağlantısı,350,3f87ad810bdd821ecd2d55ba20cdd7e852aa781053bb245347bf13ffebc5dab3,F01,tests/Integration/ReleaseRehearsal/ReleaseRehearsalLifecycleSuiteTest.php; tests/Unit/Installer/FreshInstallMigrationModeTest.php; tests/Unit/Installer/WebInstallerTest.php,__construct; isLocked; getCurrentStep; getConnection; setConnection; checkRequirements; setupDatabase; setupAdmin; setupLocale; setupBrand; setupEmail; setupCron; executeMigrationStep; setFreshMigrationService; getFreshMigrationService; finalizeInstallation; getInstallerLock; getSessionState; assertNotLocked; assertDatabaseConnected,"Runtime exception:248,347","İşlevler: setConnection, checkRequirements, setupDatabase, setupAdmin, setupLocale, setupBrand, setupEmail, setupCron, executeMigrationStep, setFreshMigrationService, finalizeInstallation, assertNotLocked, assertDatabaseConnected."
src/Domain/Integrations/Health/IntegrationHealthRegistry.php,Sınıf: IntegrationHealthRegistry,Dosya içeriği otomatik statik tarandı; özel davranış kabulü verilmedi,46,2cb03736ef5f33388afdbd8b379a78f043f8a971e88301185c0f644f394ece73,,tests/Unit/Foundation/Health/IntegrationHealthHooksTest.php,__construct; registerAll; report,,"İşlevler: registerAll, report. Bu dosya için ana raporda ayrı bug atanmadı; hatasız veya production-ready onayı değildir."
src/Domain/Integrations/Health/PaymentGatewayHealthCheck.php,Sınıf: PaymentGatewayHealthCheck,Dosya içeriği otomatik statik tarandı; özel davranış kabulü verilmedi,101,c0554af981fbf8f12ba8757ff51e6a049e469219c15874c87fcbf9ea0af7b26b,,tests/Unit/Foundation/Health/IntegrationHealthHooksTest.php,__construct; name; check,,"İşlevler: name, check. Bu dosya için ana raporda ayrı bug atanmadı; hatasız veya production-ready onayı değildir."
src/Domain/Integrations/Health/SmtpHealthCheck.php,Sınıf: SmtpHealthCheck,Dosya içeriği otomatik statik tarandı; özel davranış kabulü verilmedi,98,27f9d3e540a303a82910454f98dd475e6a24554ecc1a97e86763a6761b9cb4b7,,tests/Unit/Foundation/Health/IntegrationHealthHooksTest.php,__construct; name; check,"Simulation:8,35","İşlevler: name, check. Bu dosya için ana raporda ayrı bug atanmadı; hatasız veya production-ready onayı değildir."
src/Domain/Integrations/Health/WebhookQueueHealthCheck.php,Sınıf: WebhookQueueHealthCheck,Dosya içeriği otomatik statik tarandı; özel davranış kabulü verilmedi,82,60e28eae5bdb8c935202f2810eb94c65622bfd6c9ff7aee8e30968955d18cd4a,,tests/Unit/Foundation/Health/IntegrationHealthHooksTest.php,__construct; name; check,"TODO:40,44; Domain SQL:40,44","İşlevler: name, check. Bu dosya için ana raporda ayrı bug atanmadı; hatasız veya production-ready onayı değildir."
src/Domain/Migration/Adoption/AdoptedIdentityRepository.php,Sınıf: AdoptedIdentityRepository,Dosya içeriği otomatik statik tarandı; özel davranış kabulü verilmedi,181,3ef9e0eac41c6f777d287da4b07fdc1dc498a398ec079f7b2d9812c8cd81f476,,tests/Integration/ReleaseRehearsal/ReleaseRehearsalLifecycleSuiteTest.php; tests/Unit/Installer/FreshInstallMigrationModeTest.php; tests/Unit/Migration/AdoptExistingServiceDomainIdentityTest.php; tests/Unit/Migration/CutoverAndGoldenMigrationE2ETest.php; tests/Unit/Migration/DryRunConflictCheckpointResumeTest.php; tests/Unit/Migration/MigrationHoldAndSuppressionTest.php; tests/Unit/Migration/WhmcsCoreEntitiesMigrationTest.php,__construct; ensureTable; save; findByExternalReference; findByTargetEntity; getBatchIdentities; mapRowToIdentity,"DDL:27; SQLite syntax:22; Domain SQL:58,86,112,130,149","İşlevler: ensureTable, save, findByExternalReference, findByTargetEntity, mapRowToIdentity. Bu dosya için ana raporda ayrı bug atanmadı; hatasız veya production-ready onayı değildir."
src/Domain/Migration/Adoption/AdoptedIdentityType.php,Enum / state değerleri: AdoptedIdentityType,Dosya içeriği otomatik statik tarandı; özel davranış kabulü verilmedi,11,2c9607d69cba9cb8bc1e24c20cbe84c28fd026a9a0a98eb6a420ff481e6525ec,,tests/Unit/Migration/AdoptExistingServiceDomainIdentityTest.php; tests/Unit/Migration/WhmcsCoreEntitiesMigrationTest.php,,,Bu dosya için ana raporda ayrı bug atanmadı; hatasız veya production-ready onayı değildir.
src/Domain/Migration/Adoption/AdoptedProviderIdentity.php,Sınıf: AdoptedProviderIdentity,Dosya içeriği otomatik statik tarandı; özel davranış kabulü verilmedi,134,e48810a477b2f853058e7cdc060f4513cabab80d9621b29be843d67798e6d751,,,__construct; getId; setId; getBatchId; getIdentityType; getSourceId; getSourceSystem; getTargetEntityId; getProviderType; getProviderIdentifier; getExternalReferenceId; getExternalMetadata; isRemoteVerificationPassed; isProvisioningSuppressed; getAdoptedAt; toArray; jsonSerialize,,İşlevler: setId. Bu dosya için ana raporda ayrı bug atanmadı; hatasız veya production-ready onayı değildir.
src/Domain/Migration/Adoption/DomainAdoptionResult.php,Sınıf: DomainAdoptionResult,Dosya içeriği otomatik statik tarandı; özel davranış kabulü verilmedi,97,20c53395d53b3dca497d1258c70db2082f2a7a71cc5fba47eae8d9cd23c12531,,,__construct; successful; failed; isSuccess; getAdoptedDomainId; getProviderIdentity; getErrors; getWarnings; toArray; jsonSerialize,,"İşlevler: successful, failed. Bu dosya için ana raporda ayrı bug atanmadı; hatasız veya production-ready onayı değildir."
src/Domain/Migration/Adoption/DomainAdoptionService.php,Sınıf: DomainAdoptionService,Dosya içeriği otomatik statik tarandı; özel davranış kabulü verilmedi,195,fca096c41ab79a6d94bfab95de5a1f3d3bd52fd4a943167da6330754d1010fa9,,tests/Integration/ReleaseRehearsal/ReleaseRehearsalLifecycleSuiteTest.php; tests/Unit/Installer/FreshInstallMigrationModeTest.php; tests/Unit/Migration/AdoptExistingServiceDomainIdentityTest.php; tests/Unit/Migration/CutoverAndGoldenMigrationE2ETest.php; tests/Unit/Migration/DryRunConflictCheckpointResumeTest.php; tests/Unit/Migration/MigrationHoldAndSuppressionTest.php; tests/Unit/Migration/WhmcsCoreEntitiesMigrationTest.php,__construct; ensureDomainsTable; adoptDomain,DDL:31; SQLite syntax:26; Domain SQL:138,"İşlevler: ensureDomainsTable, adoptDomain. Bu dosya için ana raporda ayrı bug atanmadı; hatasız veya production-ready onayı değildir."
src/Domain/Migration/Adoption/ProviderIdentityResolver.php,Sınıf: ProviderIdentityResolver,Dosya içeriği otomatik statik tarandı; özel davranış kabulü verilmedi,66,1b55f7e53d94fc4b1bb7c9a08f356f38416cbba4da79f085af68e6c619c76811,,tests/Integration/ReleaseRehearsal/ReleaseRehearsalLifecycleSuiteTest.php; tests/Unit/Installer/FreshInstallMigrationModeTest.php; tests/Unit/Migration/AdoptExistingServiceDomainIdentityTest.php; tests/Unit/Migration/CutoverAndGoldenMigrationE2ETest.php; tests/Unit/Migration/DryRunConflictCheckpointResumeTest.php; tests/Unit/Migration/MigrationHoldAndSuppressionTest.php; tests/Unit/Migration/WhmcsCoreEntitiesMigrationTest.php; tests/Unit/Migration/WhmcsFinancialReconciliationMigrationTest.php; tests/Unit/Migration/WhmcsSupportAndUnsupportedDataTest.php,__construct; registerServerMapping; registerRegistrarMapping; registerProductMapping; registerClientMapping; resolveServer; resolveRegistrar; resolveProduct; resolveClient,,"İşlevler: registerServerMapping, registerRegistrarMapping, registerProductMapping, registerClientMapping, resolveServer, resolveRegistrar, resolveProduct, resolveClient. Bu dosya için ana raporda ayrı bug atanmadı; hatasız veya production-ready onayı değildir."
src/Domain/Migration/Adoption/RemoteIdentityVerifierInterface.php,Sözleşme: RemoteIdentityVerifierInterface,Dosya içeriği otomatik statik tarandı; özel davranış kabulü verilmedi,27,03cbecbe62f10e4770fcb35641ad5d145db94f46e6dd81cedf610e91f3167b65,,tests/Unit/Migration/AdoptExistingServiceDomainIdentityTest.php,verifyServerAccountExists; verifyDomainRegistration,,"İşlevler: verifyServerAccountExists, verifyDomainRegistration. Bu dosya için ana raporda ayrı bug atanmadı; hatasız veya production-ready onayı değildir."
src/Domain/Migration/Adoption/ServiceAdoptionResult.php,Sınıf: ServiceAdoptionResult,Dosya içeriği otomatik statik tarandı; özel davranış kabulü verilmedi,97,32057e425114bf960a80f01d2c0679c026cc58d495b5f355c9a0ba71b8fa3c8e,,,__construct; successful; failed; isSuccess; getAdoptedServiceId; getProviderIdentity; getErrors; getWarnings; toArray; jsonSerialize,,"İşlevler: successful, failed. Bu dosya için ana raporda ayrı bug atanmadı; hatasız veya production-ready onayı değildir."
src/Domain/Migration/Adoption/ServiceAdoptionService.php,Sınıf: ServiceAdoptionService,Dosya içeriği otomatik statik tarandı; özel davranış kabulü verilmedi,209,121fd4df088a127ed739feaa56a95dc9256cf38059c032694ffe52ea239a93de,,tests/Integration/ReleaseRehearsal/ReleaseRehearsalLifecycleSuiteTest.php; tests/Unit/Installer/FreshInstallMigrationModeTest.php; tests/Unit/Migration/AdoptExistingServiceDomainIdentityTest.php; tests/Unit/Migration/CutoverAndGoldenMigrationE2ETest.php; tests/Unit/Migration/DryRunConflictCheckpointResumeTest.php; tests/Unit/Migration/MigrationHoldAndSuppressionTest.php; tests/Unit/Migration/WhmcsCoreEntitiesMigrationTest.php,__construct; ensureServicesTable; adoptService,DDL:31; SQLite syntax:26; Domain SQL:155,"İşlevler: ensureServicesTable, adoptService. Bu dosya için ana raporda ayrı bug atanmadı; hatasız veya production-ready onayı değildir."
src/Domain/Migration/Canonical/CanonicalClientDto.php,Sınıf: CanonicalClientDto,Dosya içeriği otomatik statik tarandı; özel davranış kabulü verilmedi,178,f25ed71cd11731d557752ab3a63f5e15467102504e0bc4d109f1ae25b9d63680,,tests/Unit/Migration/GenericStagingMappingValidationTest.php,__construct; getSourceId; getSourceSystem; getEntityType; getFirstName; getLastName; getFullName; getEmail; getCompanyName; getPhoneNumber; getAddressLine1; getAddressLine2; getCity; getState; getPostcode; getCountryCode; getCurrency; getStatus; isTaxExempt; getCreatedAt; getCustomFields; getMetadata; toArray; jsonSerialize,,Bu dosya için ana raporda ayrı bug atanmadı; hatasız veya production-ready onayı değildir.
src/Domain/Migration/Canonical/CanonicalDomainDto.php,Sınıf: CanonicalDomainDto,Dosya içeriği otomatik statik tarandı; özel davranış kabulü verilmedi,151,dc959d2620510f62bf3472c0cf4209b7d3bc9e10f1ba59c848be526a6282ef33,,tests/Unit/Migration/AdoptExistingServiceDomainIdentityTest.php; tests/Unit/Migration/GenericStagingMappingValidationTest.php,__construct; getSourceId; getSourceSystem; getEntityType; getClientSourceId; getDomainName; getRegistrar; getStatus; getRecurringAmount; getCurrency; getRegistrationPeriodYears; getRegistrationDate; getExpiryDate; getNextDueDate; isAutoRenew; hasIdProtection; getNameServers; getMetadata; toArray; jsonSerialize,,Bu dosya için ana raporda ayrı bug atanmadı; hatasız veya production-ready onayı değildir.
src/Domain/Migration/Canonical/CanonicalEntityInterface.php,Sözleşme: CanonicalEntityInterface,Dosya içeriği otomatik statik tarandı; özel davranış kabulü verilmedi,24,3a8c2e4099c93a8f2c123a1fbe871edc50b6f508bc0360d4987edb7a46ebeeea,,,getSourceId; getSourceSystem; getEntityType; toArray,,Bu dosya için ana raporda ayrı bug atanmadı; hatasız veya production-ready onayı değildir.
src/Domain/Migration/Canonical/CanonicalInvoiceDto.php,Sınıf: CanonicalInvoiceDto,Dosya içeriği otomatik statik tarandı; özel davranış kabulü verilmedi,137,b88855ce11e73e02058039312eacdd26cf56d10c12e8f56ef8f4616183f945f1,,tests/Unit/Migration/GenericStagingMappingValidationTest.php,__construct; getSourceId; getSourceSystem; getEntityType; getClientSourceId; getInvoiceNumber; getSubtotal; getTax; getTotal; getCurrency; getStatus; getDate; getDueDate; getDatePaid; getLineItems; getMetadata; toArray; jsonSerialize,,Bu dosya için ana raporda ayrı bug atanmadı; hatasız veya production-ready onayı değildir.
src/Domain/Migration/Canonical/CanonicalPaymentDto.php,Sınıf: CanonicalPaymentDto,Dosya içeriği otomatik statik tarandı; özel davranış kabulü verilmedi,119,fe51355179b488c557bbac0c555330199c1afa17f6b1c1186f3368771b81e5cc,,tests/Unit/Migration/GenericStagingMappingValidationTest.php,__construct; getSourceId; getSourceSystem; getEntityType; getClientSourceId; getInvoiceSourceId; getAmount; getFeeAmount; getCurrency; getTransactionId; getGateway; getStatus; getPaymentDate; getMetadata; toArray; jsonSerialize,,Bu dosya için ana raporda ayrı bug atanmadı; hatasız veya production-ready onayı değildir.
src/Domain/Migration/Canonical/CanonicalProductDto.php,Sınıf: CanonicalProductDto,Dosya içeriği otomatik statik tarandı; özel davranış kabulü verilmedi,130,432f418a40c949791c10d6e6dc1246b9fcdb9fd8f17c699dac39deb12d20e04e,,tests/Unit/Migration/GenericStagingMappingValidationTest.php,__construct; getSourceId; getSourceSystem; getEntityType; getName; getType; getDescription; getPrice; getCurrency; getBillingCycle; getModule; getPackageName; isActive; getModuleConfig; getMetadata; toArray; jsonSerialize,,Bu dosya için ana raporda ayrı bug atanmadı; hatasız veya production-ready onayı değildir.
src/Domain/Migration/Canonical/CanonicalServiceDto.php,Sınıf: CanonicalServiceDto,Dosya içeriği otomatik statik tarandı; özel davranış kabulü verilmedi,151,c9f9f713f540fb86281a8ead7125e5081d0acb4b856d14b3ec41dbbbe85c13f7,,tests/Unit/Migration/AdoptExistingServiceDomainIdentityTest.php; tests/Unit/Migration/GenericStagingMappingValidationTest.php,__construct; getSourceId; getSourceSystem; getEntityType; getClientSourceId; getProductSourceId; getDomain; getUsername; getDedicatedIp; getStatus; getBillingCycle; getRecurringAmount; getCurrency; getRegistrationDate; getNextDueDate; getSuspensionReason; getCustomFields; getMetadata; toArray; jsonSerialize,,Bu dosya için ana raporda ayrı bug atanmadı; hatasız veya production-ready onayı değildir.
src/Domain/Migration/Canonical/CanonicalTicketDto.php,Sınıf: CanonicalTicketDto,Dosya içeriği otomatik statik tarandı; özel davranış kabulü verilmedi,130,6c549ba3a40fc5a3611c86c192a6923711d76b3fee04b6213e0c2e56e36a6b8f,,tests/Unit/Migration/GenericStagingMappingValidationTest.php,__construct; getSourceId; getSourceSystem; getEntityType; getClientSourceId; getDepartment; getSubject; getMessage; getPriority; getStatus; getTicketMask; getCreatedAt; getLastReplyAt; getReplies; getMetadata; toArray; jsonSerialize,,Bu dosya için ana raporda ayrı bug atanmadı; hatasız veya production-ready onayı değildir.
src/Domain/Migration/Csv/CsvImportResult.php,Sınıf: CsvImportResult,Dosya içeriği otomatik statik tarandı; özel davranış kabulü verilmedi,90,3441a37cd2c0ec3690df6717ae387bde98ec4141b1c746795d7e4a4bd367aa47,,,__construct; getBatchId; getEntityType; getTotalRowsParsed; getStagedCount; getQuarantinedCount; getParseErrors; getAccountingReport; isSuccess; toArray; jsonSerialize,,Bu dosya için ana raporda ayrı bug atanmadı; hatasız veya production-ready onayı değildir.
src/Domain/Migration/Csv/CsvImportService.php,Sınıf: CsvImportService,Dosya içeriği otomatik statik tarandı; özel davranış kabulü verilmedi,134,bffb17ee8c12d4d9be783bf1c7ed13d64fd5f78c57c3d2c693cc1fe53590178d,,tests/Unit/Migration/LocaleAwareCsvImportTest.php,__construct; importCsvString; mapAndNormalizeRow,,"İşlevler: importCsvString, mapAndNormalizeRow. Bu dosya için ana raporda ayrı bug atanmadı; hatasız veya production-ready onayı değildir."
src/Domain/Migration/Csv/CsvLocaleConfig.php,Sınıf: CsvLocaleConfig,Dosya içeriği otomatik statik tarandı; özel davranış kabulü verilmedi,90,9a329ee4795f319e01cb52a5354b9032fa01093dc990f34310caa7e7b96db18b,,tests/Unit/Migration/LocaleAwareCsvImportTest.php,__construct; standardUs; europeanContinental; autoDetect; getDelimiter; getEnclosure; getEscape; getDecimalSeparator; getThousandsSeparator; getDateFormat; getEncoding,,"İşlevler: standardUs, europeanContinental, autoDetect. Bu dosya için ana raporda ayrı bug atanmadı; hatasız veya production-ready onayı değildir."
src/Domain/Migration/Csv/CsvMappingProfile.php,Sınıf: CsvMappingProfile,Dosya içeriği otomatik statik tarandı; özel davranış kabulü verilmedi,221,c2743f24db54a86a0b66d3e43a0cb208444765dfc86ce68e1a8ea16ef0614e73,,tests/Unit/Migration/LocaleAwareCsvImportTest.php,__construct; forClients; forInvoices; forServices; forDomains; getEntityType; getColumnMap; getDefaultValues; getNumberFields; getDateFields; mapHeader,,"İşlevler: forClients, forInvoices, forServices, forDomains, mapHeader. Bu dosya için ana raporda ayrı bug atanmadı; hatasız veya production-ready onayı değildir."
src/Domain/Migration/Csv/LocaleAwareCsvParser.php,Sınıf: LocaleAwareCsvParser,Dosya içeriği otomatik statik tarandı; özel davranış kabulü verilmedi,270,e1f397e4420eee17a2c829d2a6e61a5652b46694495adb69dee109ac8c6adc9d,,tests/Unit/Migration/LocaleAwareCsvImportTest.php,parseString; parseLocalizedNumber; parseLocalizedDate; detectDelimiter; stripBom,,"İşlevler: parseString, parseLocalizedNumber, parseLocalizedDate, detectDelimiter, stripBom. Bu dosya için ana raporda ayrı bug atanmadı; hatasız veya production-ready onayı değildir."
src/Domain/Migration/Csv/LocaleDateFormat.php,Enum / state değerleri: LocaleDateFormat,Dosya içeriği otomatik statik tarandı; özel davranış kabulü verilmedi,13,ec26605fa74a8cf7e850af566a6f0472260fd7d3216b1cd84903576bf0f23f00,,tests/Unit/Migration/LocaleAwareCsvImportTest.php,,,Bu dosya için ana raporda ayrı bug atanmadı; hatasız veya production-ready onayı değildir.
src/Domain/Migration/Cutover/CutoverAuditSeal.php,Sınıf: CutoverAuditSeal,Dosya içeriği otomatik statik tarandı; özel davranış kabulü verilmedi,181,b721ddb98a2c8905315cb319232ea2490cecdd15de6ba9b7d6557605ce2c6278,,tests/Integration/ReleaseRehearsal/ReleaseRehearsalLifecycleSuiteTest.php; tests/Unit/Migration/CutoverAndGoldenMigrationE2ETest.php,__construct; create; getBatchId; getApprovedBy; getTotalEntitiesMigrated; getEntityCounts; getStagingSummary; getFinancialSummary; getUnsupportedFieldsCount; getSha256Checksum; getSealedAt; getStatus; getSignature; verifyChecksum; toArray; jsonSerialize,,"İşlevler: create, verifyChecksum. Bu dosya için ana raporda ayrı bug atanmadı; hatasız veya production-ready onayı değildir."
src/Domain/Migration/Cutover/CutoverChecklistItem.php,Sınıf: CutoverChecklistItem,Dosya içeriği otomatik statik tarandı; özel davranış kabulü verilmedi,90,7f528bf73049673d05d3290f43bae7f204c859a0bb5485f1fb108fcdf9917ab7,,,__construct; getKey; getTitle; isPassed; isRequired; getMessage; getDetails; getCheckedAt; toArray; jsonSerialize,,Bu dosya için ana raporda ayrı bug atanmadı; hatasız veya production-ready onayı değildir.
src/Domain/Migration/Cutover/CutoverChecklistReport.php,Sınıf: CutoverChecklistReport,Dosya içeriği otomatik statik tarandı; özel davranış kabulü verilmedi,108,3041a3098d35ba34247b0f85d1aefd557353533e0df42580df32cfee5f536ca3,,tests/Integration/ReleaseRehearsal/ReleaseRehearsalLifecycleSuiteTest.php; tests/Unit/Migration/CutoverAndGoldenMigrationE2ETest.php,__construct; getBatchId; getItems; getItem; isReadyForCutover; getPassedCount; getFailedCount; getGeneratedAt; toArray; jsonSerialize,,Bu dosya için ana raporda ayrı bug atanmadı; hatasız veya production-ready onayı değildir.
src/Domain/Migration/Cutover/CutoverChecklistService.php,Sınıf: CutoverChecklistService,Odaklı kod incelemesi / ana rapor bağlantısı,192,f8f8ad722dd3e505f534317c6bba9f1ee96fa84629d4bc5bd5d5507959f48553,F32,tests/Integration/ReleaseRehearsal/ReleaseRehearsalLifecycleSuiteTest.php; tests/Unit/Migration/CutoverAndGoldenMigrationE2ETest.php,__construct; evaluateChecklist; sealCutover,Runtime exception:164,"İşlevler: evaluateChecklist, sealCutover."
src/Domain/Migration/Execution/ConflictDetector.php,Sınıf: ConflictDetector,Dosya içeriği otomatik statik tarandı; özel davranış kabulü verilmedi,136,b8ae85ed661c0639bf0e0dbc84d6e7a98ee3ed840fa5c33a1b2db184db4fbca5,,tests/Integration/ReleaseRehearsal/ReleaseRehearsalLifecycleSuiteTest.php; tests/Unit/Installer/FreshInstallMigrationModeTest.php; tests/Unit/Migration/CutoverAndGoldenMigrationE2ETest.php; tests/Unit/Migration/DryRunConflictCheckpointResumeTest.php; tests/Unit/Migration/MigrationHoldAndSuppressionTest.php,__construct; detectUserEmailConflict; detectDomainConflict; detectServiceConflict; detectInvoiceNumberConflict; detectProductSlugConflict,"Domain SQL:37,57,90,110,130","İşlevler: detectUserEmailConflict, detectDomainConflict, detectServiceConflict, detectInvoiceNumberConflict, detectProductSlugConflict. Bu dosya için ana raporda ayrı bug atanmadı; hatasız veya production-ready onayı değildir."
src/Domain/Migration/Execution/ConflictResolutionStrategy.php,Enum / state değerleri: ConflictResolutionStrategy,Dosya içeriği otomatik statik tarandı; özel davranış kabulü verilmedi,12,1849ca2e8df220c6536dfe2ad3885cd632ddaf834fd92639b7acb7c1a3ce2267,,,,,Bu dosya için ana raporda ayrı bug atanmadı; hatasız veya production-ready onayı değildir.
src/Domain/Migration/Execution/DryRunReport.php,Sınıf: DryRunReport,Dosya içeriği otomatik statik tarandı; özel davranış kabulü verilmedi,149,346fbb5b94613d1663eca187ee96301c9034dcb2f70a5997e59f2f298e84da2a,,,__construct; getBatchId; isDryRun; getTotalInspected; getTotalProjectedMigrated; getTotalProjectedQuarantined; getInspectedByType; getProjectedMigratedByType; getProjectedQuarantinedByType; getConflictsDetected; getProjectedFinancialTotals; hasConflicts; canProceedSafely; isReadyForLiveMigration; toArray; jsonSerialize,,İşlevler: canProceedSafely. Bu dosya için ana raporda ayrı bug atanmadı; hatasız veya production-ready onayı değildir.
src/Domain/Migration/Execution/MigrationCheckpoint.php,Sınıf: MigrationCheckpoint,Dosya içeriği otomatik statik tarandı; özel davranış kabulü verilmedi,132,84d38259909c474355cd9254f6a199b33431d78384345b3414cdace69c890be5,,tests/Unit/Migration/DryRunConflictCheckpointResumeTest.php,__construct; getBatchId; getCurrentStep; getLastProcessedId; getProcessedCount; getTotalCount; getStatus; isCompleted; getMetadata; getUpdatedAt; advance; stepComplete; markCompleted; markFailed; toArray; jsonSerialize,,"İşlevler: advance, stepComplete, markCompleted, markFailed. Bu dosya için ana raporda ayrı bug atanmadı; hatasız veya production-ready onayı değildir."
src/Domain/Migration/Execution/MigrationCheckpointRepository.php,Sınıf: MigrationCheckpointRepository,Dosya içeriği otomatik statik tarandı; özel davranış kabulü verilmedi,126,7e8a2169201a122609dbb80d2f4f53d503f7b037ccd5b8885364e323c3348cff,,tests/Integration/ReleaseRehearsal/ReleaseRehearsalLifecycleSuiteTest.php; tests/Unit/Installer/FreshInstallMigrationModeTest.php; tests/Unit/Migration/CutoverAndGoldenMigrationE2ETest.php; tests/Unit/Migration/DryRunConflictCheckpointResumeTest.php; tests/Unit/Migration/MigrationHoldAndSuppressionTest.php,__construct; ensureTable; save; find; delete,"DDL:24; Domain SQL:50,70,95,122","İşlevler: ensureTable, save, find, delete. Bu dosya için ana raporda ayrı bug atanmadı; hatasız veya production-ready onayı değildir."
src/Domain/Migration/Execution/MigrationExecutionOrchestrator.php,Sınıf: MigrationExecutionOrchestrator,Dosya içeriği otomatik statik tarandı; özel davranış kabulü verilmedi,398,54317ad0cf1e2de4f16c70d341eea125dbbda6b81654d6c3cb58091cd8c10fb9,,tests/Integration/ReleaseRehearsal/ReleaseRehearsalLifecycleSuiteTest.php; tests/Unit/Installer/FreshInstallMigrationModeTest.php; tests/Unit/Migration/CutoverAndGoldenMigrationE2ETest.php; tests/Unit/Migration/DryRunConflictCheckpointResumeTest.php; tests/Unit/Migration/MigrationHoldAndSuppressionTest.php,__construct; getHoldService; getSuppressionManager; executeDryRun; executeLive,Runtime exception:369; TODO:249,"İşlevler: executeDryRun, executeLive. Bu dosya için ana raporda ayrı bug atanmadı; hatasız veya production-ready onayı değildir."
src/Domain/Migration/Execution/QuarantineManager.php,Sınıf: QuarantineManager,Dosya içeriği otomatik statik tarandı; özel davranış kabulü verilmedi,107,7bd0becaf1d6a9eff9d791775635c52db40f6d84f13b0b8c00bd3eca438f6f74,,tests/Integration/ReleaseRehearsal/ReleaseRehearsalLifecycleSuiteTest.php; tests/Unit/Installer/FreshInstallMigrationModeTest.php; tests/Unit/Migration/CutoverAndGoldenMigrationE2ETest.php; tests/Unit/Migration/DryRunConflictCheckpointResumeTest.php; tests/Unit/Migration/MigrationHoldAndSuppressionTest.php,__construct; getQuarantinedRecords; getQuarantineSummary; remediate,Runtime exception:84,İşlevler: remediate. Bu dosya için ana raporda ayrı bug atanmadı; hatasız veya production-ready onayı değildir.
src/Domain/Migration/Hold/MigrationHoldRecord.php,Sınıf: MigrationHoldRecord,Dosya içeriği otomatik statik tarandı; özel davranış kabulü verilmedi,156,10f8ead2098851420e645e444a1ff7694e24053853affa8eb66fb14b0c967089,,tests/Unit/Migration/MigrationHoldAndSuppressionTest.php,__construct; getId; setId; getBatchId; getEntityType; getEntityId; getReason; getStatus; isActive; getSuppressedActions; isActionSuppressed; getHeldAt; getReleasedAt; getReleasedBy; getReleaseNotes; release; toArray; jsonSerialize,,"İşlevler: setId, release. Bu dosya için ana raporda ayrı bug atanmadı; hatasız veya production-ready onayı değildir."
src/Domain/Migration/Hold/MigrationHoldRepository.php,Sınıf: MigrationHoldRepository,Dosya içeriği otomatik statik tarandı; özel davranış kabulü verilmedi,321,a08f29669a1dc632f06e334d7a9c6313c04fd410935d676d36d1a596382da1f2,,tests/Integration/ReleaseRehearsal/ReleaseRehearsalLifecycleSuiteTest.php; tests/Unit/Installer/FreshInstallMigrationModeTest.php; tests/Unit/Migration/CutoverAndGoldenMigrationE2ETest.php; tests/Unit/Migration/MigrationHoldAndSuppressionTest.php,__construct; ensureTable; save; findActive; findGlobalHold; findByBatch; releaseEntity; releaseBatch; releaseGlobalHold; getSummary; hydrate,"DDL:30; SQLite syntax:25; Domain SQL:59,81,92,113,144,164,172,194,199","İşlevler: ensureTable, save, findActive, findGlobalHold, findByBatch, releaseEntity, releaseBatch, releaseGlobalHold, hydrate. Bu dosya için ana raporda ayrı bug atanmadı; hatasız veya production-ready onayı değildir."
src/Domain/Migration/Hold/MigrationHoldService.php,Sınıf: MigrationHoldService,Odaklı kod incelemesi / ana rapor bağlantısı,151,f2703b4ccbb4e6f2cf9527cd9c6363bbc0b8f7de7b17ac9fdce1fdc912c43428,F32,tests/Integration/ReleaseRehearsal/ReleaseRehearsalLifecycleSuiteTest.php; tests/Unit/Installer/FreshInstallMigrationModeTest.php; tests/Unit/Migration/CutoverAndGoldenMigrationE2ETest.php; tests/Unit/Migration/MigrationHoldAndSuppressionTest.php,__construct; holdEntity; holdEntities; activateGlobalHold; releaseGlobalHold; releaseEntity; releaseBatch; isGlobalHoldActive; isEntityHeld; isAutomationSuppressed; getHeldEntitiesSummary; getHeldRecords; getRepository,,"İşlevler: holdEntity, holdEntities, activateGlobalHold, releaseGlobalHold, releaseEntity, releaseBatch."
src/Domain/Migration/Hold/MigrationHoldStatus.php,Enum / state değerleri: MigrationHoldStatus,Dosya içeriği otomatik statik tarandı; özel davranış kabulü verilmedi,11,9c491d2fbe92eda51cc60f4e9e1a9db2980ebc1228ea13f04ce9cbc0c0a29cd3,,tests/Unit/Migration/MigrationHoldAndSuppressionTest.php,,,Bu dosya için ana raporda ayrı bug atanmadı; hatasız veya production-ready onayı değildir.
src/Domain/Migration/Hold/NotificationSuppressionManager.php,Sınıf: NotificationSuppressionManager,Dosya içeriği otomatik statik tarandı; özel davranış kabulü verilmedi,229,e5c6dbe3dc34a10d71fd999cdc0669a8e03dc9a09497e7e0ca3da21166933710,,tests/Integration/ReleaseRehearsal/ReleaseRehearsalLifecycleSuiteTest.php; tests/Unit/Installer/FreshInstallMigrationModeTest.php; tests/Unit/Migration/CutoverAndGoldenMigrationE2ETest.php; tests/Unit/Migration/MigrationHoldAndSuppressionTest.php,__construct; setForceSuppression; isForceSuppression; isSuppressed; logSuppression; dispatchOrSuppress; replaySuppressed; getSuppressedNotifications; getSummary; getHoldService; getRepository,"Runtime exception:140,163,167,172; TODO:95,107,111,115,144,176,186","İşlevler: setForceSuppression, logSuppression, dispatchOrSuppress, replaySuppressed. Bu dosya için ana raporda ayrı bug atanmadı; hatasız veya production-ready onayı değildir."
src/Domain/Migration/Hold/SuppressedNotification.php,Sınıf: SuppressedNotification,Dosya içeriği otomatik statik tarandı; özel davranış kabulü verilmedi,139,9198f913d5d2dcd000cb7dec40da0c2d3e8a0b898c249029758cd49b923bebe5,,tests/Unit/Migration/MigrationHoldAndSuppressionTest.php,__construct; getId; setId; getBatchId; getRecipientEmail; getNotificationType; getReason; getEntityType; getEntityId; getPayload; getSuppressedAt; getStatus; isSuppressed; isReplayed; getReplayedAt; markReplayed; toArray; jsonSerialize,,"İşlevler: setId, markReplayed. Bu dosya için ana raporda ayrı bug atanmadı; hatasız veya production-ready onayı değildir."
src/Domain/Migration/Hold/SuppressedNotificationRepository.php,Sınıf: SuppressedNotificationRepository,Dosya içeriği otomatik statik tarandı; özel davranış kabulü verilmedi,228,c5c88b40507846ba1eeb40518e6dfed9edd0ed90469dcb4361ddfa2454c9911f,,tests/Integration/ReleaseRehearsal/ReleaseRehearsalLifecycleSuiteTest.php; tests/Unit/Installer/FreshInstallMigrationModeTest.php; tests/Unit/Migration/CutoverAndGoldenMigrationE2ETest.php; tests/Unit/Migration/MigrationHoldAndSuppressionTest.php,__construct; ensureTable; save; find; findByBatch; countByBatch; markReplayed; getSummary; hydrate,"DDL:30; SQLite syntax:25; Domain SQL:59,76,106,126,131,149","İşlevler: ensureTable, save, find, findByBatch, countByBatch, markReplayed, hydrate. Bu dosya için ana raporda ayrı bug atanmadı; hatasız veya production-ready onayı değildir."
src/Domain/Migration/Mapping/GenericMappingEngine.php,Sınıf: GenericMappingEngine,Dosya içeriği otomatik statik tarandı; özel davranış kabulü verilmedi,381,bfe05337db531fdc09793182a546796ff3b7faa69ef5e01e66ccbe1c1b635ff8,,tests/Integration/ReleaseRehearsal/ReleaseRehearsalLifecycleSuiteTest.php; tests/Unit/Installer/FreshInstallMigrationModeTest.php; tests/Unit/Migration/CutoverAndGoldenMigrationE2ETest.php; tests/Unit/Migration/DryRunConflictCheckpointResumeTest.php; tests/Unit/Migration/GenericStagingMappingValidationTest.php; tests/Unit/Migration/LocaleAwareCsvImportTest.php; tests/Unit/Migration/MigrationHoldAndSuppressionTest.php; tests/Unit/Migration/WhmcsCoreEntitiesMigrationTest.php; tests/Unit/Migration/WhmcsFinancialReconciliationMigrationTest.php; tests/Unit/Migration/WhmcsSupportAndUnsupportedDataTest.php,registerTransformer; map; mapClient; mapProduct; mapService; mapDomain; mapInvoice; mapPayment; mapTicket,,"İşlevler: registerTransformer, map, mapClient, mapProduct, mapService, mapDomain, mapInvoice, mapPayment, mapTicket. Bu dosya için ana raporda ayrı bug atanmadı; hatasız veya production-ready onayı değildir."
src/Domain/Migration/Mapping/MappingEngineInterface.php,Sözleşme: MappingEngineInterface,Dosya içeriği otomatik statik tarandı; özel davranış kabulü verilmedi,23,20f2de9cdba543883735c79121f5602720291aacf8a8c7e66c11e9b14c1039b2,,,map; registerTransformer,,"İşlevler: map, registerTransformer. Bu dosya için ana raporda ayrı bug atanmadı; hatasız veya production-ready onayı değildir."
src/Domain/Migration/Staging/DatabaseStagingRepository.php,Sınıf: DatabaseStagingRepository,Dosya içeriği otomatik statik tarandı; özel davranış kabulü verilmedi,285,0085b4aa08c3648ee244f2128dbc78024d0334614257d05939eb71d64cb7ead8,,tests/Integration/ReleaseRehearsal/ReleaseRehearsalLifecycleSuiteTest.php; tests/Unit/Installer/FreshInstallMigrationModeTest.php; tests/Unit/Migration/CutoverAndGoldenMigrationE2ETest.php; tests/Unit/Migration/DryRunConflictCheckpointResumeTest.php; tests/Unit/Migration/GenericStagingMappingValidationTest.php; tests/Unit/Migration/LocaleAwareCsvImportTest.php; tests/Unit/Migration/MigrationHoldAndSuppressionTest.php; tests/Unit/Migration/WhmcsCoreEntitiesMigrationTest.php; tests/Unit/Migration/WhmcsFinancialReconciliationMigrationTest.php; tests/Unit/Migration/WhmcsSupportAndUnsupportedDataTest.php,__construct; ensureTable; save; find; findBySourceEntity; getBatchRecords; updateStatus; generateAccountingReport; mapRowToRecord,"DDL:27; SQLite syntax:22; Domain SQL:74,103,133,150,172,177,198,221","İşlevler: ensureTable, save, find, findBySourceEntity, updateStatus, generateAccountingReport, mapRowToRecord. Bu dosya için ana raporda ayrı bug atanmadı; hatasız veya production-ready onayı değildir."
src/Domain/Migration/Staging/StagingAccountingReport.php,Sınıf: StagingAccountingReport,Dosya içeriği otomatik statik tarandı; özel davranış kabulü verilmedi,127,f9ff40210a4042494165ada7c00996d3f72c223e0c7c93227fec9a400661efa8,,tests/Unit/Migration/GenericStagingMappingValidationTest.php,__construct; getBatchId; getTotalStagedRecords; getTotalStaged; getTerminalCount; getMigratedCount; getQuarantinedCount; getSkippedCount; getFailedCount; getInFlightCount; getStatusCounts; getUnaccountedDiff; isZeroSilentLossAchieved; isFullyTerminal; toArray; jsonSerialize,,Bu dosya için ana raporda ayrı bug atanmadı; hatasız veya production-ready onayı değildir.
src/Domain/Migration/Staging/StagingPipelineService.php,Sınıf: StagingPipelineService,Dosya içeriği otomatik statik tarandı; özel davranış kabulü verilmedi,150,66df937668f7146ca7cf7728607b224a106a40bd8095b18edfc41598a8bc5c7e,,tests/Integration/ReleaseRehearsal/ReleaseRehearsalLifecycleSuiteTest.php; tests/Unit/Installer/FreshInstallMigrationModeTest.php; tests/Unit/Migration/CutoverAndGoldenMigrationE2ETest.php; tests/Unit/Migration/DryRunConflictCheckpointResumeTest.php; tests/Unit/Migration/GenericStagingMappingValidationTest.php; tests/Unit/Migration/LocaleAwareCsvImportTest.php; tests/Unit/Migration/MigrationHoldAndSuppressionTest.php; tests/Unit/Migration/WhmcsCoreEntitiesMigrationTest.php; tests/Unit/Migration/WhmcsFinancialReconciliationMigrationTest.php; tests/Unit/Migration/WhmcsSupportAndUnsupportedDataTest.php,__construct; stageRawRecord; stageQuarantinedRecord; stageBatch; transformAndValidate; processBatchStaging,,"İşlevler: stageRawRecord, stageQuarantinedRecord, stageBatch, transformAndValidate, processBatchStaging. Bu dosya için ana raporda ayrı bug atanmadı; hatasız veya production-ready onayı değildir."
src/Domain/Migration/Staging/StagingRecord.php,Sınıf: StagingRecord,Dosya içeriği otomatik statik tarandı; özel davranış kabulü verilmedi,217,6eb5f9e9d02a615be8e2e253e07aff6aec1a1c79d9e109a40573bfaa829f5011,,tests/Unit/Migration/GenericStagingMappingValidationTest.php,__construct; createNew; getId; setId; getBatchId; getSourceSystem; getSourceEntityType; getSourceEntityId; getRawPayload; getStatus; getCanonicalEntityType; getCanonicalPayload; getValidationErrors; getQuarantineReason; getTargetEntityId; getProcessedAt; getCreatedAt; markTransformed; markValidated; markQuarantined; markSkippedUnsupported; markMigrated; markFailed; toArray; jsonSerialize,,"İşlevler: createNew, setId, markTransformed, markValidated, markQuarantined, markSkippedUnsupported, markMigrated, markFailed. Bu dosya için ana raporda ayrı bug atanmadı; hatasız veya production-ready onayı değildir."
src/Domain/Migration/Staging/StagingRecordStatus.php,Enum / state değerleri: StagingRecordStatus,Dosya içeriği otomatik statik tarandı; özel davranış kabulü verilmedi,34,dbd7d095e145881e5ac10f9df1d51d4365da766b7e1786f57fc7a513fd6cb9de,,tests/Unit/Migration/DryRunConflictCheckpointResumeTest.php; tests/Unit/Migration/GenericStagingMappingValidationTest.php; tests/Unit/Migration/LocaleAwareCsvImportTest.php; tests/Unit/Migration/WhmcsCoreEntitiesMigrationTest.php; tests/Unit/Migration/WhmcsFinancialReconciliationMigrationTest.php; tests/Unit/Migration/WhmcsSupportAndUnsupportedDataTest.php,isTerminal,,Bu dosya için ana raporda ayrı bug atanmadı; hatasız veya production-ready onayı değildir.
src/Domain/Migration/Staging/StagingRepositoryInterface.php,Sözleşme: StagingRepositoryInterface,Dosya içeriği otomatik statik tarandı; özel davranış kabulü verilmedi,33,af2a9dc861d0308178baa6cd592beae246d6f9974f373731d4bb884f7d48d436,,,ensureTable; save; find; findBySourceEntity; getBatchRecords; updateStatus; generateAccountingReport,,"İşlevler: ensureTable, save, find, findBySourceEntity, updateStatus, generateAccountingReport. Bu dosya için ana raporda ayrı bug atanmadı; hatasız veya production-ready onayı değildir."
src/Domain/Migration/Validation/CanonicalValidationEngine.php,Sınıf: CanonicalValidationEngine,Dosya içeriği otomatik statik tarandı; özel davranış kabulü verilmedi,191,45981975756d1cdf263691e344cbb7f557cace9dfa963e6d34188387cddf1f46,,tests/Integration/ReleaseRehearsal/ReleaseRehearsalLifecycleSuiteTest.php; tests/Unit/Installer/FreshInstallMigrationModeTest.php; tests/Unit/Migration/CutoverAndGoldenMigrationE2ETest.php; tests/Unit/Migration/DryRunConflictCheckpointResumeTest.php; tests/Unit/Migration/GenericStagingMappingValidationTest.php; tests/Unit/Migration/LocaleAwareCsvImportTest.php; tests/Unit/Migration/MigrationHoldAndSuppressionTest.php; tests/Unit/Migration/WhmcsCoreEntitiesMigrationTest.php; tests/Unit/Migration/WhmcsFinancialReconciliationMigrationTest.php; tests/Unit/Migration/WhmcsSupportAndUnsupportedDataTest.php,validate; validateClient; validateProduct; validateService; validateDomain; validateInvoice; validatePayment; validateTicket,,"İşlevler: validate, validateClient, validateProduct, validateService, validateDomain, validateInvoice, validatePayment, validateTicket. Bu dosya için ana raporda ayrı bug atanmadı; hatasız veya production-ready onayı değildir."
src/Domain/Migration/Validation/ValidationResult.php,Sınıf: ValidationResult,Dosya içeriği otomatik statik tarandı; özel davranış kabulü verilmedi,90,0a5349d7d0d4b5be55bf150050e73dda9d1a68dcf8a869e1e0442cd87babb5d3,,,__construct; success; failure; isValid; getErrors; getWarnings; addError; addWarning; merge; toArray; jsonSerialize,,"İşlevler: success, failure, addError, addWarning, merge. Bu dosya için ana raporda ayrı bug atanmadı; hatasız veya production-ready onayı değildir."
src/Domain/Migration/Whmcs/Core/WhmcsCoreEntityExtractor.php,Sınıf: WhmcsCoreEntityExtractor,Dosya içeriği otomatik statik tarandı; özel davranış kabulü verilmedi,315,2d0ecf29809099b4197893125b5925128969109a8d87437dee46dee26f87475a,,tests/Integration/ReleaseRehearsal/ReleaseRehearsalLifecycleSuiteTest.php; tests/Unit/Installer/FreshInstallMigrationModeTest.php; tests/Unit/Migration/CutoverAndGoldenMigrationE2ETest.php; tests/Unit/Migration/DryRunConflictCheckpointResumeTest.php; tests/Unit/Migration/MigrationHoldAndSuppressionTest.php; tests/Unit/Migration/WhmcsCoreEntitiesMigrationTest.php,__construct; getCurrencies; resolveCurrencyCode; extractClients; extractContacts; extractProductGroups; extractProducts; extractServices; extractDomains; extractCustomFields; getClientCurrencyMap,"Domain SQL:40,83,124,146,160,178,208,248,279,305","İşlevler: resolveCurrencyCode, extractClients, extractContacts, extractProductGroups, extractProducts, extractServices, extractDomains, extractCustomFields. Bu dosya için ana raporda ayrı bug atanmadı; hatasız veya production-ready onayı değildir."
src/Domain/Migration/Whmcs/Core/WhmcsCoreEntityMigrationResult.php,Sınıf: WhmcsCoreEntityMigrationResult,Dosya içeriği otomatik statik tarandı; özel davranış kabulü verilmedi,127,c2cc4dc9da205b9883ff0658ab8979cb91dba8ba6ad3c68b45dedf0642d90d26,,,__construct; getBatchId; getClientStats; getProductStats; getServiceStats; getDomainStats; getAccountingReport; isZeroSilentLossAchieved; isFullyTerminal; getTotalStaged; getTotalMigrated; getTotalQuarantined; toArray; jsonSerialize,,Bu dosya için ana raporda ayrı bug atanmadı; hatasız veya production-ready onayı değildir.
src/Domain/Migration/Whmcs/Core/WhmcsCoreEntityMigrator.php,Sınıf: WhmcsCoreEntityMigrator,Dosya içeriği otomatik statik tarandı; özel davranış kabulü verilmedi,668,5b60ab2414b2557ae720f46d19ad9d7563856d84870e6885db62961709a32d23,F02,tests/Integration/ReleaseRehearsal/ReleaseRehearsalLifecycleSuiteTest.php; tests/Unit/Installer/FreshInstallMigrationModeTest.php; tests/Unit/Migration/CutoverAndGoldenMigrationE2ETest.php; tests/Unit/Migration/DryRunConflictCheckpointResumeTest.php; tests/Unit/Migration/MigrationHoldAndSuppressionTest.php; tests/Unit/Migration/WhmcsCoreEntitiesMigrationTest.php,__construct; ensureTargetTables; migrateAll; migrateClients; migrateProducts; migrateServices; migrateDomains; migrateContacts; ensureOrganizationForClient; slugify,"DDL:67,82,98,123,135; SQLite syntax:61,621; Runtime exception:178; Domain SQL:237,242,299,304,315,320,372,377,607,612,618,636,641,649,655","SQLite SQL sözdizimi; hedef MariaDB uyumu açık. İşlevler: ensureTargetTables, migrateAll, migrateClients, migrateProducts, migrateServices, migrateDomains, migrateContacts, ensureOrganizationForClient, slugify."
src/Domain/Migration/Whmcs/Financial/WhmcsFinancialExtractor.php,Sınıf: WhmcsFinancialExtractor,Dosya içeriği otomatik statik tarandı; özel davranış kabulü verilmedi,257,dda484ac083e1313211140cba9bc97350b689a72cd2a18f4722edb55350220df,,tests/Integration/ReleaseRehearsal/ReleaseRehearsalLifecycleSuiteTest.php; tests/Unit/Installer/FreshInstallMigrationModeTest.php; tests/Unit/Migration/CutoverAndGoldenMigrationE2ETest.php; tests/Unit/Migration/DryRunConflictCheckpointResumeTest.php; tests/Unit/Migration/MigrationHoldAndSuppressionTest.php; tests/Unit/Migration/WhmcsFinancialReconciliationMigrationTest.php,__construct; getCurrencies; resolveCurrency; extractInvoices; extractInvoiceItems; extractTransactions; extractClientCredits; calculateSourceInvoiceTotals; calculateSourcePaymentTotals; calculateSourceCreditTotals; getClientCurrencyMap,"Domain SQL:37,77,113,129,160,247","İşlevler: resolveCurrency, extractInvoices, extractInvoiceItems, extractTransactions, extractClientCredits, calculateSourceInvoiceTotals, calculateSourcePaymentTotals, calculateSourceCreditTotals. Bu dosya için ana raporda ayrı bug atanmadı; hatasız veya production-ready onayı değildir."
src/Domain/Migration/Whmcs/Financial/WhmcsFinancialMigrator.php,Sınıf: WhmcsFinancialMigrator,Dosya içeriği otomatik statik tarandı; özel davranış kabulü verilmedi,619,158980c6b36d6afe2d95512a4c6c10d2c174b0f917db9199a4660c50c1eb201b,,tests/Integration/ReleaseRehearsal/ReleaseRehearsalLifecycleSuiteTest.php; tests/Unit/Installer/FreshInstallMigrationModeTest.php; tests/Unit/Migration/CutoverAndGoldenMigrationE2ETest.php; tests/Unit/Migration/DryRunConflictCheckpointResumeTest.php; tests/Unit/Migration/MigrationHoldAndSuppressionTest.php; tests/Unit/Migration/WhmcsFinancialReconciliationMigrationTest.php,__construct; registerInvoiceMapping; getInvoiceMapping; getInvoiceMap; ensureFinancialTables; migrateAndReconcile; migrateInvoices; migratePayments; migrateCredits; reconcileInvoices; reconcilePayments; reconcileCredits; buildReconciliationEntry,"DDL:67,93,114,139,154; SQLite syntax:61; Mutable finance:447; Runtime exception:202; Domain SQL:278,283,310,412,417,438,441,447,517,522","İşlevler: registerInvoiceMapping, ensureFinancialTables, migrateAndReconcile, migrateInvoices, migratePayments, migrateCredits, reconcileInvoices, reconcilePayments, reconcileCredits, buildReconciliationEntry. Bu dosya için ana raporda ayrı bug atanmadı; hatasız veya production-ready onayı değildir."
src/Domain/Migration/Whmcs/Financial/WhmcsFinancialReconciliationReport.php,Sınıf: WhmcsFinancialReconciliationReport,Dosya içeriği otomatik statik tarandı; özel davranış kabulü verilmedi,125,29996fe3b667caa2ad34e9fadb10f666c8c26ef6b0675ac4fbbe4dd2387900db,,tests/Integration/ReleaseRehearsal/ReleaseRehearsalLifecycleSuiteTest.php; tests/Unit/Migration/CutoverAndGoldenMigrationE2ETest.php,__construct; getBatchId; getInvoiceReconciliation; getPaymentReconciliation; getCreditReconciliation; getStagingReport; isFinancialReconciled; isFullyReconciled; isZeroSilentLossAchieved; isFullyTerminal; isCertified; toArray; jsonSerialize,,Bu dosya için ana raporda ayrı bug atanmadı; hatasız veya production-ready onayı değildir.
src/Domain/Migration/Whmcs/Support/UnsupportedDataAccountant.php,Sınıf: UnsupportedDataAccountant,Dosya içeriği otomatik statik tarandı; özel davranış kabulü verilmedi,125,7794cd85f57b531ee2e2b94ecfa2d66cbc6ee54f3d06f1f070b3867d24c57290,,tests/Integration/ReleaseRehearsal/ReleaseRehearsalLifecycleSuiteTest.php; tests/Unit/Migration/CutoverAndGoldenMigrationE2ETest.php; tests/Unit/Migration/DryRunConflictCheckpointResumeTest.php; tests/Unit/Migration/WhmcsSupportAndUnsupportedDataTest.php,accountRecord; generateReport,,"İşlevler: accountRecord, generateReport. Bu dosya için ana raporda ayrı bug atanmadı; hatasız veya production-ready onayı değildir."
src/Domain/Migration/Whmcs/Support/UnsupportedDataReport.php,Sınıf: UnsupportedDataReport,Dosya içeriği otomatik statik tarandı; özel davranış kabulü verilmedi,103,ce1c5a48fe6c46ec679e83c3bf23233edf5cf39bcb8cad632e4d89821f907256,,,__construct; getBatchId; getTotalEntitiesInspected; getTotalMappedFields; getTotalPreservedUnsupportedFields; getTotalDroppedFields; getTotalAccountedFields; getByEntityType; isZeroLossAchieved; isZeroSilentLossAchieved; toArray; jsonSerialize,,Bu dosya için ana raporda ayrı bug atanmadı; hatasız veya production-ready onayı değildir.
src/Domain/Migration/Whmcs/Support/WhmcsSupportExtractor.php,Sınıf: WhmcsSupportExtractor,Dosya içeriği otomatik statik tarandı; özel davranış kabulü verilmedi,147,a45a0d310b6c8a034e27ef800289aa058e41b23b45fc8fe4f9d53851124535e8,,tests/Integration/ReleaseRehearsal/ReleaseRehearsalLifecycleSuiteTest.php; tests/Unit/Installer/FreshInstallMigrationModeTest.php; tests/Unit/Migration/CutoverAndGoldenMigrationE2ETest.php; tests/Unit/Migration/DryRunConflictCheckpointResumeTest.php; tests/Unit/Migration/MigrationHoldAndSuppressionTest.php; tests/Unit/Migration/WhmcsSupportAndUnsupportedDataTest.php,__construct; extractDepartments; extractTickets; extractReplies; extractAttachments; extractCustomFieldDefinitions; extractCustomFieldValues,"Domain SQL:31,45,84,98,117,131","İşlevler: extractDepartments, extractTickets, extractReplies, extractAttachments, extractCustomFieldDefinitions, extractCustomFieldValues. Bu dosya için ana raporda ayrı bug atanmadı; hatasız veya production-ready onayı değildir."
src/Domain/Migration/Whmcs/Support/WhmcsSupportMigrationResult.php,Sınıf: WhmcsSupportMigrationResult,Dosya içeriği otomatik statik tarandı; özel davranış kabulü verilmedi,108,914ff500188bea6428da023e633b37db925b565d9d3131fd8c67c12761c00d55,,,__construct; getBatchId; getDepartmentStats; getTicketStats; getUnsupportedDataReport; getStagingReport; isZeroSilentLossAchieved; isZeroFieldLossAchieved; isFullyTerminal; isCertified; toArray; jsonSerialize,,Bu dosya için ana raporda ayrı bug atanmadı; hatasız veya production-ready onayı değildir.
src/Domain/Migration/Whmcs/Support/WhmcsSupportMigrator.php,Sınıf: WhmcsSupportMigrator,Dosya içeriği otomatik statik tarandı; özel davranış kabulü verilmedi,420,a8fa2427ae35730b00161ea4e2ffa8de96421f00e2fd1402c6a86dcb13576cba,,tests/Integration/ReleaseRehearsal/ReleaseRehearsalLifecycleSuiteTest.php; tests/Unit/Installer/FreshInstallMigrationModeTest.php; tests/Unit/Migration/CutoverAndGoldenMigrationE2ETest.php; tests/Unit/Migration/DryRunConflictCheckpointResumeTest.php; tests/Unit/Migration/MigrationHoldAndSuppressionTest.php; tests/Unit/Migration/WhmcsSupportAndUnsupportedDataTest.php,__construct; getAccountant; registerDepartmentMapping; ensureSupportTables; migrateAndAudit; migrateDepartments; migrateTickets,"DDL:62,80,108,125; SQLite syntax:56; Runtime exception:162; Domain SQL:199,207,221,226,332,340,363,377,392","İşlevler: registerDepartmentMapping, ensureSupportTables, migrateAndAudit, migrateDepartments, migrateTickets. Bu dosya için ana raporda ayrı bug atanmadı; hatasız veya production-ready onayı değildir."
src/Domain/Migration/Whmcs/WhmcsCapabilityProfile.php,Sınıf: WhmcsCapabilityProfile,Dosya içeriği otomatik statik tarandı; özel davranış kabulü verilmedi,165,69c331c6d0ed997a674ab2373ab215660f5a7627a228b4b1cadd440bf96f6dfa,,,__construct; getVersion; getCompanyName; getDefaultCurrency; getTableInventory; getRecordCounts; getDetectedModules; getDetectedRegistrars; getDetectedGateways; isCompatible; getWarnings; getUnsupportedFeatures; getClientCount; getServiceCount; getDomainCount; getInvoiceCount; getTransactionCount; getTicketCount; toArray; jsonSerialize,,Bu dosya için ana raporda ayrı bug atanmadı; hatasız veya production-ready onayı değildir.
src/Domain/Migration/Whmcs/WhmcsPreflightReport.php,Sınıf: WhmcsPreflightReport,Dosya içeriği otomatik statik tarandı; özel davranış kabulü verilmedi,101,d3df7632a01b764cccd6001fbf0fe8b27aa2f9d5f92ce31eedac45ca000fd7c7,,,__construct; getStatus; isReady; getCapabilityProfile; getIntegrityStats; getTotalEstimatedEntities; getChecksPassed; getWarnings; getBlockers; toArray; jsonSerialize,,Bu dosya için ana raporda ayrı bug atanmadı; hatasız veya production-ready onayı değildir.
src/Domain/Migration/Whmcs/WhmcsPreflightService.php,Sınıf: WhmcsPreflightService,Dosya içeriği otomatik statik tarandı; özel davranış kabulü verilmedi,128,c9e3c1abf00063c0e1f4101451c0855ce40e4550ea0ca5b6341954160a3e5b7e,,tests/Unit/Migration/WhmcsSourceScanAndConnectorTest.php,__construct; runPreflight,"Domain SQL:24,64,74,84",İşlevler: runPreflight. Bu dosya için ana raporda ayrı bug atanmadı; hatasız veya production-ready onayı değildir.
src/Domain/Migration/Whmcs/WhmcsReadOnlyConnector.php,Sınıf: WhmcsReadOnlyConnector,Dosya içeriği otomatik statik tarandı; özel davranış kabulü verilmedi,127,f188db7b0f40562e83d8f0d8cbe70d0957351912581b1e49cae43be7024363bd,,tests/Integration/ReleaseRehearsal/ReleaseRehearsalLifecycleSuiteTest.php; tests/Unit/Installer/FreshInstallMigrationModeTest.php; tests/Unit/Migration/CutoverAndGoldenMigrationE2ETest.php; tests/Unit/Migration/DryRunConflictCheckpointResumeTest.php; tests/Unit/Migration/MigrationHoldAndSuppressionTest.php; tests/Unit/Migration/WhmcsCoreEntitiesMigrationTest.php; tests/Unit/Migration/WhmcsFinancialReconciliationMigrationTest.php; tests/Unit/Migration/WhmcsSourceScanAndConnectorTest.php; tests/Unit/Migration/WhmcsSupportAndUnsupportedDataTest.php,__construct; fromPdo; getConnection; isReadOnly; select; selectOne; tableExists; countTableRecords; assertReadOnlyQuery,"DDL:114; SQLite syntax:67; Domain SQL:38,67,92,107","İşlevler: fromPdo, select, selectOne, tableExists, countTableRecords, assertReadOnlyQuery. Bu dosya için ana raporda ayrı bug atanmadı; hatasız veya production-ready onayı değildir."
src/Domain/Migration/Whmcs/WhmcsSourceScanner.php,Sınıf: WhmcsSourceScanner,Dosya içeriği otomatik statik tarandı; özel davranış kabulü verilmedi,149,9b350bd7d52df1c74933db850e2a30817c2798850a2071c9c6f22d9f083f0e73,,tests/Unit/Migration/WhmcsSourceScanAndConnectorTest.php,__construct; scanCapabilities,"Domain SQL:51,69,97,106,115",İşlevler: scanCapabilities. Bu dosya için ana raporda ayrı bug atanmadı; hatasız veya production-ready onayı değildir.
src/Domain/Migration/Whmcs/WhmcsVersionInfo.php,Sınıf: WhmcsVersionInfo,Dosya içeriği otomatik statik tarandı; özel davranış kabulü verilmedi,101,7f96a7821f778585851ce62ba7d50f89d47b4027371e87ce5ad5f3d0c2720f74,,tests/Unit/Migration/WhmcsSourceScanAndConnectorTest.php,__construct; fromRawVersion; getRawVersion; getMajor; getMinor; getPatch; getBuild; isV8OrHigher; isV7; supportsUserAccountsArchitecture; toArray; jsonSerialize,,"İşlevler: fromRawVersion, supportsUserAccountsArchitecture. Bu dosya için ana raporda ayrı bug atanmadı; hatasız veya production-ready onayı değildir."
src/Domain/Module/ModuleLifecycleService.php,Sınıf: ModuleLifecycleService,Odaklı kod incelemesi / ana rapor bağlantısı,229,35d110dd04295aa97d20b7d835e84fcb8476403e97f0422da573556003c86705,F31,tests/Unit/Domain/Module/ModuleLifecycleServiceTest.php,__construct; ensureTable; discover; install; enable; disable; isEnabled; getModulesWithCapability,"DDL:31; SQLite syntax:26; Domain SQL:108,142,171,200,216","İşlevler: ensureTable, discover, install, enable, disable."
src/Domain/Module/ModuleManifest.php,Sınıf: ModuleManifest,Odaklı kod incelemesi / ana rapor bağlantısı,99,3fdfe6b08781d0d58ab6c649486cf4020cb7c700e09732d738ccdd2fbd52e22d,F31,tests/Unit/Domain/Module/ModuleLifecycleServiceTest.php,__construct; fromArray; toArray,,İşlevler: fromArray.
src/Domain/Notifications/Announcements/Announcement.php,Sınıf: Announcement,Dosya içeriği otomatik statik tarandı; özel davranış kabulü verilmedi,112,e394ffd4db5325cce9d65470abff9a08cb34fbc3e535f6e3ec91752a0be20129,,,__construct; getId; getTitle; getSlug; getContent; getCategory; isPublished; getPublishedAt; getExpiresAt; isPinned; getAuthorAdminId; getCreatedAt; getUpdatedAt; getMetadata; isActive,,Bu dosya için ana raporda ayrı bug atanmadı; hatasız veya production-ready onayı değildir.
src/Domain/Notifications/Announcements/AnnouncementService.php,Sınıf: AnnouncementService,Dosya içeriği otomatik statik tarandı; özel davranış kabulü verilmedi,422,4fb6d5c7d86e906a1153f085e9dd2e86035e45ceecf35f7372d5745179e4da6d,,tests/Unit/Notifications/AnnouncementServiceTest.php,__construct; createAnnouncement; publishAnnouncement; broadcastMarketingAnnouncement; getPublicAnnouncements; getActiveAlerts; find; persistAnnouncement; updateAnnouncement; mapRow; generateSlug; ensureSchema,"DDL:406; SQLite syntax:407; Runtime exception:79,119,123,337; TODO:183; Domain SQL:212,241,261,292,337,346","İşlevler: createAnnouncement, publishAnnouncement, broadcastMarketingAnnouncement, find, persistAnnouncement, updateAnnouncement, mapRow, generateSlug, ensureSchema. Bu dosya için ana raporda ayrı bug atanmadı; hatasız veya production-ready onayı değildir."
src/Domain/Notifications/Center/InAppNotification.php,Sınıf: InAppNotification,Dosya içeriği otomatik statik tarandı; özel davranış kabulü verilmedi,79,bd335fcc634ea824e28753a494d777b55f4375fd8dabef562cbd42eba32ab7d1,,,__construct; getId; getUserId; getTitle; getMessage; getActionUrl; getType; isRead; getReadAt; getCreatedAt; getMetadata,,Bu dosya için ana raporda ayrı bug atanmadı; hatasız veya production-ready onayı değildir.
src/Domain/Notifications/Center/NotificationCenterService.php,Sınıf: NotificationCenterService,Dosya içeriği otomatik statik tarandı; özel davranış kabulü verilmedi,527,b64756aeb0d479270de2bfa046ddeeb5d258ac837fb40f3a34a1ce882c9e5358,F02,tests/Unit/Automation/DomainCommandAdaptersTest.php; tests/Unit/Notifications/AnnouncementServiceTest.php; tests/Unit/Notifications/NotificationCenterServiceTest.php,__construct; getUserPreferences; setPreference; isChannelEnabled; createInAppNotification; getUserNotifications; getUnreadCount; markAsRead; markAllAsRead; recordDelivery; getDeliveryLogs; ensureSchema,"DDL:491,500,512; SQLite syntax:492,501,513; TODO:373,386,401,403,410,426,470,516; Domain SQL:67,125,127,198,248,285,316,354,400,450","SQLite SQL sözdizimi; hedef MariaDB uyumu açık. İşlevler: setPreference, createInAppNotification, markAsRead, markAllAsRead, recordDelivery, ensureSchema."
src/Domain/Notifications/Channel/NotificationChannel.php,Enum / state değerleri: NotificationChannel,Dosya içeriği otomatik statik tarandı; özel davranış kabulü verilmedi,13,ec0cf31bf57ec4fb321ca46fd95bf9e9b3f6b81dba8fc3117c12835e372d2dd3,,tests/Unit/Notifications/NotificationCenterServiceTest.php; tests/Unit/Notifications/NotificationEngineTest.php,,,Bu dosya için ana raporda ayrı bug atanmadı; hatasız veya production-ready onayı değildir.
src/Domain/Notifications/Channel/NotificationPriority.php,Enum / state değerleri: NotificationPriority,Dosya içeriği otomatik statik tarandı; özel davranış kabulü verilmedi,13,ec9813eaa489f3b8ef376775f5c23d024995f4831541d4b18a3bc128c4956fd0,,tests/Unit/Notifications/NotificationEngineTest.php,,,Bu dosya için ana raporda ayrı bug atanmadı; hatasız veya production-ready onayı değildir.
src/Domain/Notifications/Classification/NotificationNature.php,Enum / state değerleri: NotificationNature,Dosya içeriği otomatik statik tarandı; özel davranış kabulü verilmedi,16,93f2b6b7493bbd8d974b4450fe82044ca2d2ab810fbfba03452765b85a14965d,,,isOptOutPermitted,,Bu dosya için ana raporda ayrı bug atanmadı; hatasız veya production-ready onayı değildir.
src/Domain/Notifications/Delivery/DeliveryResult.php,Sınıf: DeliveryResult,Dosya içeriği otomatik statik tarandı; özel davranış kabulü verilmedi,84,14512518e50f8fe359eee6ec2c7d57f3a61841a7c58b25a7f2af431782a384e9,,,__construct; success; failure; isSuccess; isSuccessful; getMessageId; getTransport; getError; getSentAt; getMetadata,,"İşlevler: success, failure. Bu dosya için ana raporda ayrı bug atanmadı; hatasız veya production-ready onayı değildir."
src/Domain/Notifications/History/NotificationLog.php,Sınıf: NotificationLog,Dosya içeriği otomatik statik tarandı; özel davranış kabulü verilmedi,87,aaad78b9c3a592735817c8cb659b36c40e04b8c942ca41b48d7788196be01886,,,__construct; getId; getUserId; getChannel; getTemplateKey; getSubject; getRecipient; getStatus; getMessageId; getError; getSentAt; getMetadata,"TODO:18,45,47",Bu dosya için ana raporda ayrı bug atanmadı; hatasız veya production-ready onayı değildir.
src/Domain/Notifications/Messages/NotificationMessage.php,Sınıf: NotificationMessage,Dosya içeriği otomatik statik tarandı; özel davranış kabulü verilmedi,106,87f882e806e1e931c83409c222bb562e25d7299365b96b623d4a9ebffcd178c4,,tests/Unit/Notifications/NotificationEngineTest.php,__construct; getRecipientEmail; getSubject; getHtmlBody; getPlainTextBody; getRecipientName; getRecipientUserId; getLocale; getChannel; getPriority; getFromEmail; getFromName; getMetadata; getTags,,Bu dosya için ana raporda ayrı bug atanmadı; hatasız veya production-ready onayı değildir.
src/Domain/Notifications/NotificationEngine.php,Sınıf: NotificationEngine,Odaklı kod incelemesi / ana rapor bağlantısı,125,1b1ff67883ae1313794cd26eb7b09191d9b9ffa3e1018046ae18cb04b2a62210,F27,tests/Integration/Golden/GoldenMasterScenariosE2ETest.php; tests/Integration/ReleaseRehearsal/ReleaseRehearsalLifecycleSuiteTest.php; tests/Unit/Automation/DomainCommandAdaptersTest.php; tests/Unit/Commerce/OverdueLifecycleWorkflowTest.php; tests/Unit/Commerce/RenewalGoldenE2ETest.php; tests/Unit/Commerce/ServiceRenewalSchedulerTest.php; tests/Unit/Installer/FreshInstallMigrationModeTest.php; tests/Unit/Migration/CutoverAndGoldenMigrationE2ETest.php; tests/Unit/Migration/MigrationHoldAndSuppressionTest.php; tests/Unit/Notifications/AnnouncementServiceTest.php; tests/Unit/Notifications/NotificationEngineTest.php; tests/Unit/Provisioning/AutomatedHostingGoldenE2ETest.php,__construct; sendNotification; sendDirectEmail; getMailer; getTemplateEngine,"Simulation:13,24; TODO:11,18,22,25,29,31,43,53,67,68,75,121,123","İşlevler: sendNotification, sendDirectEmail."
src/Domain/Notifications/Preferences/NotificationPreference.php,Sınıf: NotificationPreference,Dosya içeriği otomatik statik tarandı; özel davranış kabulü verilmedi,74,ce0422656f250a1cec45326d29e57573d4d986a3d3f7213f882648b5c1609b62,,tests/Unit/Notifications/NotificationCenterServiceTest.php,__construct; getUserId; getCategory; isEmailEnabled; isInAppEnabled; isSmsEnabled; isMandatory,,Bu dosya için ana raporda ayrı bug atanmadı; hatasız veya production-ready onayı değildir.
src/Domain/Notifications/Templates/NotificationTemplateEngine.php,Sınıf: NotificationTemplateEngine,Dosya içeriği otomatik statik tarandı; özel davranış kabulü verilmedi,226,ffc3100a353b8d541066f0f117760d7ec45de90b5a327a366bb9d30ad0c812ab,,tests/Integration/Golden/GoldenMasterScenariosE2ETest.php; tests/Integration/ReleaseRehearsal/ReleaseRehearsalLifecycleSuiteTest.php; tests/Unit/Automation/DomainCommandAdaptersTest.php; tests/Unit/Commerce/OverdueLifecycleWorkflowTest.php; tests/Unit/Commerce/RenewalGoldenE2ETest.php; tests/Unit/Commerce/ServiceRenewalSchedulerTest.php; tests/Unit/Installer/FreshInstallMigrationModeTest.php; tests/Unit/Migration/CutoverAndGoldenMigrationE2ETest.php; tests/Unit/Migration/MigrationHoldAndSuppressionTest.php; tests/Unit/Notifications/NotificationEngineTest.php,__construct; render; registerTemplate; interpolateString; wrapEmailLayout; registerDefaultTemplates,"TODO:5,9,14,18,22,27,31,32,35,36,37,39,40,41,56,63,74,81","İşlevler: render, registerTemplate, interpolateString, wrapEmailLayout, registerDefaultTemplates. Bu dosya için ana raporda ayrı bug atanmadı; hatasız veya production-ready onayı değildir."
src/Domain/Notifications/Transport/MailerInterface.php,Sözleşme: MailerInterface,Dosya içeriği otomatik statik tarandı; özel davranış kabulü verilmedi,21,ec7246cf535f276f096922a8215abba58092437a6df04d05b259b7e6bc4c1d92,,,send; getTransportName,,İşlevler: send. Bu dosya için ana raporda ayrı bug atanmadı; hatasız veya production-ready onayı değildir.
src/Domain/Notifications/Transport/MemoryMailTransport.php,Sınıf: MemoryMailTransport,Dosya içeriği otomatik statik tarandı; özel davranış kabulü verilmedi,84,314a97e5bc1334ed6e08bb695d13d3ae0f1d6ce285d0e36ce18ca6f327cd9408,,tests/Integration/Golden/GoldenMasterScenariosE2ETest.php; tests/Integration/ReleaseRehearsal/ReleaseRehearsalLifecycleSuiteTest.php; tests/Unit/Automation/DomainCommandAdaptersTest.php; tests/Unit/Commerce/OverdueLifecycleWorkflowTest.php; tests/Unit/Commerce/RenewalGoldenE2ETest.php; tests/Unit/Commerce/ServiceRenewalSchedulerTest.php; tests/Unit/Foundation/Health/IntegrationHealthHooksTest.php; tests/Unit/Installer/FreshInstallMigrationModeTest.php; tests/Unit/Installer/WebInstallerTest.php; tests/Unit/Migration/CutoverAndGoldenMigrationE2ETest.php; tests/Unit/Migration/MigrationHoldAndSuppressionTest.php; tests/Unit/Notifications/AnnouncementServiceTest.php; tests/Unit/Notifications/NotificationEngineTest.php; tests/Unit/Provisioning/AutomatedHostingGoldenE2ETest.php,getTransportName; send; getSentMessages; count; clear; setSimulateFailure; findLastByRecipient,"Simulation:10,17,18,27,29,68,70,71","İşlevler: send, count, clear, setSimulateFailure, findLastByRecipient. Bu dosya için ana raporda ayrı bug atanmadı; hatasız veya production-ready onayı değildir."
src/Domain/Notifications/Transport/SmtpConfiguration.php,Sınıf: SmtpConfiguration,Dosya içeriği otomatik statik tarandı; özel davranış kabulü verilmedi,86,726753645d45f243eea795ad2736d44c07ab298a195b46831dad2fe91fe14d05,,tests/Unit/Foundation/Health/IntegrationHealthHooksTest.php; tests/Unit/Notifications/NotificationEngineTest.php,__construct; getHost; getPort; getUsername; getPassword; getMaskedPassword; getEncryption; getFromEmail; getFromName; getTimeoutSeconds; toSafeArray,,Bu dosya için ana raporda ayrı bug atanmadı; hatasız veya production-ready onayı değildir.
src/Domain/Notifications/Transport/SmtpTransport.php,Sınıf: SmtpTransport,Dosya içeriği otomatik statik tarandı; özel davranış kabulü verilmedi,205,7a9d76927bf509887c0d3ceb4dce42c6d040ae4ba3b0e36c433b4441c034fe97,,tests/Unit/Notifications/NotificationEngineTest.php,__construct; getTransportName; send; buildMimeMessage; dispatchSocket; sendCommand; readResponse,"Remote transport:106; Runtime exception:115,131,197,203","İşlevler: send, buildMimeMessage, dispatchSocket, sendCommand, readResponse. Bu dosya için ana raporda ayrı bug atanmadı; hatasız veya production-ready onayı değildir."
src/Domain/Notifications/Unsubscribe/UnsubscribeService.php,Sınıf: UnsubscribeService,Dosya içeriği otomatik statik tarandı; özel davranış kabulü verilmedi,79,c0edfed95884f2222e218b69ddf50aab0f7e5f1750eb53ae619b1384e3072046,,tests/Unit/Notifications/AnnouncementServiceTest.php,__construct; generateToken; validateAndDecode; buildListUnsubscribeHeaders,,"İşlevler: generateToken, validateAndDecode, buildListUnsubscribeHeaders. Bu dosya için ana raporda ayrı bug atanmadı; hatasız veya production-ready onayı değildir."
src/Domain/OperationalMode/OperationModeRestrictionException.php,Sınıf: OperationModeRestrictionException,Dosya içeriği otomatik statik tarandı; özel davranış kabulü verilmedi,25,36e261c0a8aab0369be9452cf4447f279a1107a0cfb0a4fc01c9f9bde6ef1ce2,,tests/Unit/OperationalMode/OperationalModeTest.php,writeForbiddenInReadOnly; maintenanceActive; customerBlockedInRecovery,,"İşlevler: writeForbiddenInReadOnly, maintenanceActive, customerBlockedInRecovery. Bu dosya için ana raporda ayrı bug atanmadı; hatasız veya production-ready onayı değildir."
src/Domain/OperationalMode/OperationalMode.php,Enum / state değerleri: OperationalMode,Dosya içeriği otomatik statik tarandı; özel davranış kabulü verilmedi,55,48cb3e4f0cf24b419976f76346211309fd3e3e9e4da4c1ef93d694058739c3f4,,tests/Integration/Golden/GoldenMasterScenariosE2ETest.php; tests/Unit/OperationalMode/OperationalModeTest.php,allowsCustomerAccess; allowsWriteOperations; allowsAutomatedJobs; requiresAdminBypass,,"İşlevler: allowsCustomerAccess, allowsWriteOperations, allowsAutomatedJobs, requiresAdminBypass. Bu dosya için ana raporda ayrı bug atanmadı; hatasız veya production-ready onayı değildir."
src/Domain/OperationalMode/OperationalModeManager.php,Sınıf: OperationalModeManager,Odaklı kod incelemesi / ana rapor bağlantısı,210,989004f12ebe776338756a6cd6552a6052c2cef231ddfee3507ef8974d7f5103,F23,tests/Integration/Golden/GoldenMasterScenariosE2ETest.php; tests/Unit/OperationalMode/OperationalModeTest.php,__construct; getCurrentMode; getModeStatus; transitionTo; assertActionPermitted; upsertSetting; ensureSettingsTable,"DDL:198; SQLite syntax:193; TODO:130; Domain SQL:45,74,75,76,175,178,183","İşlevler: transitionTo, assertActionPermitted, upsertSetting, ensureSettingsTable."
src/Domain/Pricing/Entities/PriceCycle.php,Sınıf: PriceCycle,Dosya içeriği otomatik statik tarandı; özel davranış kabulü verilmedi,53,cd652458b116111b7389b43c646f490973a8a7f3341bf47e3980e100f8c2adc4,,tests/Integration/Chaos/ChaosAndConcurrencySuiteTest.php; tests/Integration/Commerce/GoldenManualCommerceE2ETest.php; tests/Integration/Golden/GoldenMasterScenariosE2ETest.php; tests/Integration/Performance/PerformanceAndReferenceBudgetRegressionTest.php; tests/Unit/Commerce/InvoiceServiceTest.php; tests/Unit/Commerce/OrderServiceTest.php; tests/Unit/Commerce/RecurringRenewalTest.php; tests/Unit/Commerce/ServiceLifecycleTest.php; tests/Unit/Finance/ExpenseServiceTest.php; tests/Unit/Pricing/PricingAndTaxGoldenPropertyTest.php; tests/Unit/Pricing/PricingServiceTest.php; tests/Unit/Services/ServiceConcurrencyTest.php; tests/Unit/Services/ServiceLifecycleAndPlacementTest.php,all; isValid; getMonths,,İşlevler: all. Bu dosya için ana raporda ayrı bug atanmadı; hatasız veya production-ready onayı değildir.
src/Domain/Pricing/Entities/PriceOverride.php,Sınıf: PriceOverride,Dosya içeriği otomatik statik tarandı; özel davranış kabulü verilmedi,125,8d7ef4b93a1c71ca31a584dbd4e7a8df7cd610cca26581919f843eae75861f2b,,tests/Unit/Pricing/PricingAndTaxGoldenPropertyTest.php,__construct; getId; getScope; getScopeId; getTargetType; getTargetId; getOverrideType; getOverrideValue; getCurrencyCode; getCycle; getReason; isActive; getCreatedAt; apply; toArray,,İşlevler: apply. Bu dosya için ana raporda ayrı bug atanmadı; hatasız veya production-ready onayı değildir.
src/Domain/Pricing/Entities/PricePoint.php,Sınıf: PricePoint,Dosya içeriği otomatik statik tarandı; özel davranış kabulü verilmedi,94,b019796e03d461585452d049ddb0a58ec3007a62af76961b668693ff8dca6354,,tests/Integration/Commerce/GoldenManualCommerceE2ETest.php; tests/Integration/Golden/GoldenMasterScenariosE2ETest.php; tests/Unit/Commerce/InvoiceServiceTest.php; tests/Unit/Commerce/OrderServiceTest.php; tests/Unit/Pricing/PricingAndTaxGoldenPropertyTest.php; tests/Unit/Pricing/PricingServiceTest.php,__construct; getId; getTargetType; getTargetId; getCurrencyCode; getCycle; getPriceMinor; getSetupFeeMinor; getTotalFirstPaymentMinor; isActive; getCreatedAt; toArray,,Bu dosya için ana raporda ayrı bug atanmadı; hatasız veya production-ready onayı değildir.
src/Domain/Pricing/Entities/PriceQuote.php,Sınıf: PriceQuote,Dosya içeriği otomatik statik tarandı; özel davranış kabulü verilmedi,90,347745b38cf5a8d172dfdde0b4be6f8f5f362183dc2c3af9ca3a67ef1a442ad2,,,__construct; getCurrencyCode; getCycle; getBasePriceMinor; getSetupFeeMinor; getOptionsTotalMinor; getAddonsTotalMinor; getRecurringTotalMinor; getFirstPaymentTotalMinor; getItems; toArray,,Bu dosya için ana raporda ayrı bug atanmadı; hatasız veya production-ready onayı değildir.
src/Domain/Pricing/Entities/ProrataCalculation.php,Sınıf: ProrataCalculation,Dosya içeriği otomatik statik tarandı; özel davranış kabulü verilmedi,56,4aca4575e636e5481e6bc52755509bbcfdad1e9a5bce017ee7f4cc511b302ce5,,,__construct; getDaysUsed; getDaysTotal; getAmountMinor; getProratedMinor; getRatio; toArray,,Bu dosya için ana raporda ayrı bug atanmadı; hatasız veya production-ready onayı değildir.
src/Domain/Pricing/Entities/UpgradeDowngradeQuote.php,Sınıf: UpgradeDowngradeQuote,Dosya içeriği otomatik statik tarandı; özel davranış kabulü verilmedi,122,8dd446fd25bd9fcb15ae16599511e47c59fb059193ec701a8669a6abd8511ee0,,,__construct; getType; getCurrentServiceId; getOldProductId; getNewProductId; getCurrencyCode; getCycle; getDaysRemaining; getTotalPeriodDays; getOldProrataCreditMinor; getNewProrataChargeMinor; getNetDueMinor; getCreditIssuedMinor; getEffectiveDate; toArray,,Bu dosya için ana raporda ayrı bug atanmadı; hatasız veya production-ready onayı değildir.
src/Domain/Pricing/Services/PricingService.php,Sınıf: PricingService,Dosya içeriği otomatik statik tarandı; özel davranış kabulü verilmedi,586,dbf6528e69e42ee7ea7923b3d8ac992006e5d762eeacfb515338c62b4d3b3489,,tests/Integration/Commerce/GoldenManualCommerceE2ETest.php; tests/Integration/Golden/GoldenMasterScenariosE2ETest.php; tests/Unit/Commerce/CreditLedgerTest.php; tests/Unit/Commerce/InvoiceServiceTest.php; tests/Unit/Commerce/OrderServiceTest.php; tests/Unit/Commerce/PartialPaymentAndRefundTest.php; tests/Unit/Commerce/PaymentServiceTest.php; tests/Unit/Commerce/ServiceLifecycleTest.php; tests/Unit/Pricing/PricingAndTaxGoldenPropertyTest.php; tests/Unit/Pricing/PricingServiceTest.php,__construct; ensureTables; setPricePoint; findPricePoint; getPricesForTarget; calculateQuote; createPriceOverride; resolvePrice; findMatchingOverride; hydratePriceOverride; hydratePricePoint; calculateProrata; calculateUpgradeQuote,"DDL:40,58; SQLite syntax:35; Runtime exception:216,538,544; Domain SQL:124,131,163,176,340,416","İşlevler: ensureTables, setPricePoint, findPricePoint, calculateQuote, createPriceOverride, resolvePrice, findMatchingOverride, hydratePriceOverride, hydratePricePoint, calculateProrata, calculateUpgradeQuote. Bu dosya için ana raporda ayrı bug atanmadı; hatasız veya production-ready onayı değildir."
src/Domain/Privacy/DataClassification.php,Sınıf: DataClassification,Dosya içeriği otomatik statik tarandı; özel davranış kabulü verilmedi,49,815cb3e0989abb61a0169237bb2d0801513e789b7e25ce1b303c56d1682d3131,,tests/Unit/Domain/Privacy/PrivacyConsentServiceTest.php,classify; isPii,,İşlevler: classify. Bu dosya için ana raporda ayrı bug atanmadı; hatasız veya production-ready onayı değildir.
src/Domain/Privacy/Erasure/ErasureAction.php,Enum / state değerleri: ErasureAction,Dosya içeriği otomatik statik tarandı; özel davranış kabulü verilmedi,27,e8b5af4e5d28bbed46c41965cef0d17d531151e133c9b4450a770c3a955372a3,,tests/Unit/Privacy/PrivacyErasureAndRestrictionTest.php,isDelete; isAnonymize; isRetain,,Bu dosya için ana raporda ayrı bug atanmadı; hatasız veya production-ready onayı değildir.
src/Domain/Privacy/Erasure/ErasureExecutionResult.php,Sınıf: ErasureExecutionResult,Dosya içeriği otomatik statik tarandı; özel davranış kabulü verilmedi,107,096f10282a05629e94dbf944f0f4c73286e8ade9bae3d4d2da7f24502e4084f9,,,__construct; getUserId; isSuccess; getDeletedCount; getAnonymizedCount; getRetainedCount; getAnonymizedEntities; getDeletedEntities; getRetainedEntities; getAuditChecksum; getExecutedAt; toArray,,Bu dosya için ana raporda ayrı bug atanmadı; hatasız veya production-ready onayı değildir.
src/Domain/Privacy/Erasure/ErasurePlan.php,Sınıf: ErasurePlan,Dosya içeriği otomatik statik tarandı; özel davranış kabulü verilmedi,80,f5635eff2923a6bf6c35a622d588ca74bed17b7aa611bba2728a5cf05d649380,,,__construct; getUserId; isEligible; getBlockers; getItems; getDeleteCount; getAnonymizeCount; getRetainCount; toArray,,Bu dosya için ana raporda ayrı bug atanmadı; hatasız veya production-ready onayı değildir.
src/Domain/Privacy/Erasure/ErasurePlanItem.php,Sınıf: ErasurePlanItem,Dosya içeriği otomatik statik tarandı; özel davranış kabulü verilmedi,69,0a873f289485b8279236ffe88daa4be770f4a2409ad49d0d924d1f8778d82dde,,,__construct; getCategory; getEntityType; getIdentifier; getAction; getRationale; getMetadata; toArray,,Bu dosya için ana raporda ayrı bug atanmadı; hatasız veya production-ready onayı değildir.
src/Domain/Privacy/Erasure/PrivacyErasureService.php,Sınıf: PrivacyErasureService,Odaklı kod incelemesi / ana rapor bağlantısı,482,f04474251028e74ae9f2b30b7755fad81ee16d11e23956cbfdc0f89dfe3aa263,F19,tests/Unit/Privacy/DomainPrivacyHandlersAndRedactionAuditTest.php; tests/Unit/Privacy/PrivacyErasureAndRestrictionTest.php; tests/Unit/Privacy/PrivacyTombstoneAndRestoreTest.php; tests/Unit/Privacy/RetentionAndLegalHoldTest.php,__construct; ensureTables; executeDryRun; executeErasure; restrictProcessing; liftRestriction; isProcessingRestricted; getErasureLog,"DDL:38,56; SQLite syntax:33; TODO:180; Domain SQL:99,122,145,226,240,256,267,279,287,401,405,442,463,478","İşlevler: ensureTables, executeDryRun, executeErasure, restrictProcessing, liftRestriction."
src/Domain/Privacy/Export/DefaultPrivacyDataCollector.php,Sınıf: DefaultPrivacyDataCollector,Odaklı kod incelemesi / ana rapor bağlantısı,144,cdaba09e86634724ba634c4dcfb0d0a35277587ef02d9ee1ff657f4566e0194e,F18,tests/Unit/Privacy/PrivacyRequestsAndExportTest.php,__construct; collectUserData; collectProfile; collectConsents; collectOrganizations; collectOrders; collectInvoices; collectServices; collectDomains; collectTickets,"Domain SQL:41,66,78,90,102,114,127,139","İşlevler: collectUserData, collectProfile, collectConsents, collectOrganizations, collectOrders, collectInvoices, collectServices, collectDomains, collectTickets."
src/Domain/Privacy/Export/PrivacyDataCollectorInterface.php,Sözleşme: PrivacyDataCollectorInterface,Dosya içeriği otomatik statik tarandı; özel davranış kabulü verilmedi,13,035009eb3ce2d793fbbdf616d8214f4dadaeede0fa4aede6bd9d03535d521cb7,,tests/Unit/Privacy/PrivacyRequestsAndExportTest.php,collectUserData,,İşlevler: collectUserData. Bu dosya için ana raporda ayrı bug atanmadı; hatasız veya production-ready onayı değildir.
src/Domain/Privacy/Export/PrivacyExportPackage.php,Sınıf: PrivacyExportPackage,Dosya içeriği otomatik statik tarandı; özel davranış kabulü verilmedi,108,5baa79c00077133182e8fa240328c97cf07b17e9ae3e316f290128630f5f9cf4,,tests/Unit/Privacy/PrivacyRequestsAndExportTest.php,__construct; create; getUserId; getGeneratedAt; getData; getChecksum; verifyIntegrity; toJson; toArray,,"İşlevler: create, verifyIntegrity. Bu dosya için ana raporda ayrı bug atanmadı; hatasız veya production-ready onayı değildir."
src/Domain/Privacy/Handlers/BillingPrivacyHandler.php,Sınıf: BillingPrivacyHandler,Dosya içeriği otomatik statik tarandı; özel davranış kabulü verilmedi,128,2bc2bdfa692cf9a37533e024b8ca7fb36993ad564bba091a021191bda546c51c,,tests/Unit/Privacy/DomainPrivacyHandlersAndRedactionAuditTest.php,__construct; getDomainName; handleErasure; handleExport; handleRestriction,"Domain SQL:29,34,49,52,95,104,120","İşlevler: handleErasure, handleExport, handleRestriction. Bu dosya için ana raporda ayrı bug atanmadı; hatasız veya production-ready onayı değildir."
src/Domain/Privacy/Handlers/DomainPrivacyActionResult.php,Sınıf: DomainPrivacyActionResult,Dosya içeriği otomatik statik tarandı; özel davranış kabulü verilmedi,81,b0adea8f104a9b29bc95da388d99ef8837189cbda0a1169c668a5dfa5463dce1,,tests/Unit/Privacy/DomainPrivacyHandlersAndRedactionAuditTest.php,__construct; getDomainName; getAction; getRecordsAffected; getFieldsRedacted; getDetails; isSuccess; getPreChecksum; getPostChecksum; toArray; jsonSerialize,,Bu dosya için ana raporda ayrı bug atanmadı; hatasız veya production-ready onayı değildir.
src/Domain/Privacy/Handlers/DomainPrivacyHandlerInterface.php,Sözleşme: DomainPrivacyHandlerInterface,Dosya içeriği otomatik statik tarandı; özel davranış kabulü verilmedi,39,b18f21b4825bd63104526f7bde865b49b843eabdd93d74b8070ac9c005e68db5,,,getDomainName; handleErasure; handleExport; handleRestriction,,"İşlevler: handleErasure, handleExport, handleRestriction. Bu dosya için ana raporda ayrı bug atanmadı; hatasız veya production-ready onayı değildir."
src/Domain/Privacy/Handlers/HostingPrivacyHandler.php,Sınıf: HostingPrivacyHandler,Dosya içeriği otomatik statik tarandı; özel davranış kabulü verilmedi,88,5c70263527d9fdb9f9118f64dc282b61853d1f50aaf94ab40ef8c619b0872bc4,,tests/Unit/Privacy/DomainPrivacyHandlersAndRedactionAuditTest.php,__construct; getDomainName; handleErasure; handleExport; handleRestriction,"Domain SQL:28,34,74","İşlevler: handleErasure, handleExport, handleRestriction. Bu dosya için ana raporda ayrı bug atanmadı; hatasız veya production-ready onayı değildir."
src/Domain/Privacy/Handlers/PrivacyHandlerRegistry.php,Sınıf: PrivacyHandlerRegistry,Dosya içeriği otomatik statik tarandı; özel davranış kabulü verilmedi,84,7c91925f9096614cf3a79c1a921a6e06daee0e09b2232586251c706a6a1f2dfd,,tests/Unit/Privacy/DomainPrivacyHandlersAndRedactionAuditTest.php,__construct; register; has; get; all; executeErasureAcrossAll; collectExportAcrossAll; applyRestrictionAcrossAll,,"İşlevler: register, all, executeErasureAcrossAll, collectExportAcrossAll, applyRestrictionAcrossAll. Bu dosya için ana raporda ayrı bug atanmadı; hatasız veya production-ready onayı değildir."
src/Domain/Privacy/Handlers/SupportPrivacyHandler.php,Sınıf: SupportPrivacyHandler,Dosya içeriği otomatik statik tarandı; özel davranış kabulü verilmedi,112,cfd633872ed17ae98fcc1eada694933c69c8727d00cce411acc9b6bf0b8afff7,,tests/Unit/Privacy/DomainPrivacyHandlersAndRedactionAuditTest.php,__construct; getDomainName; handleErasure; handleExport; handleRestriction,"Domain SQL:28,31,46,49,89,98","İşlevler: handleErasure, handleExport, handleRestriction. Bu dosya için ana raporda ayrı bug atanmadı; hatasız veya production-ready onayı değildir."
src/Domain/Privacy/PrivacyConsentService.php,Sınıf: PrivacyConsentService,Dosya içeriği otomatik statik tarandı; özel davranış kabulü verilmedi,195,7529bdb3cc46de5655882b5c8634835fed6d56d7ed5bd8537cf9d4911c09cd6b,,tests/Unit/Domain/Privacy/PrivacyConsentServiceTest.php,__construct; ensureTables; grantConsent; revokeConsent; hasConsent; recordTombstone; isTombstoned,"DDL:32,50; SQLite syntax:26; Domain SQL:64,70,115,147,162,189","İşlevler: ensureTables, grantConsent, revokeConsent, recordTombstone. Bu dosya için ana raporda ayrı bug atanmadı; hatasız veya production-ready onayı değildir."
src/Domain/Privacy/Redaction/RedactionAuditRecord.php,Sınıf: RedactionAuditRecord,Dosya içeriği otomatik statik tarandı; özel davranış kabulü verilmedi,214,0cdcf2919548843d63b689ff4b0792d0f47f354249afc3e5fbb31d6fde52f3c3,,tests/Unit/Privacy/DomainPrivacyHandlersAndRedactionAuditTest.php,__construct; computeSignature; create; getId; getUserId; getDomainName; getActionType; getRecordsAffected; getRedactedFields; getPreChecksum; getPostChecksum; isVerifiedClean; getAuditedAt; getAuditedBy; getAuditSignature; verifySignature; toArray; fromArray; jsonSerialize,,"İşlevler: computeSignature, create, verifySignature, fromArray. Bu dosya için ana raporda ayrı bug atanmadı; hatasız veya production-ready onayı değildir."
src/Domain/Privacy/Redaction/RedactionAuditService.php,Sınıf: RedactionAuditService,Dosya içeriği otomatik statik tarandı; özel davranış kabulü verilmedi,255,a07eb1499bf0cb05a79668e3528f3d9102c4a118b55082b92eca464b3acd9206,F20,tests/Unit/Privacy/DomainPrivacyHandlersAndRedactionAuditTest.php,__construct; ensureTables; recordAudit; scanForUnredactedPii; getAuditsForUser; verifyAllSignatures,"DDL:32; SQLite syntax:27; Domain SQL:132,157,170,183,196,228","Mevcut olmayan Domain\Audit\AuditLogger import’u. İşlevler: ensureTables, recordAudit, scanForUnredactedPii, verifyAllSignatures."
src/Domain/Privacy/Redaction/RedactionScanReport.php,Sınıf: RedactionScanReport,Dosya içeriği otomatik statik tarandı; özel davranış kabulü verilmedi,74,a4fa8635543c48c8d1defd8ab46465e404d8a91f0851e58cf28f7a143c2268ed,,,__construct; getUserId; getTablesScanned; getViolationsDetected; getViolationDetails; isCompliant; getScannedAt; getScanDigest; toArray; jsonSerialize,,Bu dosya için ana raporda ayrı bug atanmadı; hatasız veya production-ready onayı değildir.
src/Domain/Privacy/Requests/PrivacyRequest.php,Sınıf: PrivacyRequest,Dosya içeriği otomatik statik tarandı; özel davranış kabulü verilmedi,147,72fb9ab058ccff50455eecb134d4c8491a2e06bb53d7b8b7feac4fe548e4ea5c,,tests/Unit/Privacy/PrivacyRequestsAndExportTest.php,__construct; getId; getUserId; getOrganizationId; getRequestType; getStatus; getStepUpToken; getOtpCodeHash; getOtpAttempts; getExpiresAt; getVerifiedAt; getCompletedAt; getExportChecksum; getMetadata; getCreatedAt; isExpired; isPendingVerification; isVerified; isCompleted; toArray,"TODO:22,67,69,138",Bu dosya için ana raporda ayrı bug atanmadı; hatasız veya production-ready onayı değildir.
src/Domain/Privacy/Requests/PrivacyRequestService.php,Sınıf: PrivacyRequestService,Dosya içeriği otomatik statik tarandı; özel davranış kabulü verilmedi,308,145a319f9382d1d9fd1d4f57dd56dbcf41cc01368abbff158decb0359f3907bb,,tests/Unit/Privacy/PrivacyRequestsAndExportTest.php,__construct; ensureTables; createRequest; verifyStepUp; generateExport; getExport; getRequest; getRequestOrFail; getRequestByToken; getUserRequests; hydrate,"DDL:33; SQLite syntax:28; TODO:41,93,113,140,149,150,153,155,161,162,165,299; Domain SQL:153,171,201,220,242,260,275","İşlevler: ensureTables, createRequest, verifyStepUp, generateExport, hydrate. Bu dosya için ana raporda ayrı bug atanmadı; hatasız veya production-ready onayı değildir."
src/Domain/Privacy/Requests/PrivacyRequestStatus.php,Enum / state değerleri: PrivacyRequestStatus,Dosya içeriği otomatik statik tarandı; özel davranış kabulü verilmedi,35,847ebaff537747e20da7acc356b5edffa70e89acfe1657d7b9d624879f1b1111,,tests/Unit/Privacy/PrivacyRequestsAndExportTest.php,isPendingVerification; isVerified; isCompleted; isTerminal,,Bu dosya için ana raporda ayrı bug atanmadı; hatasız veya production-ready onayı değildir.
src/Domain/Privacy/Requests/PrivacyRequestType.php,Enum / state değerleri: PrivacyRequestType,Dosya içeriği otomatik statik tarandı; özel davranış kabulü verilmedi,28,aee70ddadbfdd267413d1df9bab9acf2bc1ab574d01062be20f083ebddaa87aa,,tests/Unit/Privacy/PrivacyRequestsAndExportTest.php,isExport; isErasure; isRestriction,,Bu dosya için ana raporda ayrı bug atanmadı; hatasız veya production-ready onayı değildir.
src/Domain/Privacy/Retention/LegalHold.php,Sınıf: LegalHold,Dosya içeriği otomatik statik tarandı; özel davranış kabulü verilmedi,174,3f05955944a17eaaecf65f8815b24d191f391c0242b409a8686bbc69254a8f2b,,,__construct; getId; getHoldReference; getTitle; getReason; getScopeType; getScopeId; getScopeIdentifier; getIssuedByAuthority; getCreatedByStaffId; isActive; getCreatedAt; getReleasedAt; getReleasedByStaffId; getReleaseNotes; getMetadata; matchesUser; matchesOrganization; matchesResource; toArray,,"İşlevler: matchesUser, matchesOrganization, matchesResource. Bu dosya için ana raporda ayrı bug atanmadı; hatasız veya production-ready onayı değildir."
src/Domain/Privacy/Retention/LegalHoldScopeType.php,Enum / state değerleri: LegalHoldScopeType,Dosya içeriği otomatik statik tarandı; özel davranış kabulü verilmedi,23,96079e10cf666c8c1742f1ebf4608539a3d52f127b09bd6ca70f3c8a66d52dce,,tests/Unit/Privacy/RetentionAndLegalHoldTest.php,isUser; isGlobal,,Bu dosya için ana raporda ayrı bug atanmadı; hatasız veya production-ready onayı değildir.
src/Domain/Privacy/Retention/RetentionAndLegalHoldService.php,Sınıf: RetentionAndLegalHoldService,Dosya içeriği otomatik statik tarandı; özel davranış kabulü verilmedi,382,fb9e2c758d94ddac04d6145f1b87ea3249c7068bab7955b58de57d586dc9a1d1,,tests/Unit/Privacy/RetentionAndLegalHoldTest.php,__construct; ensureTables; seedDefaultPolicies; getPolicy; evaluateRetention; placeLegalHold; releaseLegalHold; getHold; getHoldOrFail; getActiveLegalHolds; getActiveHoldsForUser; isSubjectUnderLegalHold; assertCanPurgeOrErase; hydratePolicy; hydrateHold,"DDL:30,47; SQLite syntax:25; TODO:121; Domain SQL:127,142,253,271,291","İşlevler: ensureTables, seedDefaultPolicies, evaluateRetention, placeLegalHold, releaseLegalHold, assertCanPurgeOrErase, hydratePolicy, hydrateHold. Bu dosya için ana raporda ayrı bug atanmadı; hatasız veya production-ready onayı değildir."
src/Domain/Privacy/Retention/RetentionPolicy.php,Sınıf: RetentionPolicy,Dosya içeriği otomatik statik tarandı; özel davranış kabulü verilmedi,76,579aff102f09ac54148185434cb59af960200f3a3f1c470d9dd7aca94e15944a,,tests/Unit/Privacy/RetentionAndLegalHoldTest.php,__construct; getPolicyKey; getCategory; getRetentionDays; getActionOnExpiry; isStatutory; getDescription; getExpirationDate; isExpired; toArray,,Bu dosya için ana raporda ayrı bug atanmadı; hatasız veya production-ready onayı değildir.
src/Domain/Privacy/Tombstone/BackupRestoreReconciliationService.php,Sınıf: BackupRestoreReconciliationService,Odaklı kod incelemesi / ana rapor bağlantısı,211,62439fe64b914f384aef98657e0aa0c331b090abd7faf97a9e54342be29a69ae,F20,tests/Integration/Golden/GoldenMasterScenariosE2ETest.php; tests/Integration/ReleaseRehearsal/ReleaseRehearsalLifecycleSuiteTest.php; tests/Unit/Backup/RollbackAndPrivacyTombstoneRestoreTest.php; tests/Unit/Privacy/PrivacyTombstoneAndRestoreTest.php,__construct; reconcileAfterBackupRestore; assertProductionReady,"Domain SQL:50,58,61,86,106,120,130,145","Mevcut olmayan Domain\Audit\AuditLogger import’u. İşlevler: reconcileAfterBackupRestore, assertProductionReady."
src/Domain/Privacy/Tombstone/FileTombstoneStore.php,Sınıf: FileTombstoneStore,Odaklı kod incelemesi / ana rapor bağlantısı,131,c049f7cfb5345571f52b9be02db80beeb8a62c7e0d0d1182b49ab5c89005fd15,F20,tests/Integration/Golden/GoldenMasterScenariosE2ETest.php; tests/Integration/ReleaseRehearsal/ReleaseRehearsalLifecycleSuiteTest.php; tests/Unit/Backup/RollbackAndPrivacyTombstoneRestoreTest.php; tests/Unit/Privacy/PrivacyTombstoneAndRestoreTest.php,__construct; ensureDirectory; persist; loadAll; findByUserId; hasUserId; exportManifest; importManifest,Runtime exception:104,"İşlevler: ensureDirectory, persist, loadAll, findByUserId, exportManifest, importManifest."
src/Domain/Privacy/Tombstone/PrivacyTombstone.php,Sınıf: PrivacyTombstone,Dosya içeriği otomatik statik tarandı; özel davranış kabulü verilmedi,178,55d86dbb7e1b300193c3a016886928af03aef20288e33b6557964248436af267,,tests/Unit/Backup/RollbackAndPrivacyTombstoneRestoreTest.php; tests/Unit/Privacy/PrivacyTombstoneAndRestoreTest.php,__construct; computeEmailHash; computeIntegritySignature; create; getId; getUserId; getUserEmailHash; getErasureType; getReason; getErasureChecksum; getMetadata; getTombstonedAt; getIntegritySignature; verifyIntegrity; matchesEmail; toArray; fromArray; jsonSerialize,,"İşlevler: computeEmailHash, computeIntegritySignature, create, verifyIntegrity, matchesEmail, fromArray. Bu dosya için ana raporda ayrı bug atanmadı; hatasız veya production-ready onayı değildir."
src/Domain/Privacy/Tombstone/PrivacyTombstoneService.php,Sınıf: PrivacyTombstoneService,Odaklı kod incelemesi / ana rapor bağlantısı,304,d56af751fbc3a42d4c3daad72f9a4091ddb0168f82d90b05936036ec485d0137,F20,tests/Integration/Golden/GoldenMasterScenariosE2ETest.php; tests/Integration/ReleaseRehearsal/ReleaseRehearsalLifecycleSuiteTest.php; tests/Unit/Backup/RollbackAndPrivacyTombstoneRestoreTest.php; tests/Unit/Privacy/PrivacyTombstoneAndRestoreTest.php,__construct; getSalt; getSecretKey; ensureTables; recordTombstone; isTombstoned; isEmailTombstoned; getTombstoneByUserId; getTombstoneByEmailHash; getAllTombstones; syncPersistentStoreToDatabase; syncDatabaseToPersistentStore,"DDL:43; SQLite syntax:38; Domain SQL:138,156,181,197,223,259,291","Mevcut olmayan Domain\Audit\AuditLogger import’u. İşlevler: ensureTables, recordTombstone, syncPersistentStoreToDatabase, syncDatabaseToPersistentStore."
src/Domain/Privacy/Tombstone/RestoreReconciliationReport.php,Sınıf: RestoreReconciliationReport,Dosya içeriği otomatik statik tarandı; özel davranış kabulü verilmedi,80,cd7ea46a76080a86c169661673759ce4d6dedcaf0e74a0503aa64b21bc31978f,,,__construct; getTombstonesEvaluated; getResurrectedUsersDetected; getResurrectedUsersReScrubbed; getScrubbedUserIds; isClean; getReconciledAt; getAuditDigest; isProductionReady; toArray; jsonSerialize,,Bu dosya için ana raporda ayrı bug atanmadı; hatasız veya production-ready onayı değildir.
src/Domain/Privacy/Tombstone/TombstoneStoreInterface.php,Sözleşme: TombstoneStoreInterface,Dosya içeriği otomatik statik tarandı; özel davranış kabulü verilmedi,47,52ab8ab345efc04065c99052b85c6c94ed82466acc2c3506fc458fb001477bc4,,,persist; loadAll; findByUserId; hasUserId; exportManifest; importManifest,,"İşlevler: persist, loadAll, findByUserId, exportManifest, importManifest. Bu dosya için ana raporda ayrı bug atanmadı; hatasız veya production-ready onayı değildir."
src/Domain/Providers/Contracts/AbstractProvider.php,Sınıf: AbstractProvider,Dosya içeriği otomatik statik tarandı; özel davranış kabulü verilmedi,111,33ea284b7f2338defdf944009d18babbf04ec3cebd0ed52aeca7ad589837cf32,,,__construct; getName; getSlug; getVersion; getCapabilities; supports; assertCapability; createAccount; suspendAccount; unsuspendAccount; terminateAccount; changePackage; changePassword; getUsageMetrics; getSingleSignOnUrl; executeCustomAction,,"İşlevler: supports, assertCapability, createAccount, suspendAccount, unsuspendAccount, terminateAccount, changePackage, changePassword, executeCustomAction. Bu dosya için ana raporda ayrı bug atanmadı; hatasız veya production-ready onayı değildir."
src/Domain/Providers/Contracts/ProviderCapability.php,Sınıf: ProviderCapability,Dosya içeriği otomatik statik tarandı; özel davranış kabulü verilmedi,41,829add3959ade58df8768efb487c35638966e8bc3b67b8260780d7c233619657,,tests/Unit/Providers/Cpanel/CpanelAccountLifecycleTest.php; tests/Unit/Providers/Cpanel/CpanelCoreAndHealthTest.php; tests/Unit/Providers/Cpanel/CpanelPackageChangeTest.php; tests/Unit/Providers/ProviderCapabilityAndOperationsTest.php; tests/Unit/Provisioning/ProvisioningErrorClassificationAndOperationsTest.php,all; isValid,,İşlevler: all. Bu dosya için ana raporda ayrı bug atanmadı; hatasız veya production-ready onayı değildir.
src/Domain/Providers/Contracts/ProviderCapabilitySet.php,Sınıf: ProviderCapabilitySet,Dosya içeriği otomatik statik tarandı; özel davranış kabulü verilmedi,69,ccaa0cb58741c1a70b7a4f73216386542f1b50d809388a28d53249e0c2666deb,,tests/Unit/Providers/ProviderCapabilityAndOperationsTest.php,__construct; has; supports; all; with; without; assertSupported; toArray,,"İşlevler: supports, all, with, without, assertSupported. Bu dosya için ana raporda ayrı bug atanmadı; hatasız veya production-ready onayı değildir."
src/Domain/Providers/Contracts/ProviderInterface.php,Sözleşme: ProviderInterface,Dosya içeriği otomatik statik tarandı; özel davranış kabulü verilmedi,47,9ebd779ec6b46613051bd1fa8118be94a08d400e925ae856806cb62834891c8a,,,getName; getSlug; getVersion; getCapabilities; supports; createAccount; suspendAccount; unsuspendAccount; terminateAccount; changePackage; changePassword; getUsageMetrics; getSingleSignOnUrl; executeCustomAction,,"İşlevler: supports, createAccount, suspendAccount, unsuspendAccount, terminateAccount, changePackage, changePassword, executeCustomAction. Bu dosya için ana raporda ayrı bug atanmadı; hatasız veya production-ready onayı değildir."
src/Domain/Providers/Cpanel/CpanelApiClient.php,Sınıf: CpanelApiClient,Dosya içeriği otomatik statik tarandı; özel davranış kabulü verilmedi,386,c1d9902f0f68d497da8e95239f2601e82127fd79b3f7e58064940d9360c9be16,,tests/Unit/Providers/Cpanel/CpanelAccountLifecycleTest.php; tests/Unit/Providers/Cpanel/CpanelCoreAndHealthTest.php; tests/Unit/Providers/Cpanel/CpanelPackageChangeTest.php,__construct; getConfiguration; getTransport; testAuthentication; getSystemLoad; getVersion; listPackagesRaw; createAccount; suspendAccount; unsuspendAccount; terminateAccount; getAccountSummary; changePackage; editQuota; limitBandwidth; call; buildUrl; buildHeaders,,"İşlevler: testAuthentication, listPackagesRaw, createAccount, suspendAccount, unsuspendAccount, terminateAccount, changePackage, editQuota, limitBandwidth, call, buildUrl, buildHeaders. Bu dosya için ana raporda ayrı bug atanmadı; hatasız veya production-ready onayı değildir."
src/Domain/Providers/Cpanel/CpanelConfiguration.php,Sınıf: CpanelConfiguration,Dosya içeriği otomatik statik tarandı; özel davranış kabulü verilmedi,172,d5c435d3a5fd59ef61bf3ee5a9a509d94797eb1ce88fa67ce348ff170315d73c,,tests/Unit/Providers/Cpanel/CpanelAccountLifecycleTest.php; tests/Unit/Providers/Cpanel/CpanelCoreAndHealthTest.php; tests/Unit/Providers/Cpanel/CpanelPackageChangeTest.php,__construct; fromServerConnection; getHostname; getUsername; getApiToken; getAccessHash; getPassword; getPort; isUseSsl; getTimeoutSeconds; getBaseUrl; getAuthType; getMaskedSecret; toSafeArray; __debugInfo,,"İşlevler: fromServerConnection, __debugInfo. Bu dosya için ana raporda ayrı bug atanmadı; hatasız veya production-ready onayı değildir."
src/Domain/Providers/Cpanel/CpanelCurlTransport.php,Sınıf: CpanelCurlTransport,Odaklı kod incelemesi / ana rapor bağlantısı,91,c6ff061a7afbc51c70b0b2558579febb540f074030853ba21b70c268479d812a,F04,,__construct; request,"Remote transport:71; Runtime exception:31,42,78",İşlevler: request.
src/Domain/Providers/Cpanel/CpanelHttpTransportInterface.php,Sözleşme: CpanelHttpTransportInterface,Dosya içeriği otomatik statik tarandı; özel davranış kabulü verilmedi,23,e8c98524c7d151898782e905b9db47143311a233a3ac06bed26dc311896768cb,,,request,,İşlevler: request. Bu dosya için ana raporda ayrı bug atanmadı; hatasız veya production-ready onayı değildir.
src/Domain/Providers/Cpanel/CpanelMemoryTransport.php,Sınıf: CpanelMemoryTransport,Dosya içeriği otomatik statik tarandı; özel davranış kabulü verilmedi,133,39d1a9761d633cf60285231971230641cefe891144d51de98ce1aa7266c4202b,,tests/Integration/Chaos/ChaosAndConcurrencySuiteTest.php; tests/Integration/Golden/GoldenMasterScenariosE2ETest.php; tests/Unit/Providers/Cpanel/CpanelAccountLifecycleTest.php; tests/Unit/Providers/Cpanel/CpanelCoreAndHealthTest.php; tests/Unit/Providers/Cpanel/CpanelPackageChangeTest.php; tests/Unit/Provisioning/AutomatedHostingGoldenE2ETest.php; tests/Unit/Provisioning/HostingProvisioningWorkflowTest.php; tests/Unit/Provisioning/NoDuplicateRemoteAccountFailureTest.php; tests/Unit/Provisioning/ProvisioningRetryAndReconciliationTest.php,stageResponse; setFallbackResponse; request; getRecordedRequests; getLastRequest; clear,"Simulation:19,96","İşlevler: stageResponse, setFallbackResponse, request, clear. Bu dosya için ana raporda ayrı bug atanmadı; hatasız veya production-ready onayı değildir."
src/Domain/Providers/Cpanel/CpanelPackageDto.php,Sınıf: CpanelPackageDto,Dosya içeriği otomatik statik tarandı; özel davranış kabulü verilmedi,210,fd266634612a193970e757cd165f605efb7770c4e3b6d99fe09f314299e52b74,,tests/Unit/Providers/Cpanel/CpanelCoreAndHealthTest.php,__construct; fromWhmArray; getName; getQuotaMb; isUnlimitedQuota; getBandwidthMb; isUnlimitedBandwidth; getMaxFtp; getMaxSql; getMaxPop; getMaxSub; getMaxPark; getMaxAddon; hasCgiAccess; hasShellAccess; hasDedicatedIp; getCpanelTheme; getFeatureList; getRaw; toArray,,İşlevler: fromWhmArray. Bu dosya için ana raporda ayrı bug atanmadı; hatasız veya production-ready onayı değildir.
src/Domain/Providers/Cpanel/CpanelPackageService.php,Sınıf: CpanelPackageService,Dosya içeriği otomatik statik tarandı; özel davranış kabulü verilmedi,136,471eb38a0a444e842df8f0189415eac114dc9b0f9e9fbb4d20cfb80add519851,,tests/Unit/Providers/Cpanel/CpanelAccountLifecycleTest.php; tests/Unit/Providers/Cpanel/CpanelCoreAndHealthTest.php,listPackages; getPackage; resolvePackage; validatePackageCompatibility,,"İşlevler: listPackages, resolvePackage, validatePackageCompatibility. Bu dosya için ana raporda ayrı bug atanmadı; hatasız veya production-ready onayı değildir."
src/Domain/Providers/Cpanel/CpanelProvider.php,Sınıf: CpanelProvider,Dosya içeriği otomatik statik tarandı; özel davranış kabulü verilmedi,483,5a8ec7c1ce33a60b5e26d34348ef59f50b8ca801b6576e33c45df55ea422d88f,,tests/Integration/Chaos/ChaosAndConcurrencySuiteTest.php; tests/Integration/Golden/GoldenMasterScenariosE2ETest.php; tests/Unit/Providers/Cpanel/CpanelAccountLifecycleTest.php; tests/Unit/Providers/Cpanel/CpanelCoreAndHealthTest.php; tests/Unit/Providers/Cpanel/CpanelPackageChangeTest.php; tests/Unit/Provisioning/AutomatedHostingGoldenE2ETest.php; tests/Unit/Provisioning/HostingProvisioningWorkflowTest.php; tests/Unit/Provisioning/NoDuplicateRemoteAccountFailureTest.php; tests/Unit/Provisioning/ProvisioningRetryAndReconciliationTest.php,__construct; createClient; testAuthentication; listPackages; checkHealth; getPackageService; getHealthChecker; getTransport; createAccount; suspendAccount; unsuspendAccount; terminateAccount; changePackage,,"İşlevler: createClient, testAuthentication, listPackages, checkHealth, createAccount, suspendAccount, unsuspendAccount, terminateAccount, changePackage. Bu dosya için ana raporda ayrı bug atanmadı; hatasız veya production-ready onayı değildir."
src/Domain/Providers/Cpanel/CpanelServerHealthChecker.php,Sınıf: CpanelServerHealthChecker,Dosya içeriği otomatik statik tarandı; özel davranış kabulü verilmedi,96,354cc43b85c883b1b5d54657fab650d24e8c087ae2076cc17b5801dcf06bf730,,tests/Unit/Providers/Cpanel/CpanelCoreAndHealthTest.php,__construct; checkHealth,,İşlevler: checkHealth. Bu dosya için ana raporda ayrı bug atanmadı; hatasız veya production-ready onayı değildir.
src/Domain/Providers/DTO/ProviderOperationResult.php,Sınıf: ProviderOperationResult,Dosya içeriği otomatik statik tarandı; özel davranış kabulü verilmedi,143,86b87c9393307bf59548d9c94add0a49bc0794c6108333d54bea0b75fea5bbaf,,tests/Unit/Providers/ProviderCapabilityAndOperationsTest.php; tests/Unit/Provisioning/ProvisioningErrorClassificationAndOperationsTest.php,__construct; success; failure; isSuccess; isFailure; getOperationType; getMessage; getExternalIdentifier; getData; getErrorCode; getRawResponse; getExecutedAt; toArray,,"İşlevler: success, failure. Bu dosya için ana raporda ayrı bug atanmadı; hatasız veya production-ready onayı değildir."
src/Domain/Providers/DTO/ServerConnectionDto.php,Sınıf: ServerConnectionDto,Dosya içeriği otomatik statik tarandı; özel davranış kabulü verilmedi,97,37dbe3930a75ba46e2234de296e5283161251aa3e04060bc8cdaf6d23a191256,,tests/Unit/Providers/Cpanel/CpanelAccountLifecycleTest.php; tests/Unit/Providers/Cpanel/CpanelCoreAndHealthTest.php; tests/Unit/Providers/Cpanel/CpanelPackageChangeTest.php; tests/Unit/Providers/ProviderCapabilityAndOperationsTest.php,__construct; getServerId; getHostname; getIpAddress; getPort; isSecure; getAuthType; getAuthSecret; getMaskedSecret; getOptions; toSafeArray,,Bu dosya için ana raporda ayrı bug atanmadı; hatasız veya production-ready onayı değildir.
src/Domain/Providers/Exceptions/ProviderException.php,Sınıf: ProviderException,Dosya içeriği otomatik statik tarandı; özel davranış kabulü verilmedi,35,317f8dacf2be7bc8245978afc57c29d2b4e49b3ec899ff980e36fa1acce5fb11,,tests/Unit/Providers/Cpanel/CpanelCoreAndHealthTest.php; tests/Unit/Providers/ProviderCapabilityAndOperationsTest.php,__construct; getErrorCode; getContext,,Bu dosya için ana raporda ayrı bug atanmadı; hatasız veya production-ready onayı değildir.
src/Domain/Providers/Exceptions/UnsupportedCapabilityException.php,Sınıf: UnsupportedCapabilityException,Dosya içeriği otomatik statik tarandı; özel davranış kabulü verilmedi,24,ad14f78bc81722bbfaff11376f30a65f452716a7e205b4bcb9e32d33c1437223,,tests/Unit/Providers/ProviderCapabilityAndOperationsTest.php,__construct,,Bu dosya için ana raporda ayrı bug atanmadı; hatasız veya production-ready onayı değildir.
src/Domain/Providers/Operations/ChangePackageOperation.php,Sınıf: ChangePackageOperation,Dosya içeriği otomatik statik tarandı; özel davranış kabulü verilmedi,81,18a42126892d5d0e25d245da7ff8e7a6b0d9030add6b0fca0cc433689cab1d23,,tests/Unit/Providers/Cpanel/CpanelPackageChangeTest.php; tests/Unit/Providers/ProviderCapabilityAndOperationsTest.php,__construct; getServiceId; getOperationType; getUsername; getNewPackageIdentifier; getResourceQuotas; getServer; getMetadata; toArray,,Bu dosya için ana raporda ayrı bug atanmadı; hatasız veya production-ready onayı değildir.
src/Domain/Providers/Operations/ChangePasswordOperation.php,Sınıf: ChangePasswordOperation,Dosya içeriği otomatik statik tarandı; özel davranış kabulü verilmedi,70,8701f248eba8a29d6930ed22f7ac34a0d82aa78b0b0d43882c059203835a308f,,tests/Unit/Providers/ProviderCapabilityAndOperationsTest.php,__construct; getServiceId; getOperationType; getUsername; getNewPassword; getServer; getMetadata; toArray,,Bu dosya için ana raporda ayrı bug atanmadı; hatasız veya production-ready onayı değildir.
src/Domain/Providers/Operations/CreateAccountOperation.php,Sınıf: CreateAccountOperation,Dosya içeriği otomatik statik tarandı; özel davranış kabulü verilmedi,102,29ba5a4ab3611cc9a93d8980ba007b398afe8e7fe52eccafa9bb9620c2c1ef7d,,tests/Unit/Providers/Cpanel/CpanelAccountLifecycleTest.php; tests/Unit/Providers/ProviderCapabilityAndOperationsTest.php,__construct; getServiceId; getOperationType; getServiceNumber; getUsername; getPassword; getDomain; getPackageIdentifier; getResourceQuotas; getServer; getMetadata; toArray,,Bu dosya için ana raporda ayrı bug atanmadı; hatasız veya production-ready onayı değildir.
src/Domain/Providers/Operations/CustomActionOperation.php,Sınıf: CustomActionOperation,Dosya içeriği otomatik statik tarandı; özel davranış kabulü verilmedi,74,2103b22c3d3b520514e8d300166b61d26dcbe3f29175765d886949e49d0142e8,,tests/Unit/Providers/ProviderCapabilityAndOperationsTest.php,__construct; getServiceId; getOperationType; getAction; getParameters; getServer; getMetadata; toArray,,Bu dosya için ana raporda ayrı bug atanmadı; hatasız veya production-ready onayı değildir.
src/Domain/Providers/Operations/OperationInterface.php,Sözleşme: OperationInterface,Dosya içeriği otomatik statik tarandı; özel davranış kabulü verilmedi,26,62895f4b2b7ae4a2096ea72b97a547b27500345b591bfa116b4423b2851a858f,,,getServiceId; getOperationType; getServer; getMetadata; toArray,,Bu dosya için ana raporda ayrı bug atanmadı; hatasız veya production-ready onayı değildir.
src/Domain/Providers/Operations/SingleSignOnOperation.php,Sınıf: SingleSignOnOperation,Dosya içeriği otomatik statik tarandı; özel davranış kabulü verilmedi,70,4f04128acee9921772f3916ec3971123b99c4f70bda830e3f436d8eb5efab549,,tests/Unit/Providers/ProviderCapabilityAndOperationsTest.php,__construct; getServiceId; getOperationType; getUsername; getClientIp; getServer; getMetadata; toArray,,Bu dosya için ana raporda ayrı bug atanmadı; hatasız veya production-ready onayı değildir.
src/Domain/Providers/Operations/SuspendAccountOperation.php,Sınıf: SuspendAccountOperation,Dosya içeriği otomatik statik tarandı; özel davranış kabulü verilmedi,70,3133bcd1d55b802032fae6f49207c9a06e412bf989b65d06a044cea80c542ba8,,tests/Unit/Providers/Cpanel/CpanelAccountLifecycleTest.php; tests/Unit/Providers/ProviderCapabilityAndOperationsTest.php,__construct; getServiceId; getOperationType; getUsername; getReason; getServer; getMetadata; toArray,,Bu dosya için ana raporda ayrı bug atanmadı; hatasız veya production-ready onayı değildir.
src/Domain/Providers/Operations/TerminateAccountOperation.php,Sınıf: TerminateAccountOperation,Dosya içeriği otomatik statik tarandı; özel davranış kabulü verilmedi,70,49ce9b90c5d166df0a84043381d8b48f82335b720609f43860e8e99e803d8a44,,tests/Unit/Providers/Cpanel/CpanelAccountLifecycleTest.php; tests/Unit/Providers/ProviderCapabilityAndOperationsTest.php,__construct; getServiceId; getOperationType; getUsername; isKeepBackup; getServer; getMetadata; toArray,,Bu dosya için ana raporda ayrı bug atanmadı; hatasız veya production-ready onayı değildir.
src/Domain/Providers/Operations/UnsuspendAccountOperation.php,Sınıf: UnsuspendAccountOperation,Dosya içeriği otomatik statik tarandı; özel davranış kabulü verilmedi,63,1a06bd799ad37cf0d1278412941d77853fff3411585db3e00e4069dc8c5f76ec,,tests/Unit/Providers/Cpanel/CpanelAccountLifecycleTest.php; tests/Unit/Providers/ProviderCapabilityAndOperationsTest.php,__construct; getServiceId; getOperationType; getUsername; getServer; getMetadata; toArray,,Bu dosya için ana raporda ayrı bug atanmadı; hatasız veya production-ready onayı değildir.
src/Domain/Providers/Operations/UsageMetricsOperation.php,Sınıf: UsageMetricsOperation,Dosya içeriği otomatik statik tarandı; özel davranış kabulü verilmedi,63,0a035a1102fba40438c3cb29f7ab79ae746163a8b93e39eb8b7ccf452d7cebf2,,tests/Unit/Providers/ProviderCapabilityAndOperationsTest.php,__construct; getServiceId; getOperationType; getUsername; getServer; getMetadata; toArray,,Bu dosya için ana raporda ayrı bug atanmadı; hatasız veya production-ready onayı değildir.
src/Domain/Providers/Registry/ProviderRegistry.php,Sınıf: ProviderRegistry,Dosya içeriği otomatik statik tarandı; özel davranış kabulü verilmedi,72,afbd15f04044f157c4fa345de580fcbb8899aae738fe98134767799839fd8613,,tests/Integration/Chaos/ChaosAndConcurrencySuiteTest.php; tests/Integration/Golden/GoldenMasterScenariosE2ETest.php; tests/Unit/Providers/Cpanel/CpanelCoreAndHealthTest.php; tests/Unit/Providers/ProviderCapabilityAndOperationsTest.php; tests/Unit/Provisioning/AutomatedHostingGoldenE2ETest.php; tests/Unit/Provisioning/HostingProvisioningWorkflowTest.php; tests/Unit/Provisioning/NoDuplicateRemoteAccountFailureTest.php; tests/Unit/Provisioning/ProvisioningRetryAndReconciliationTest.php,__construct; register; has; get; all; getByCapability; assertSupports,,"İşlevler: register, all, assertSupports. Bu dosya için ana raporda ayrı bug atanmadı; hatasız veya production-ready onayı değildir."
src/Domain/Providers/Settings/ProviderSettingDefinition.php,Sınıf: ProviderSettingDefinition,Dosya içeriği otomatik statik tarandı; özel davranış kabulü verilmedi,130,eb303096133aefab140c30ea9ab35c64c21e9aeddbce5119aadaf62048a82a03,,tests/Unit/Providers/ProviderSettingsAndVaultTest.php,__construct; getKey; getLabel; getType; isSecret; isRequired; getDefaultValue; getDescription; getOptions; validate; toArray,"Domain SQL:16,104,108",İşlevler: validate. Bu dosya için ana raporda ayrı bug atanmadı; hatasız veya production-ready onayı değildir.
src/Domain/Providers/Settings/ProviderSettingSchema.php,Sınıf: ProviderSettingSchema,Dosya içeriği otomatik statik tarandı; özel davranış kabulü verilmedi,161,df61a96b070736c7af762ac3264a984e95d668ee6daf0e5d8c0b260062563e4b,,tests/Unit/Providers/ProviderSettingsAndVaultTest.php,__construct; getProviderSlug; add; get; has; isSecret; all; getDefaults; forCpanel; forDirectAdmin; toArray,,"İşlevler: add, all, forCpanel, forDirectAdmin. Bu dosya için ana raporda ayrı bug atanmadı; hatasız veya production-ready onayı değildir."
src/Domain/Providers/Settings/ProviderSettingService.php,Sınıf: ProviderSettingService,Dosya içeriği otomatik statik tarandı; özel davranış kabulü verilmedi,286,b1a9e6223f5ff9fd7ce40a11256b4b8e19fc737d25109705ee1fb088d8207d4a,,tests/Unit/Providers/ProviderSettingsAndVaultTest.php,__construct; registerSchema; getSchema; ensureTables; saveSettings; getPublicSettings; resolveEffectiveConfig; deleteSettings; isSecretKey; hasStoredValue; upsertSettingRecord,"DDL:47; SQLite syntax:42; Domain SQL:127,160,214,225,247,270,276,281","İşlevler: registerSchema, ensureTables, saveSettings, resolveEffectiveConfig, deleteSettings, upsertSettingRecord. Bu dosya için ana raporda ayrı bug atanmadı; hatasız veya production-ready onayı değildir."
src/Domain/Providers/Settings/ResolvedProviderConfig.php,Sınıf: ResolvedProviderConfig,Dosya içeriği otomatik statik tarandı; özel davranış kabulü verilmedi,83,5e84228006fa014be3d0e0badda35dedb043e2fcc324c0cfeb8dfd38e999efc5,,,__construct; getProviderSlug; get; getString; getInt; getBool; getSecret; has; all; toSafeArray,,İşlevler: all. Bu dosya için ana raporda ayrı bug atanmadı; hatasız veya production-ready onayı değildir.
src/Domain/Providers/Testing/MockHostingProvider.php,Sınıf: MockHostingProvider,Dosya içeriği otomatik statik tarandı; özel davranış kabulü verilmedi,217,5b2510ad308b6677ae1323b9eb6ec6430a63dd912aa670f66a5e20134d73d329,,tests/Unit/Providers/ProviderCapabilityAndOperationsTest.php,__construct; setCannedResponse; getRecordedOperations; getLastOperation; clearRecordedOperations; createAccount; suspendAccount; unsuspendAccount; terminateAccount; changePackage; changePassword; getUsageMetrics; getSingleSignOnUrl; executeCustomAction,"Simulation:22,31,32,77,98,113,128,143,158,173,194,213","İşlevler: setCannedResponse, clearRecordedOperations, createAccount, suspendAccount, unsuspendAccount, terminateAccount, changePackage, changePassword, executeCustomAction. Bu dosya için ana raporda ayrı bug atanmadı; hatasız veya production-ready onayı değildir."
src/Domain/Provisioning/Classification/ProvisioningErrorCategory.php,Sınıf: ProvisioningErrorCategory,Dosya içeriği otomatik statik tarandı; özel davranış kabulü verilmedi,48,e71d1c1512ac52fea4ab404b0888f1fb012a05dbda7a0f3cb1b52237a0a2af71,,tests/Integration/Chaos/ChaosAndConcurrencySuiteTest.php; tests/Integration/Golden/GoldenMasterScenariosE2ETest.php; tests/Unit/Provisioning/NoDuplicateRemoteAccountFailureTest.php; tests/Unit/Provisioning/ProvisioningErrorClassificationAndOperationsTest.php; tests/Unit/Provisioning/ProvisioningRetryAndReconciliationTest.php,all; isValid; isRetryable,,İşlevler: all. Bu dosya için ana raporda ayrı bug atanmadı; hatasız veya production-ready onayı değildir.
src/Domain/Provisioning/Classification/ProvisioningErrorClassification.php,Sınıf: ProvisioningErrorClassification,Dosya içeriği otomatik statik tarandı; özel davranış kabulü verilmedi,223,c2f66f2509fda733e4c958fa66946e025bfc98f3b089b0eaff642704772fb168,,tests/Integration/Chaos/ChaosAndConcurrencySuiteTest.php; tests/Unit/Provisioning/ProvisioningErrorClassificationAndOperationsTest.php; tests/Unit/Provisioning/ProvisioningRetryAndReconciliationTest.php,__construct; transientNetwork; rateLimited; authentication; resourceExhausted; validation; conflict; providerFault; unknown; getCategory; getErrorCode; getClientSafeMessage; getAdminActionableMessage; isRetryable; getSuggestedRetryDelaySeconds; requiresAdminIntervention; getRawDetails; toArray,TODO:36,"İşlevler: transientNetwork, rateLimited, authentication, resourceExhausted, validation, conflict, providerFault, unknown, requiresAdminIntervention. Bu dosya için ana raporda ayrı bug atanmadı; hatasız veya production-ready onayı değildir."
src/Domain/Provisioning/Classification/ProvisioningErrorClassifier.php,Sınıf: ProvisioningErrorClassifier,Dosya içeriği otomatik statik tarandı; özel davranış kabulü verilmedi,138,6fecf2b03b132a5f4a936b00028bbf89890b32df85e97399b72b915f0a588d53,,tests/Integration/Chaos/ChaosAndConcurrencySuiteTest.php; tests/Integration/Golden/GoldenMasterScenariosE2ETest.php; tests/Unit/Provisioning/NoDuplicateRemoteAccountFailureTest.php; tests/Unit/Provisioning/ProvisioningErrorClassificationAndOperationsTest.php,classifyResult; classifyThrowable; classify,,"İşlevler: classifyResult, classifyThrowable, classify. Bu dosya için ana raporda ayrı bug atanmadı; hatasız veya production-ready onayı değildir."
src/Domain/Provisioning/Coordinators/AutomatedHostingOrderCoordinator.php,Sınıf: AutomatedHostingOrderCoordinator,Dosya içeriği otomatik statik tarandı; özel davranış kabulü verilmedi,116,fc5de74add59b6d78fa387042ce00a50ade81369d7d625a8b0dea09102962e6b,,tests/Integration/Golden/GoldenMasterScenariosE2ETest.php; tests/Unit/Provisioning/AutomatedHostingGoldenE2ETest.php,__construct; processPaidOrder,TODO:78,İşlevler: processPaidOrder. Bu dosya için ana raporda ayrı bug atanmadı; hatasız veya production-ready onayı değildir.
src/Domain/Provisioning/Entities/ProvisioningAuditLog.php,Sınıf: ProvisioningAuditLog,Dosya içeriği otomatik statik tarandı; özel davranış kabulü verilmedi,111,f9e88f11145d71559f7983ceb0473e94dbd35cc705f08e85a51911ce0e67dac9,,,__construct; getId; getOperationId; getServiceId; getAction; getAttemptNumber; isSuccess; getErrorCategory; getErrorCode; getClientSafeMessage; getAdminActionableMessage; getRawResponse; getLoggedAt; toArray,"TODO:17,48,50,101",Bu dosya için ana raporda ayrı bug atanmadı; hatasız veya production-ready onayı değildir.
src/Domain/Provisioning/Entities/ProvisioningOperation.php,Sınıf: ProvisioningOperation,Dosya içeriği otomatik statik tarandı; özel davranış kabulü verilmedi,183,b4a6f405b35e430b054d563c8994664afbc7746ca1e72458f0b3c667ed4ebbce,,tests/Integration/Chaos/ChaosAndConcurrencySuiteTest.php; tests/Integration/Golden/GoldenMasterScenariosE2ETest.php; tests/Unit/Provisioning/NoDuplicateRemoteAccountFailureTest.php; tests/Unit/Provisioning/ProvisioningErrorClassificationAndOperationsTest.php; tests/Unit/Provisioning/ProvisioningRetryAndReconciliationTest.php,__construct; getId; getOperationUuid; getServiceId; getServerId; getProviderSlug; getAction; getStatus; getAttemptCount; getMaxAttempts; getNextAttemptAt; getErrorClassification; getPayload; getResultData; getCorrelationId; getCreatedAt; getUpdatedAt; isQueued; isProcessing; isCompleted; isFailed; isRetrying; canRetry; toArray,"TODO:29,30,31,76,78,81,83,86,88,154,172,173,174",İşlevler: canRetry. Bu dosya için ana raporda ayrı bug atanmadı; hatasız veya production-ready onayı değildir.
src/Domain/Provisioning/Reconciliation/ReconciliationResult.php,Sınıf: ReconciliationResult,Dosya içeriği otomatik statik tarandı; özel davranış kabulü verilmedi,133,273213638688e9d4d98493e0c69b4d4d4114bf08777907f6945df638a451bbc9,,,__construct; exists; notFound; unreachable; getStatus; getOperationUuid; getServiceId; isAccountFound; isExists; isNotFound; isUnreachable; getRemoteData; getMessage; toArray,,"İşlevler: exists, notFound, unreachable. Bu dosya için ana raporda ayrı bug atanmadı; hatasız veya production-ready onayı değildir."
src/Domain/Provisioning/Reconciliation/ReconciliationStatus.php,Sınıf: ReconciliationStatus,Dosya içeriği otomatik statik tarandı; özel davranış kabulü verilmedi,24,93ac6b872b0e5fa65e82a7535755961dd5cb60ce0282418a17cbabce16e8f5e1,,tests/Integration/Chaos/ChaosAndConcurrencySuiteTest.php; tests/Unit/Provisioning/ProvisioningRetryAndReconciliationTest.php,all,,İşlevler: all. Bu dosya için ana raporda ayrı bug atanmadı; hatasız veya production-ready onayı değildir.
src/Domain/Provisioning/Reconciliation/UncertainResponseReconciliationService.php,Sınıf: UncertainResponseReconciliationService,Dosya içeriği otomatik statik tarandı; özel davranış kabulü verilmedi,148,55a6f3d4cbddac921177724369ae165d7ba97bf983330bd62e0ad1c88544ca96,,tests/Integration/Chaos/ChaosAndConcurrencySuiteTest.php; tests/Integration/Golden/GoldenMasterScenariosE2ETest.php; tests/Unit/Provisioning/NoDuplicateRemoteAccountFailureTest.php; tests/Unit/Provisioning/ProvisioningRetryAndReconciliationTest.php,__construct; reconcile,TODO:124,İşlevler: reconcile. Bu dosya için ana raporda ayrı bug atanmadı; hatasız veya production-ready onayı değildir.
src/Domain/Provisioning/Retry/ProvisioningRetryPolicy.php,Sınıf: ProvisioningRetryPolicy,Dosya içeriği otomatik statik tarandı; özel davranış kabulü verilmedi,107,61c78fd8a13dfb827e4f80c00aab15cf2d621997aac8020492cb71ca88d07fdb,,tests/Integration/Chaos/ChaosAndConcurrencySuiteTest.php; tests/Integration/Golden/GoldenMasterScenariosE2ETest.php; tests/Unit/Provisioning/NoDuplicateRemoteAccountFailureTest.php; tests/Unit/Provisioning/ProvisioningRetryAndReconciliationTest.php,__construct; isRetryable; calculateDelaySeconds; calculateNextAttemptAt; getBaseDelaySeconds; getMultiplier; getMaxDelaySeconds; getJitterFactor; getMaxAttempts,"TODO:17,24,29,31,33,41,43,45,47,55,69,71,72,78,103,105","İşlevler: calculateDelaySeconds, calculateNextAttemptAt. Bu dosya için ana raporda ayrı bug atanmadı; hatasız veya production-ready onayı değildir."
src/Domain/Provisioning/Services/ProvisioningOperationService.php,Sınıf: ProvisioningOperationService,Dosya içeriği otomatik statik tarandı; özel davranış kabulü verilmedi,363,f64b64a572234578c22e4a63d1defb43e8314671818dfbbedcb7ac3c98d399f0,,tests/Integration/Chaos/ChaosAndConcurrencySuiteTest.php; tests/Integration/Golden/GoldenMasterScenariosE2ETest.php; tests/Unit/Provisioning/AutomatedHostingGoldenE2ETest.php; tests/Unit/Provisioning/HostingProvisioningWorkflowTest.php; tests/Unit/Provisioning/NoDuplicateRemoteAccountFailureTest.php; tests/Unit/Provisioning/ProvisioningErrorClassificationAndOperationsTest.php; tests/Unit/Provisioning/ProvisioningRetryAndReconciliationTest.php,__construct; ensureTables; queueOperation; recordAttempt; findOperationByUuid; findOperationById; listOperationsForService; findActiveOperationForService; getDueRetryOperations; listAuditLogsForOperation; hydrateOperation; hydrateAuditLog,"DDL:36,64; SQLite syntax:30; Runtime exception:125,138,226; TODO:44,45,46,69,95,103,116,129,131,142,148,154,162,170,178,181,185,189; Domain SQL:103,148,162,189,208,231,237,247,260,267,285,297","İşlevler: ensureTables, queueOperation, recordAttempt, findOperationByUuid, findOperationById, listOperationsForService, findActiveOperationForService, listAuditLogsForOperation, hydrateOperation, hydrateAuditLog. Bu dosya için ana raporda ayrı bug atanmadı; hatasız veya production-ready onayı değildir."
src/Domain/Provisioning/Services/ProvisioningRetryRunner.php,Sınıf: ProvisioningRetryRunner,Dosya içeriği otomatik statik tarandı; özel davranış kabulü verilmedi,153,858905fc9c0523728dc488ff079432d8c640b4883361fd003bd606ab929b9c41,,tests/Integration/Chaos/ChaosAndConcurrencySuiteTest.php; tests/Integration/Golden/GoldenMasterScenariosE2ETest.php; tests/Unit/Provisioning/NoDuplicateRemoteAccountFailureTest.php; tests/Unit/Provisioning/ProvisioningRetryAndReconciliationTest.php,__construct; processDueRetries; processSingleOperation; handleUnreachableNode; executeRetryAttempt,"TODO:84,89,90,92,93,96,99,103,105,112,118","İşlevler: processDueRetries, processSingleOperation, handleUnreachableNode, executeRetryAttempt. Bu dosya için ana raporda ayrı bug atanmadı; hatasız veya production-ready onayı değildir."
src/Domain/Provisioning/Workflows/HostingProvisioningRequest.php,Sınıf: HostingProvisioningRequest,Dosya içeriği otomatik statik tarandı; özel davranış kabulü verilmedi,132,043707affd7d67c6568f869281a81fd635d1e2bed4353a897cf1d30bebd912b7,,tests/Integration/Chaos/ChaosAndConcurrencySuiteTest.php; tests/Unit/Provisioning/HostingProvisioningWorkflowTest.php; tests/Unit/Provisioning/NoDuplicateRemoteAccountFailureTest.php,__construct; getServiceId; getDomain; getUsername; getPassword; getPackageIdentifier; getRequiredDiskMb; getRequiredBandwidthMb; requiresDedicatedIp; getServerPoolId; getLocationId; getPreferredServerId; getProviderSlug; getContactEmail; getMetadata; getCorrelationId; toArray,,İşlevler: requiresDedicatedIp. Bu dosya için ana raporda ayrı bug atanmadı; hatasız veya production-ready onayı değildir.
src/Domain/Provisioning/Workflows/HostingProvisioningResult.php,Sınıf: HostingProvisioningResult,Dosya içeriği otomatik statik tarandı; özel davranış kabulü verilmedi,208,5f1f0a998b715c88c50e6a419494755849a3b51cd5aec316a83e0a99c8bb2f19,,tests/Integration/Chaos/ChaosAndConcurrencySuiteTest.php,__construct; success; failure; isSuccess; getServiceId; getCurrentStep; getCompletedSteps; hasStepCompleted; getServerId; getReservationToken; getRemoteIdentifier; getRemoteIp; getNameservers; getErrorMessage; getErrorCode; getClassification; getOperationUuid; getData; toArray,,"İşlevler: success, failure. Bu dosya için ana raporda ayrı bug atanmadı; hatasız veya production-ready onayı değildir."
src/Domain/Provisioning/Workflows/HostingProvisioningStep.php,Sınıf: HostingProvisioningStep,Dosya içeriği otomatik statik tarandı; özel davranış kabulü verilmedi,30,eca5565e881de10e67e5607396b582e70ab765c1d86acb98c2dbe71aec96abef,,tests/Unit/Provisioning/HostingProvisioningWorkflowTest.php; tests/Unit/Provisioning/NoDuplicateRemoteAccountFailureTest.php,allSteps,,İşlevler: allSteps. Bu dosya için ana raporda ayrı bug atanmadı; hatasız veya production-ready onayı değildir.
src/Domain/Provisioning/Workflows/HostingProvisioningWorkflow.php,Sınıf: HostingProvisioningWorkflow,Dosya içeriği otomatik statik tarandı; özel davranış kabulü verilmedi,504,f1b039dcdb7ab174fa76de979721e5c93025f2efae123f01990b1f00def31d6f,,tests/Integration/Chaos/ChaosAndConcurrencySuiteTest.php; tests/Integration/Golden/GoldenMasterScenariosE2ETest.php; tests/Unit/Provisioning/AutomatedHostingGoldenE2ETest.php; tests/Unit/Provisioning/HostingProvisioningWorkflowTest.php; tests/Unit/Provisioning/NoDuplicateRemoteAccountFailureTest.php; tests/Unit/Provisioning/ProvisioningRetryAndReconciliationTest.php,__construct; execute; generateCpanelUsername; isValidCpanelUsername; generateSecurePassword,"TODO:243,307,375,422; Domain SQL:399","İşlevler: execute, generateCpanelUsername, generateSecurePassword. Bu dosya için ana raporda ayrı bug atanmadı; hatasız veya production-ready onayı değildir."
src/Domain/Release/DependencyGraphAuditResult.php,Sınıf: DependencyGraphAuditResult,Dosya içeriği otomatik statik tarandı; özel davranış kabulü verilmedi,19,cd90fc933c1878af8f7aff5acce8f5e976f916d9e57b1a53b02eee279d9b24b6,,,__construct,,Bu dosya için ana raporda ayrı bug atanmadı; hatasız veya production-ready onayı değildir.
src/Domain/Release/FullReleaseAuditReport.php,Sınıf: FullReleaseAuditReport,Dosya içeriği otomatik statik tarandı; özel davranış kabulü verilmedi,38,5c26935aab0bed25877ac0c5ae77d63124b393cfde71403837526027aaf39c98,,,__construct; toArray,,Bu dosya için ana raporda ayrı bug atanmadı; hatasız veya production-ready onayı değildir.
src/Domain/Release/PhaseGateAuditEntry.php,Sınıf: PhaseGateAuditEntry,Dosya içeriği otomatik statik tarandı; özel davranış kabulü verilmedi,24,cefd44f3002f6c6fff205aac062e80244e6a86bf9c5ae311c773a23130ee99ad,,,__construct,,Bu dosya için ana raporda ayrı bug atanmadı; hatasız veya production-ready onayı değildir.
src/Domain/Release/PredecessorGatesAuditResult.php,Sınıf: PredecessorGatesAuditResult,Dosya içeriği otomatik statik tarandı; özel davranış kabulü verilmedi,20,8435b91422c8cd7c003f93219fb388fd272addc31ba0687fcaa747f9f0132c8e,,,__construct,,Bu dosya için ana raporda ayrı bug atanmadı; hatasız veya production-ready onayı değildir.
src/Domain/Release/ReleasePackageArtifact.php,Sınıf: ReleasePackageArtifact,Dosya içeriği otomatik statik tarandı; özel davranış kabulü verilmedi,127,33448e68abd10d3d42a25028f423ee0c1f14c86a123d9d3bf6f4ecdafe586757,,,__construct; getVersion; getArchivePath; getManifestPath; getSignaturePath; getChecksumsPath; getReleaseNotesPath; getArchiveSha256; getArchiveSizeBytes; getFilesCount; getFileChecksums; getManifestData; getCreatedAt; toArray; jsonSerialize,,Bu dosya için ana raporda ayrı bug atanmadı; hatasız veya production-ready onayı değildir.
src/Domain/Release/ReleasePackagingService.php,Sınıf: ReleasePackagingService,Odaklı kod incelemesi / ana rapor bağlantısı,276,e3abcd501f7a7a82015f5481aa08c1ef6f78b39f2c6b5818b4c162d020121f0c,F13 F33,tests/Integration/ReleasePackage/ReleasePackagingAndSignatureSuiteTest.php,__construct; buildPackage; verifyPackageArchive; deleteDirectory,"Runtime exception:56,110","İşlevler: buildPackage, verifyPackageArchive, deleteDirectory."
src/Domain/Release/ReleaseVerificationReport.php,Sınıf: ReleaseVerificationReport,Dosya içeriği otomatik statik tarandı; özel davranış kabulü verilmedi,107,c3efcad1064f57db471efcb1ec3eed79f9e663f96960277d2ff40139afe6778f,,,__construct; isValid; getVersion; isSignatureValid; isChecksumsValid; getTamperedFiles; getMissingFiles; getErrorMessage; getMetadata; toArray; jsonSerialize,,Bu dosya için ana raporda ayrı bug atanmadı; hatasız veya production-ready onayı değildir.
src/Domain/Release/ScopeFreezeAuditResult.php,Sınıf: ScopeFreezeAuditResult,Dosya içeriği otomatik statik tarandı; özel davranış kabulü verilmedi,24,e23dc51b0ee0487ce821c2598f527cc0b0434697933535da810bac535214cdec,,,__construct,,Bu dosya için ana raporda ayrı bug atanmadı; hatasız veya production-ready onayı değildir.
src/Domain/Release/V1ScopeFreezeAuditService.php,Sınıf: V1ScopeFreezeAuditService,Dosya içeriği otomatik statik tarandı; özel davranış kabulü verilmedi,363,fbd529cddf97326ce0ec99a2a9972e2e51674abb9e8deff8d6b5828241596a2c,,tests/Integration/ReleaseCandidate/ReleaseCandidateSoakAndGateApprovalTest.php; tests/Unit/Release/V1ScopeFreezeAuditTest.php,auditPredecessorGates; auditDependencyGraph; auditScopeFreeze; runFullV1Audit; extractDecisionStatus; extractEvaluationDate,"Runtime exception:292,326","İşlevler: auditPredecessorGates, auditDependencyGraph, auditScopeFreeze, runFullV1Audit, extractDecisionStatus, extractEvaluationDate. Bu dosya için ana raporda ayrı bug atanmadı; hatasız veya production-ready onayı değildir."
src/Domain/Servers/Capacity/Entities/CapacityReservation.php,Sınıf: CapacityReservation,Dosya içeriği otomatik statik tarandı; özel davranış kabulü verilmedi,172,05430f837761b03a6140fef04948ce58694dc4e46c0e38829fc723fa43eca2d1,,tests/Integration/Chaos/ChaosAndConcurrencySuiteTest.php; tests/Unit/Provisioning/HostingProvisioningWorkflowTest.php; tests/Unit/Servers/CapacityReservationWorkflowTest.php,__construct; getId; getToken; getReservationToken; getServerId; getServerPoolId; getServiceId; getOrderId; getOrderItemId; getAccountsCount; getDiskMb; getBandwidthMb; getStatus; getReleaseReason; getExpiresAt; getCommittedAt; getReleasedAt; getCreatedAt; isReserved; isCommitted; isReleased; isExpired; hasExpired; toArray,,Bu dosya için ana raporda ayrı bug atanmadı; hatasız veya production-ready onayı değildir.
src/Domain/Servers/Capacity/Exceptions/CapacityExceededException.php,Sınıf: CapacityExceededException,Dosya içeriği otomatik statik tarandı; özel davranış kabulü verilmedi,28,bcf6ad238ade0d54057d085dea9a5e14dc43d9e45f02b0fc75e7ce738dd76acc,,tests/Integration/Chaos/ChaosAndConcurrencySuiteTest.php; tests/Unit/Servers/CapacityReservationWorkflowTest.php,__construct,,Bu dosya için ana raporda ayrı bug atanmadı; hatasız veya production-ready onayı değildir.
src/Domain/Servers/Capacity/Exceptions/ReservationException.php,Sınıf: ReservationException,Dosya içeriği otomatik statik tarandı; özel davranış kabulü verilmedi,35,432390d00399ed052742ff581f23252c8893991b099ece6863e51216bd23169c,,tests/Integration/Chaos/ChaosAndConcurrencySuiteTest.php; tests/Unit/Servers/CapacityReservationWorkflowTest.php,__construct; getErrorCode; getContext,,Bu dosya için ana raporda ayrı bug atanmadı; hatasız veya production-ready onayı değildir.
src/Domain/Servers/Capacity/Services/CapacityReservationService.php,Sınıf: CapacityReservationService,Odaklı kod incelemesi / ana rapor bağlantısı,323,b29a9add0ac0e7969b32bd03d3d9a05387fa27b618df3cc1e7c15ee6caf856ef,F16,tests/Integration/Chaos/ChaosAndConcurrencySuiteTest.php; tests/Integration/Golden/GoldenMasterScenariosE2ETest.php; tests/Unit/Provisioning/AutomatedHostingGoldenE2ETest.php; tests/Unit/Provisioning/HostingProvisioningWorkflowTest.php; tests/Unit/Provisioning/NoDuplicateRemoteAccountFailureTest.php; tests/Unit/Provisioning/ProvisioningRetryAndReconciliationTest.php; tests/Unit/Servers/CapacityReservationWorkflowTest.php,__construct; ensureTables; reserve; commit; release; expireStaleReservations; findReservationByToken; findReservationById; findActiveReservationForService; listReservationsForServer; hydrate,"DDL:34; SQLite syntax:29; Runtime exception:146,197,233; TODO:59; Domain SQL:123,187,228,246,262,268,275,286","İşlevler: ensureTables, reserve, commit, release, expireStaleReservations, findReservationByToken, findReservationById, findActiveReservationForService, listReservationsForServer, hydrate."
src/Domain/Servers/Entities/Location.php,Sınıf: Location,Dosya içeriği otomatik statik tarandı; özel davranış kabulü verilmedi,77,3a7c4c92a27a6620b657cf58fe0a16d607cb34314675d8f62b8fa19a4c2d3a88,,tests/Unit/Servers/PlacementEngineTest.php; tests/Unit/Servers/ServerAndCapacityTest.php,__construct; getId; getName; getSlug; getCountryCode; getCity; getDatacenter; isActive; getCreatedAt; toArray,,Bu dosya için ana raporda ayrı bug atanmadı; hatasız veya production-ready onayı değildir.
src/Domain/Servers/Entities/Server.php,Sınıf: Server,Dosya içeriği otomatik statik tarandı; özel davranış kabulü verilmedi,226,2ff915b8688cbd37f99d6af0d8e989e247f6e8995d6ccd047e0da877c069614b,,tests/Integration/Chaos/ChaosAndConcurrencySuiteTest.php; tests/Integration/Golden/GoldenMasterScenariosE2ETest.php; tests/Unit/Providers/Cpanel/CpanelCoreAndHealthTest.php; tests/Unit/Provisioning/AutomatedHostingGoldenE2ETest.php; tests/Unit/Provisioning/NoDuplicateRemoteAccountFailureTest.php; tests/Unit/Servers/CapacityReservationWorkflowTest.php; tests/Unit/Servers/PlacementEngineTest.php; tests/Unit/Servers/ServerAndCapacityTest.php,__construct; getId; getName; getHostname; getIpAddress; getProviderSlug; getServerPoolId; getLocationId; getStatus; getCapacity; getPort; isSecure; getAuthType; getAuthSecret; getAssignedIpPool; getMetadata; getCreatedAt; isActive; isMaintenance; isDisabled; isFull; canAcceptPlacement; getMaskedSecret; toServerConnectionDto; supportedStatuses; isValidStatus; toArray,,"İşlevler: canAcceptPlacement, supportedStatuses. Bu dosya için ana raporda ayrı bug atanmadı; hatasız veya production-ready onayı değildir."
src/Domain/Servers/Entities/ServerCapacity.php,Sınıf: ServerCapacity,Dosya içeriği otomatik statik tarandı; özel davranış kabulü verilmedi,187,5fc5cf5978b622bb8c5fd33c8158389037e19b83837f2e37567190e2a15d67d1,,tests/Unit/Servers/PlacementEngineTest.php; tests/Unit/Servers/ServerAndCapacityTest.php,__construct; getMaxAccounts; getUsedAccounts; getDiskCapacityMb; getDiskUsedMb; getBandwidthCapacityMb; getBandwidthUsedMb; getMemoryCapacityMb; getMemoryUsedMb; getAvailableAccounts; getAccountUsagePercent; getDiskUsagePercent; getBandwidthUsagePercent; hasAccountHeadroom; hasDiskHeadroom; hasBandwidthHeadroom; canAcceptPlacement; isAtCapacity; calculateLoadScore; increment; decrement; toArray,,"İşlevler: canAcceptPlacement, calculateLoadScore, increment, decrement. Bu dosya için ana raporda ayrı bug atanmadı; hatasız veya production-ready onayı değildir."
src/Domain/Servers/Entities/ServerPool.php,Sınıf: ServerPool,Dosya içeriği otomatik statik tarandı; özel davranış kabulü verilmedi,113,e254c053a13cb86ecf6fe3a096814501bfac989592123f0694fb60ac532767b8,,tests/Unit/Servers/PlacementEngineTest.php; tests/Unit/Servers/ServerAndCapacityTest.php,__construct; getId; getName; getSlug; getProviderSlug; getLocationId; getStrategy; isActive; getMetadata; getCreatedAt; supportedStrategies; isValidStrategy; toArray,,İşlevler: supportedStrategies. Bu dosya için ana raporda ayrı bug atanmadı; hatasız veya production-ready onayı değildir.
src/Domain/Servers/Placement/DefaultServerHealthChecker.php,Sınıf: DefaultServerHealthChecker,Dosya içeriği otomatik statik tarandı; özel davranış kabulü verilmedi,49,d37ed2d720dbe8e7902dde2d98c27c9fcfefd1a16de932dfcef60a9336f1ef16,,tests/Unit/Servers/PlacementEngineTest.php,setSimulatedHealth; checkHealth,"Simulation:12,14,16,21,22,23,24","İşlevler: setSimulatedHealth, checkHealth. Bu dosya için ana raporda ayrı bug atanmadı; hatasız veya production-ready onayı değildir."
src/Domain/Servers/Placement/PlacementDecision.php,Sınıf: PlacementDecision,Dosya içeriği otomatik statik tarandı; özel davranış kabulü verilmedi,140,ade0864a455b60797123ac91ed85e20366e167bdb52464dac9ba2b95438abfc3,,tests/Integration/Chaos/ChaosAndConcurrencySuiteTest.php; tests/Unit/Servers/PlacementEngineTest.php,__construct; selected; rejected; isSuccessful; getSelectedServer; getServerPool; getLocation; getStrategyUsed; getCandidatesEvaluated; getRejectionReasons; getMessage; getDecidedAt; toArray,,"İşlevler: selected, rejected. Bu dosya için ana raporda ayrı bug atanmadı; hatasız veya production-ready onayı değildir."
src/Domain/Servers/Placement/PlacementEngine.php,Sınıf: PlacementEngine,Dosya içeriği otomatik statik tarandı; özel davranış kabulü verilmedi,200,c3f7217bac7c4ddee39a47b9127a15c2d90d56ebf24b7156c2c810ebf74bf5d8,,tests/Integration/Chaos/ChaosAndConcurrencySuiteTest.php; tests/Integration/Golden/GoldenMasterScenariosE2ETest.php; tests/Unit/Provisioning/AutomatedHostingGoldenE2ETest.php; tests/Unit/Provisioning/HostingProvisioningWorkflowTest.php; tests/Unit/Provisioning/NoDuplicateRemoteAccountFailureTest.php; tests/Unit/Provisioning/ProvisioningRetryAndReconciliationTest.php; tests/Unit/Servers/PlacementEngineTest.php,__construct; registerStrategy; getStrategy; selectServer; resolveLocation,"Domain SQL:56,174","İşlevler: registerStrategy, selectServer, resolveLocation. Bu dosya için ana raporda ayrı bug atanmadı; hatasız veya production-ready onayı değildir."
src/Domain/Servers/Placement/PlacementRequest.php,Sınıf: PlacementRequest,Dosya içeriği otomatik statik tarandı; özel davranış kabulü verilmedi,104,0a72ace8858d4b2910d9755dcf883197a808888eb6dabd342c9a8c9c76d1515d,,tests/Integration/Chaos/ChaosAndConcurrencySuiteTest.php; tests/Unit/Servers/PlacementEngineTest.php,__construct; getServiceId; getProductId; getServerPoolId; getProviderSlug; getLocationId; getRequiredDiskMb; getRequiredBandwidthMb; getRequiredMemoryMb; requiresDedicatedIp; getPreferredServerId; getMetadata; toArray,,İşlevler: requiresDedicatedIp. Bu dosya için ana raporda ayrı bug atanmadı; hatasız veya production-ready onayı değildir.
src/Domain/Servers/Placement/ServerHealthCheckerInterface.php,Sözleşme: ServerHealthCheckerInterface,Dosya içeriği otomatik statik tarandı; özel davranış kabulü verilmedi,12,e8a0b43856c8f9a4ab4743e258fda5330814f8824a899ff53caa56f8f36da7a9,,,checkHealth,,İşlevler: checkHealth. Bu dosya için ana raporda ayrı bug atanmadı; hatasız veya production-ready onayı değildir.
src/Domain/Servers/Placement/ServerHealthResult.php,Sınıf: ServerHealthResult,Dosya içeriği otomatik statik tarandı; özel davranış kabulü verilmedi,65,6a60ffef101adff2bb14fdbcf701e7f9cd8971f385fadb2bce5e1350d7670892,,,__construct; healthy; unhealthy; isHealthy; getMessage; getResponseTimeMs; getDetails; toArray,,"İşlevler: healthy, unhealthy. Bu dosya için ana raporda ayrı bug atanmadı; hatasız veya production-ready onayı değildir."
src/Domain/Servers/Placement/Strategies/FillFirstStrategy.php,Sınıf: FillFirstStrategy,Dosya içeriği otomatik statik tarandı; özel davranış kabulü verilmedi,39,dd7a86eb972cc3bbcbe61a5932f69ee73f41cd47009f19e8281cbfb6fed83550,,,getName; selectServer,,İşlevler: selectServer. Bu dosya için ana raporda ayrı bug atanmadı; hatasız veya production-ready onayı değildir.
src/Domain/Servers/Placement/Strategies/LeastLoadedStrategy.php,Sınıf: LeastLoadedStrategy,Dosya içeriği otomatik statik tarandı; özel davranış kabulü verilmedi,43,d96549142496250959b43121b4f25ad0d4f37c2dcc0da07d9150adb74bdb04e5,,,getName; selectServer,,İşlevler: selectServer. Bu dosya için ana raporda ayrı bug atanmadı; hatasız veya production-ready onayı değildir.
src/Domain/Servers/Placement/Strategies/PlacementStrategyInterface.php,Sözleşme: PlacementStrategyInterface,Dosya içeriği otomatik statik tarandı; özel davranış kabulü verilmedi,18,64493c0391079c1ba2256ec1054bdbc41dbbc0421d73e8be3d5d26f8b26b02b6,,,getName; selectServer,,İşlevler: selectServer. Bu dosya için ana raporda ayrı bug atanmadı; hatasız veya production-ready onayı değildir.
src/Domain/Servers/Placement/Strategies/RandomStrategy.php,Sınıf: RandomStrategy,Dosya içeriği otomatik statik tarandı; özel davranış kabulü verilmedi,33,3522383c1fd5a0e910c25480dc2ec872c5a137fe2fca9edd89cc31d7dbdf1206,,,getName; selectServer,,İşlevler: selectServer. Bu dosya için ana raporda ayrı bug atanmadı; hatasız veya production-ready onayı değildir.
src/Domain/Servers/Placement/Strategies/RoundRobinStrategy.php,Sınıf: RoundRobinStrategy,Dosya içeriği otomatik statik tarandı; özel davranış kabulü verilmedi,43,fea65a529f600b620975e24bf963675c4c40f5b806786160d7150fd485cca87d,,tests/Unit/Servers/PlacementEngineTest.php,getName; selectServer; resetCounter,,"İşlevler: selectServer, resetCounter. Bu dosya için ana raporda ayrı bug atanmadı; hatasız veya production-ready onayı değildir."
src/Domain/Servers/Services/ServerService.php,Sınıf: ServerService,Odaklı kod incelemesi / ana rapor bağlantısı,687,3d38ac3b75b9ffd5ee9f846941d7c8c31bbffc871c6dd28c5d176965644cbbef,F09,tests/Integration/Chaos/ChaosAndConcurrencySuiteTest.php; tests/Integration/Golden/GoldenMasterScenariosE2ETest.php; tests/Unit/Provisioning/AutomatedHostingGoldenE2ETest.php; tests/Unit/Provisioning/HostingProvisioningWorkflowTest.php; tests/Unit/Provisioning/NoDuplicateRemoteAccountFailureTest.php; tests/Unit/Provisioning/ProvisioningRetryAndReconciliationTest.php; tests/Unit/Servers/CapacityReservationWorkflowTest.php; tests/Unit/Servers/PlacementEngineTest.php; tests/Unit/Servers/ServerAndCapacityTest.php,__construct; ensureTables; createLocation; updateLocation; findLocationById; findLocationBySlug; listLocations; createPool; updatePool; findPoolById; findPoolBySlug; listPools; createServer; updateServer; findServerById; findServerByHostname; listServers; incrementAccountCount; decrementAccountCount; updateServerUsage; setServerStatus; checkCapacity; hydrateLocation; hydratePool; hydrateServer,"DDL:36,53,71; SQLite syntax:30; Runtime exception:139,151,166,251,263,284,403,415,469,526,548,575,595; Domain SQL:131,161,171,177,186,234,279,289,295,304,371,446,474,480,489,519,541,568","İşlevler: ensureTables, createLocation, updateLocation, findLocationById, findLocationBySlug, listLocations, createPool, updatePool, findPoolById, findPoolBySlug, listPools, createServer, updateServer, findServerById, findServerByHostname, listServers, incrementAccountCount, decrementAccountCount, updateServerUsage, setServerStatus, checkCapacity, hydrateLocation, hydratePool, hydrateServer."
src/Domain/Support/Announcements/Announcement.php,Sınıf: Announcement,Dosya içeriği otomatik statik tarandı; özel davranış kabulü verilmedi,208,9f2bf6a6dca4551bf82e22261b7aa3de9f8ce07277e39683fe5b5f1656a378ce,,tests/Unit/Support/CannedResponsesAndAnnouncementsTest.php; tests/Unit/Support/SupportGoldenE2ETest.php,__construct; getId; getTitle; getSlug; getContent; getType; isPublic; isActive; isPinned; getPublishedAt; getExpiresAt; getMetadata; getCreatedAt; getUpdatedAt; isPublished; isExpired; isLive; getTypeBadgeClass; toArray; fromArray,,İşlevler: fromArray. Bu dosya için ana raporda ayrı bug atanmadı; hatasız veya production-ready onayı değildir.
src/Domain/Support/Announcements/AnnouncementService.php,Sınıf: AnnouncementService,Dosya içeriği otomatik statik tarandı; özel davranış kabulü verilmedi,340,f9ba77b3cd13edfe20a29abc09f3294383d284852477e012067a4cb45fa25d32,,tests/Unit/Support/CannedResponsesAndAnnouncementsTest.php; tests/Unit/Support/SupportGoldenE2ETest.php,__construct; ensureTables; create; update; delete; get; require; getBySlug; listLiveAnnouncements; slugify,"DDL:29; SQLite syntax:24; Domain SQL:267,290,322","İşlevler: ensureTables, create, update, delete, require, listLiveAnnouncements, slugify. Bu dosya için ana raporda ayrı bug atanmadı; hatasız veya production-ready onayı değildir."
src/Domain/Support/Assignments/TicketAssignmentLog.php,Sınıf: TicketAssignmentLog,Dosya içeriği otomatik statik tarandı; özel davranış kabulü verilmedi,106,2a1b59dd9f3d5e7c6c6bee3a4249f6d2c94c27c6cfd7b5eb34b02754fadddc99,,,__construct; getId; getTicketId; getPreviousAssignedTo; getNewAssignedTo; getAssignedByUserId; getStrategy; getReason; getCreatedAt; toArray; fromArray,,İşlevler: fromArray. Bu dosya için ana raporda ayrı bug atanmadı; hatasız veya production-ready onayı değildir.
src/Domain/Support/Assignments/TicketAssignmentService.php,Sınıf: TicketAssignmentService,Dosya içeriği otomatik statik tarandı; özel davranış kabulü verilmedi,342,f4868f0ce5a4c8c1d75e4af137c9a20a4569dff8d9bda9e349716f6818cca7dc,,tests/Unit/Support/SupportGoldenE2ETest.php; tests/Unit/Support/TicketAssignmentTest.php,__construct; ensureTables; assignManual; unassign; assignRoundRobin; assignLeastLoaded; autoAssign; getAssignmentHistory; recordLog,"DDL:40,56; SQLite syntax:35; Domain SQL:158,177,240,298","İşlevler: ensureTables, assignManual, unassign, assignRoundRobin, assignLeastLoaded, autoAssign, recordLog. Bu dosya için ana raporda ayrı bug atanmadı; hatasız veya production-ready onayı değildir."
src/Domain/Support/Attachments/AttachmentSecurityPolicy.php,Sınıf: AttachmentSecurityPolicy,Dosya içeriği otomatik statik tarandı; özel davranış kabulü verilmedi,161,9c3054fd5c50dd191bb6218eeca2d67e5a8f9a7b29febdf939f5ea11da164aed,,tests/Unit/Support/AttachmentSecurityAndStorageTest.php; tests/Unit/Support/SupportGoldenE2ETest.php,__construct; validate; sanitizeFilename; detectMimeType; getMaxSizeBytes,,"İşlevler: validate, sanitizeFilename, detectMimeType. Bu dosya için ana raporda ayrı bug atanmadı; hatasız veya production-ready onayı değildir."
src/Domain/Support/Attachments/AttachmentService.php,Sınıf: AttachmentService,Dosya içeriği otomatik statik tarandı; özel davranış kabulü verilmedi,255,f6e73d5cfe303a2b2c05ac1d7ccde9a86f3c6e65af28708c216e890b084e4e72,,tests/Unit/Support/AttachmentSecurityAndStorageTest.php; tests/Unit/Support/SupportGoldenE2ETest.php,__construct; getSecurityPolicy; ensureTables; attachFile; getAttachment; requireAttachment; getTicketAttachments; getMessageAttachments; readContent; deleteAttachment; canAccess,"DDL:37; SQLite syntax:32; Runtime exception:104,215,220; Domain SQL:148,178,194","İşlevler: ensureTables, attachFile, requireAttachment, readContent, deleteAttachment, canAccess. Bu dosya için ana raporda ayrı bug atanmadı; hatasız veya production-ready onayı değildir."
src/Domain/Support/Attachments/AttachmentStorageInterface.php,Sözleşme: AttachmentStorageInterface,Dosya içeriği otomatik statik tarandı; özel davranış kabulü verilmedi,16,cb24132aafff4be3d3e013af9512faac0a80f853eac3270919ee7fa65368319d,,,put; get; exists; delete,,"İşlevler: put, exists, delete. Bu dosya için ana raporda ayrı bug atanmadı; hatasız veya production-ready onayı değildir."
src/Domain/Support/Attachments/InMemoryAttachmentStorage.php,Sınıf: InMemoryAttachmentStorage,Dosya içeriği otomatik statik tarandı; özel davranış kabulü verilmedi,47,a02170b0ead9749edfceec1767d02de19162cebe1edf7c270f24278555fdee83,,tests/Unit/Support/AttachmentSecurityAndStorageTest.php; tests/Unit/Support/SupportGoldenE2ETest.php,put; get; exists; delete; count; clear,Simulation:7,"İşlevler: put, exists, delete, count, clear. Bu dosya için ana raporda ayrı bug atanmadı; hatasız veya production-ready onayı değildir."
src/Domain/Support/Attachments/PrivateAttachmentStorage.php,Sınıf: PrivateAttachmentStorage,Dosya içeriği otomatik statik tarandı; özel davranış kabulü verilmedi,81,be83f543b9d8e1a1c048d650531b2b8412fc1b44cc2fb30ec42f54ce6dbe6756,,tests/Unit/Support/AttachmentSecurityAndStorageTest.php,__construct; put; get; exists; delete; getBaseDirectory; resolveFullPath,,"İşlevler: put, exists, delete, resolveFullPath. Bu dosya için ana raporda ayrı bug atanmadı; hatasız veya production-ready onayı değildir."
src/Domain/Support/Attachments/TicketAttachment.php,Sınıf: TicketAttachment,Dosya içeriği otomatik statik tarandı; özel davranış kabulü verilmedi,148,ef7b08d4e6dc0e60e6b31505d3c9b18bdec8f5a2ec261a307d2666baac15d11a,,tests/Unit/Support/AttachmentSecurityAndStorageTest.php,__construct; getId; getTicketId; getUserId; getOriginalFilename; getStorageKey; getFileSizeBytes; getMimeType; getSha256Hash; isPrivate; getMessageId; getMetadata; getCreatedAt; toArray; fromArray,,İşlevler: fromArray. Bu dosya için ana raporda ayrı bug atanmadı; hatasız veya production-ready onayı değildir.
src/Domain/Support/CannedResponses/CannedResponse.php,Sınıf: CannedResponse,Dosya içeriği otomatik statik tarandı; özel davranış kabulü verilmedi,147,f345add8bef3c627d89af3cfa631b919e5f733d0f501f63d910ddd50f42ca664,,tests/Unit/Support/CannedResponsesAndAnnouncementsTest.php,__construct; getId; getTitle; getContent; getShortcut; getDepartmentId; isActive; getMetadata; getCreatedAt; getUpdatedAt; render; toArray; fromArray,,"İşlevler: render, fromArray. Bu dosya için ana raporda ayrı bug atanmadı; hatasız veya production-ready onayı değildir."
src/Domain/Support/CannedResponses/CannedResponseService.php,Sınıf: CannedResponseService,Dosya içeriği otomatik statik tarandı; özel davranış kabulü verilmedi,283,c42249c892ea0e75330bbe1b5d594336c4fe39644fd7ee2d0476d85da6da0141,,tests/Unit/Support/CannedResponsesAndAnnouncementsTest.php; tests/Unit/Support/SupportGoldenE2ETest.php,__construct; ensureTables; create; update; delete; get; require; findByShortcut; listResponses,"DDL:31; SQLite syntax:26; TODO:64; Domain SQL:220,246,251,277","İşlevler: ensureTables, create, update, delete, require, findByShortcut, listResponses. Bu dosya için ana raporda ayrı bug atanmadı; hatasız veya production-ready onayı değildir."
src/Domain/Support/Context/CommandExecutionResult.php,Sınıf: CommandExecutionResult,Dosya içeriği otomatik statik tarandı; özel davranış kabulü verilmedi,58,5609b6ba5f611048b84a2fa0b65e1645642120dd7dcc6d8e53da7732299807dc,,tests/Unit/Support/TicketContextAndRelationsTest.php,__construct; successful; failed; toArray,,"İşlevler: successful, failed. Bu dosya için ana raporda ayrı bug atanmadı; hatasız veya production-ready onayı değildir."
src/Domain/Support/Context/InMemoryTicketContextProvider.php,Sınıf: InMemoryTicketContextProvider,Dosya içeriği otomatik statik tarandı; özel davranış kabulü verilmedi,72,629a47799577ee451122d2e3bc807d627091dccb2895d8aca7502579bf714b95,,tests/Unit/Support/SupportGoldenE2ETest.php; tests/Unit/Support/TicketContextAndRelationsTest.php,setService; setDomain; setInvoice; setOrder; getServiceContext; getDomainContext; getInvoiceContext; getOrderContext,Simulation:7,"İşlevler: setService, setDomain, setInvoice, setOrder. Bu dosya için ana raporda ayrı bug atanmadı; hatasız veya production-ready onayı değildir."
src/Domain/Support/Context/TicketContextCommandHandlerInterface.php,Sözleşme: TicketContextCommandHandlerInterface,Dosya içeriği otomatik statik tarandı; özel davranış kabulü verilmedi,15,a2a63f91af7550dab55841d0676c098d4888d44941c0399ab48cdcdf21cd58c3,,tests/Unit/Support/TicketContextAndRelationsTest.php,supports; handle,,"İşlevler: supports, handle. Bu dosya için ana raporda ayrı bug atanmadı; hatasız veya production-ready onayı değildir."
src/Domain/Support/Context/TicketContextProviderInterface.php,Sözleşme: TicketContextProviderInterface,Dosya içeriği otomatik statik tarandı; özel davranış kabulü verilmedi,28,06babdf70c9149d26b3d2480013b5fd3bef4a89f2b91d5c428fdd3d4070037dc,,,getServiceContext; getDomainContext; getInvoiceContext; getOrderContext,,Bu dosya için ana raporda ayrı bug atanmadı; hatasız veya production-ready onayı değildir.
src/Domain/Support/Context/TicketContextService.php,Sınıf: TicketContextService,Odaklı kod incelemesi / ana rapor bağlantısı,211,17b651916cfd02e64a5c2c2e3173298533b0b6a2347a4cb73454dd43d45e5c44,F21,tests/Unit/Support/SupportGoldenE2ETest.php; tests/Unit/Support/TicketContextAndRelationsTest.php,__construct; ensureTables; registerCommandHandler; getContextSummary; executeCommand; getCommandLogs; resolveResourceForAction; handleBuiltinAction,DDL:35; SQLite syntax:30; Domain SQL:148,"İşlevler: ensureTables, registerCommandHandler, executeCommand, resolveResourceForAction, handleBuiltinAction."
src/Domain/Support/Context/TicketContextSummary.php,Sınıf: TicketContextSummary,Dosya içeriği otomatik statik tarandı; özel davranış kabulü verilmedi,57,54003945911be2ab39df75a9f617ad3a5b69a943295afaee3ef309a53f96843d,,,__construct; hasService; hasDomain; hasInvoice; hasOrder; toArray,,Bu dosya için ana raporda ayrı bug atanmadı; hatasız veya production-ready onayı değildir.
src/Domain/Support/Departments/Department.php,Sınıf: Department,Dosya içeriği otomatik statik tarandı; özel davranış kabulü verilmedi,138,2581e20e67067c0bf55d2e6b5e9ba9f264bfcbe458acabd9d951a87653e37782,,tests/Unit/Support/CannedResponsesAndAnnouncementsTest.php; tests/Unit/Support/DepartmentAndStatusPriorityTest.php; tests/Unit/Support/OrganizationTicketPermissionsTest.php; tests/Unit/Support/SlaSchedulerTest.php; tests/Unit/Support/TicketAssignmentTest.php; tests/Unit/Support/TicketContextAndRelationsTest.php; tests/Unit/Support/TicketConversationTest.php,__construct; getId; getName; getDescription; getEmail; isPublic; isActive; getSortOrder; getMetadata; getCreatedAt; getUpdatedAt; toArray; fromArray,,İşlevler: fromArray. Bu dosya için ana raporda ayrı bug atanmadı; hatasız veya production-ready onayı değildir.
src/Domain/Support/Departments/DepartmentAgent.php,Sınıf: DepartmentAgent,Dosya içeriği otomatik statik tarandı; özel davranış kabulü verilmedi,138,c84dc0f8f5f213204569564558361068e0431635429f17365259296555651242,,tests/Unit/Support/DepartmentAndStatusPriorityTest.php,__construct; getId; getDepartmentId; getUserId; getRole; canAssign; receivesNotifications; isActive; getMetadata; getCreatedAt; getUpdatedAt; toArray; fromArray,,"İşlevler: canAssign, receivesNotifications, fromArray. Bu dosya için ana raporda ayrı bug atanmadı; hatasız veya production-ready onayı değildir."
src/Domain/Support/Departments/DepartmentService.php,Sınıf: DepartmentService,Dosya içeriği otomatik statik tarandı; özel davranış kabulü verilmedi,544,d4f251223358add8a25426c6ed9f46a462c9f701042decaa068c1c0653f49c9a,,tests/Unit/Support/CannedResponsesAndAnnouncementsTest.php; tests/Unit/Support/DepartmentAndStatusPriorityTest.php; tests/Unit/Support/OrganizationTicketPermissionsTest.php; tests/Unit/Support/SlaSchedulerTest.php; tests/Unit/Support/SupportGoldenE2ETest.php; tests/Unit/Support/TicketAssignmentTest.php; tests/Unit/Support/TicketContextAndRelationsTest.php; tests/Unit/Support/TicketConversationTest.php,__construct; ensureTables; createDepartment; updateDepartment; deleteDepartment; getDepartment; requireDepartment; findByName; listDepartments; assignAgent; removeAgent; updateAgentMembership; getDepartmentAgents; getAgentDepartments; isAgentInDepartment; getAssignableAgents,"DDL:30,48; SQLite syntax:25; Domain SQL:261,288,315,343,427,489,505,519,536","İşlevler: ensureTables, createDepartment, updateDepartment, deleteDepartment, requireDepartment, findByName, listDepartments, assignAgent, removeAgent, updateAgentMembership. Bu dosya için ana raporda ayrı bug atanmadı; hatasız veya production-ready onayı değildir."
src/Domain/Support/Permissions/SupportUserContext.php,Sınıf: SupportUserContext,Dosya içeriği otomatik statik tarandı; özel davranış kabulü verilmedi,180,5b1b3584249580cf484594b29a563c1d4833aab8bcb5269d9134492db85c1a28,,tests/Unit/Support/OrganizationTicketPermissionsTest.php; tests/Unit/Support/SupportGoldenE2ETest.php,__construct; getUserId; isStaff; isSuperAdmin; getActiveOrganizationId; getOrganizationRole; getPermissions; getDepartmentIds; hasPermission; isOrgOwnerOrAdmin; canViewAllOrgTickets; superAdmin; supportAgent; orgOwner; orgAdmin; orgMember; individual,,"İşlevler: canViewAllOrgTickets, superAdmin, supportAgent, orgOwner, orgAdmin, orgMember, individual. Bu dosya için ana raporda ayrı bug atanmadı; hatasız veya production-ready onayı değildir."
src/Domain/Support/Permissions/TicketPermissionService.php,Sınıf: TicketPermissionService,Dosya içeriği otomatik statik tarandı; özel davranış kabulü verilmedi,163,53a5b1c9cb3427f2e5af83af44c8183f0f8fb932a1821d5b62c979e59397e279,,tests/Unit/Support/OrganizationTicketPermissionsTest.php; tests/Unit/Support/SupportGoldenE2ETest.php,canView; canReply; canManage; assertCanView; assertCanReply; assertCanManage; filterAuthorizedTickets; getAuthorizedQueryFilters,,"İşlevler: canView, canReply, canManage, assertCanView, assertCanReply, assertCanManage, filterAuthorizedTickets. Bu dosya için ana raporda ayrı bug atanmadı; hatasız veya production-ready onayı değildir."
src/Domain/Support/Sla/SlaBreachResult.php,Sınıf: SlaBreachResult,Dosya içeriği otomatik statik tarandı; özel davranış kabulü verilmedi,31,d1f07f30bdcbce6deba4a9ef018b6e5de5e986aca0550e2b1c2d23005263cc23,,,__construct; hasBreaches; totalBreaches,,Bu dosya için ana raporda ayrı bug atanmadı; hatasız veya production-ready onayı değildir.
src/Domain/Support/Sla/SlaPolicy.php,Sınıf: SlaPolicy,Dosya içeriği otomatik statik tarandı; özel davranış kabulü verilmedi,218,e7c8ecc2ba13392f5614dd6b1331e8649ec1961aa72fea43cbe21de9dd6f05e3,,tests/Unit/Support/SlaSchedulerTest.php,__construct; getId; getName; getDescription; getDepartmentId; getCriticalFirstResponseMinutes; getCriticalResolutionMinutes; getHighFirstResponseMinutes; getHighResolutionMinutes; getMediumFirstResponseMinutes; getMediumResolutionMinutes; getLowFirstResponseMinutes; getLowResolutionMinutes; isDefault; isActive; getMetadata; getCreatedAt; getUpdatedAt; getTargetsForPriority; toArray; fromArray,,İşlevler: fromArray. Bu dosya için ana raporda ayrı bug atanmadı; hatasız veya production-ready onayı değildir.
src/Domain/Support/Sla/SlaService.php,Sınıf: SlaService,Dosya içeriği otomatik statik tarandı; özel davranış kabulü verilmedi,460,37c665851c911417c5c394ab1bdabacbe82001c5029e78cee73b71ec0ef9e75a,,tests/Unit/Support/SlaSchedulerTest.php; tests/Unit/Support/SupportGoldenE2ETest.php,__construct; ensureTables; createPolicy; getPolicy; resolvePolicyForDepartment; initializeTicketSla; recordFirstResponse; recordResolution; pauseSla; resumeSla; evaluateBreaches; getTicketSla,"DDL:34,59; SQLite syntax:29; Domain SQL:152,163,172,373,454","İşlevler: ensureTables, createPolicy, resolvePolicyForDepartment, initializeTicketSla, recordFirstResponse, recordResolution, pauseSla, resumeSla, evaluateBreaches. Bu dosya için ana raporda ayrı bug atanmadı; hatasız veya production-ready onayı değildir."
src/Domain/Support/Sla/TicketSla.php,Sınıf: TicketSla,Dosya içeriği otomatik statik tarandı; özel davranış kabulü verilmedi,169,7a53c3c5f2c2fff79af1bb2bbf930df53925563028382e81e58630054d309d22,,tests/Unit/Support/SlaSchedulerTest.php; tests/Unit/Support/SupportGoldenE2ETest.php,__construct; getId; getTicketId; getPolicyId; getFirstResponseDueAt; getResolutionDueAt; getFirstRespondedAt; isFirstResponseBreached; getResolvedAt; isResolutionBreached; getStatus; getPausedAt; getTotalPausedSeconds; getCreatedAt; getUpdatedAt; isFirstResponseMet; isResolutionMet; isAnyBreached; isPaused; toArray; fromArray,,İşlevler: fromArray. Bu dosya için ana raporda ayrı bug atanmadı; hatasız veya production-ready onayı değildir.
src/Domain/Support/Tickets/Ticket.php,Sınıf: Ticket,Dosya içeriği otomatik statik tarandı; özel davranış kabulü verilmedi,239,98c69f65183c57e3cc1292d3ff7b58defb6b6aeda4fe9675383ad3b5504fd6f7,,tests/Unit/Support/OrganizationTicketPermissionsTest.php; tests/Unit/Support/TicketContextAndRelationsTest.php,__construct; getId; getTicketNumber; getUserId; getDepartmentId; getSubject; getStatus; getPriority; getOrganizationId; getAssignedTo; getServiceId; getDomainId; getInvoiceId; getOrderId; getLastReplyAt; getLastReplyUserId; isLastReplyByStaff; getClosedAt; getMetadata; getCreatedAt; getUpdatedAt; isOpen; isAssigned; isClosed; toArray; fromArray,,İşlevler: fromArray. Bu dosya için ana raporda ayrı bug atanmadı; hatasız veya production-ready onayı değildir.
src/Domain/Support/Tickets/TicketMessage.php,Sınıf: TicketMessage,Dosya içeriği otomatik statik tarandı; özel davranış kabulü verilmedi,128,62c4052965f66c947fa66df1eed8d662b885504867109a37af22e1436be9c425,,,__construct; getId; getTicketId; getUserId; getMessage; isStaff; isInternalNote; getMetadata; getCreatedAt; getUpdatedAt; toArray; fromArray,,İşlevler: fromArray. Bu dosya için ana raporda ayrı bug atanmadı; hatasız veya production-ready onayı değildir.
src/Domain/Support/Tickets/TicketPriority.php,Sınıf: TicketPriority,Dosya içeriği otomatik statik tarandı; özel davranış kabulü verilmedi,113,065b62b934774a8fc6c8ed7ac443d3c0cfa7d6dce7f58f00226ca1fcb78fa61b,,tests/Unit/Support/DepartmentAndStatusPriorityTest.php; tests/Unit/Support/SlaSchedulerTest.php; tests/Unit/Support/SupportGoldenE2ETest.php; tests/Unit/Support/TicketAssignmentTest.php; tests/Unit/Support/TicketConversationTest.php,all; isValid; assertValid; getWeight; isHigherThan; getDefaultFirstResponseMinutes; getDefaultResolutionMinutes; getLabel; getBadgeClass,,"İşlevler: all, assertValid. Bu dosya için ana raporda ayrı bug atanmadı; hatasız veya production-ready onayı değildir."
src/Domain/Support/Tickets/TicketService.php,Sınıf: TicketService,Dosya içeriği otomatik statik tarandı; özel davranış kabulü verilmedi,793,7397a04c0b6bfb157dc6faf2a49a243023dda115fb484f4bd93332f5992ade69,,tests/Unit/Support/OrganizationTicketPermissionsTest.php; tests/Unit/Support/SlaSchedulerTest.php; tests/Unit/Support/SupportGoldenE2ETest.php; tests/Unit/Support/TicketAssignmentTest.php; tests/Unit/Support/TicketContextAndRelationsTest.php; tests/Unit/Support/TicketConversationTest.php,__construct; ensureTables; createTicket; addReply; addInternalNote; getConversation; getTicket; getTicketByNumber; requireTicket; updateStatus; updatePriority; assignTicket; transferDepartment; listTickets; linkResource; unlinkResource; generateUniqueTicketNumber,"DDL:32,70; SQLite syntax:27; Domain SQL:424,456,469,483,706","İşlevler: ensureTables, createTicket, addReply, addInternalNote, requireTicket, updateStatus, updatePriority, assignTicket, transferDepartment, listTickets, linkResource, unlinkResource, generateUniqueTicketNumber. Bu dosya için ana raporda ayrı bug atanmadı; hatasız veya production-ready onayı değildir."
src/Domain/Support/Tickets/TicketStatus.php,Sınıf: TicketStatus,Dosya içeriği otomatik statik tarandı; özel davranış kabulü verilmedi,226,46923c85d5e495a46fb4f2d428b05b0fa5bc26fa24118ad9fa44c6dcc1fc1014,,tests/Unit/Support/DepartmentAndStatusPriorityTest.php; tests/Unit/Support/OrganizationTicketPermissionsTest.php; tests/Unit/Support/SlaSchedulerTest.php; tests/Unit/Support/SupportGoldenE2ETest.php; tests/Unit/Support/TicketAssignmentTest.php; tests/Unit/Support/TicketConversationTest.php,all; isValid; isOpen; isWaitingStaff; isWaitingCustomer; isPaused; isResolved; isClosed; isTerminal; allowedTransitions; canTransition; assertValidTransition; getLabel; getBadgeClass,,"İşlevler: all, allowedTransitions, canTransition, assertValidTransition. Bu dosya için ana raporda ayrı bug atanmadı; hatasız veya production-ready onayı değildir."
src/Domain/Tax/Entities/TaxCalculationResult.php,Sınıf: TaxCalculationResult,Dosya içeriği otomatik statik tarandı; özel davranış kabulü verilmedi,69,6f15ccc2800f6dd491b3bf2363d4d82feaa4709afeb67908b342e2ecc538eef9,,,__construct; getSubtotalMinor; getTaxTotalMinor; getTotalMinor; isExempt; getExemptionReason; getTaxLines; toArray,,Bu dosya için ana raporda ayrı bug atanmadı; hatasız veya production-ready onayı değildir.
src/Domain/Tax/Entities/TaxClass.php,Sınıf: TaxClass,Dosya içeriği otomatik statik tarandı; özel davranış kabulü verilmedi,67,0245ef7317a6cff9f107ad4a25cf1361209e07ba0570adb6f9a4893adbeacba3,,tests/Unit/Commerce/OrderServiceTest.php; tests/Unit/Pricing/PricingAndTaxGoldenPropertyTest.php; tests/Unit/Tax/TaxServiceTest.php,__construct; getId; getCode; getName; getDescription; isDefault; getCreatedAt; toArray,,Bu dosya için ana raporda ayrı bug atanmadı; hatasız veya production-ready onayı değildir.
src/Domain/Tax/Entities/TaxRate.php,Sınıf: TaxRate,Dosya içeriği otomatik statik tarandı; özel davranış kabulü verilmedi,128,735ca5b8cca5b1cad3353562153d84f1887bebad1fc5782da8f36d2e7b9151f1,,tests/Unit/Commerce/OrderServiceTest.php; tests/Unit/Pricing/PricingAndTaxGoldenPropertyTest.php; tests/Unit/Tax/TaxServiceTest.php,__construct; getId; getTaxClassId; getTaxZoneId; getName; getRatePercent; getCalculationType; isInclusive; getPriority; isActive; getCreatedAt; compute; toArray,,İşlevler: compute. Bu dosya için ana raporda ayrı bug atanmadı; hatasız veya production-ready onayı değildir.
src/Domain/Tax/Entities/TaxZone.php,Sınıf: TaxZone,Dosya içeriği otomatik statik tarandı; özel davranış kabulü verilmedi,99,b074088c5a76a13eeb98a2ab31b9729aebabd5cab4b8b24df8818ab6e021309a,,tests/Unit/Commerce/OrderServiceTest.php; tests/Unit/Pricing/PricingAndTaxGoldenPropertyTest.php; tests/Unit/Tax/TaxServiceTest.php,__construct; getId; getCode; getName; getCountryCodes; getStateCodes; isGlobal; matches; getCreatedAt; toArray,,İşlevler: matches. Bu dosya için ana raporda ayrı bug atanmadı; hatasız veya production-ready onayı değildir.
src/Domain/Tax/Services/TaxService.php,Sınıf: TaxService,Dosya içeriği otomatik statik tarandı; özel davranış kabulü verilmedi,439,44de0b18b4b7b36b2ee6ce06c401c532d8bacaaf445370d4f22b20c8facc7cef,,tests/Integration/Commerce/GoldenManualCommerceE2ETest.php; tests/Integration/Golden/GoldenMasterScenariosE2ETest.php; tests/Unit/Commerce/CreditLedgerTest.php; tests/Unit/Commerce/InvoiceServiceTest.php; tests/Unit/Commerce/OrderServiceTest.php; tests/Unit/Commerce/PartialPaymentAndRefundTest.php; tests/Unit/Commerce/PaymentServiceTest.php; tests/Unit/Commerce/RecurringRenewalTest.php; tests/Unit/Commerce/ServiceLifecycleTest.php; tests/Unit/Pricing/PricingAndTaxGoldenPropertyTest.php; tests/Unit/Tax/TaxServiceTest.php,__construct; ensureTables; createTaxClass; findTaxClassByCode; getDefaultTaxClass; createTaxZone; findZoneForLocation; createTaxRate; setCustomerExemption; getCustomerExemption; calculateTax; hydrateTaxClass; hydrateTaxZone; hydrateTaxRate,"DDL:37,52,68,86; SQLite syntax:31; Domain SQL:127,130,139,145,170,185,206,256,281,283,286,296,352","İşlevler: ensureTables, createTaxClass, findTaxClassByCode, createTaxZone, findZoneForLocation, createTaxRate, setCustomerExemption, calculateTax, hydrateTaxClass, hydrateTaxZone, hydrateTaxRate. Bu dosya için ana raporda ayrı bug atanmadı; hatasız veya production-ready onayı değildir."
src/Domain/Updater/ModuleCompatibilityChecker.php,Sınıf: ModuleCompatibilityChecker,Dosya içeriği otomatik statik tarandı; özel davranış kabulü verilmedi,128,c30887f224d5e7151d22bce6a3a0585529235693d22102e47ff424a25c552c44,,tests/Integration/ReleaseRehearsal/ReleaseRehearsalLifecycleSuiteTest.php; tests/Unit/Backup/PreUpdateBackupTest.php; tests/Unit/Updater/StagedUpdateAndCompatibilityTest.php,__construct; checkCompatibility; ensureModuleTable,"DDL:112; SQLite syntax:107; Domain SQL:13,40,81,89","İşlevler: checkCompatibility, ensureModuleTable. Bu dosya için ana raporda ayrı bug atanmadı; hatasız veya production-ready onayı değildir."
src/Domain/Updater/PackageSignatureVerifier.php,Sınıf: PackageSignatureVerifier,Dosya içeriği otomatik statik tarandı; özel davranış kabulü verilmedi,161,d9fd09a7d904fa41c638d3a1af2521cfeaae371f6d7a37cd6aa94dd43d6a9862,,tests/Integration/ReleasePackage/ReleasePackagingAndSignatureSuiteTest.php; tests/Integration/ReleaseRehearsal/ReleaseRehearsalLifecycleSuiteTest.php; tests/Unit/Backup/PreUpdateBackupTest.php; tests/Unit/Updater/StagedUpdateAndCompatibilityTest.php,__construct; getPublicKey; getScheme; verify; signPayload; generateKeyPair,"Runtime exception:100,109,115,147; Domain SQL:11","İşlevler: verify, signPayload, generateKeyPair. Bu dosya için ana raporda ayrı bug atanmadı; hatasız veya production-ready onayı değildir."
src/Domain/Updater/RollbackManager.php,Sınıf: RollbackManager,Dosya içeriği otomatik statik tarandı; özel davranış kabulü verilmedi,56,58e206ea92525803f8d09fe7a8753b3fdf82557137f346a99c1623d57563ebc2,,tests/Integration/Golden/GoldenMasterScenariosE2ETest.php; tests/Unit/Backup/RollbackAndPrivacyTombstoneRestoreTest.php,__construct; executeRollback,"Runtime exception:45; Domain SQL:16,17,30,45",İşlevler: executeRollback. Bu dosya için ana raporda ayrı bug atanmadı; hatasız veya production-ready onayı değildir.
src/Domain/Updater/StagedUpdateReport.php,Sınıf: StagedUpdateReport,Dosya içeriği otomatik statik tarandı; özel davranış kabulü verilmedi,126,90a20e55d25324d6d1a20d4778399927243acc2e7234b2e52afe09e37724d135,,tests/Unit/Updater/StagedUpdateAndCompatibilityTest.php,__construct; getPackagePath; getTargetVersion; getCurrentVersion; isSignatureValid; isChecksumsValid; isModulesCompatible; getFailedChecksumFiles; getIncompatibleModules; getMigrations; getError; isReadyToApply; toArray,"Domain SQL:8,13",Bu dosya için ana raporda ayrı bug atanmadı; hatasız veya production-ready onayı değildir.
src/Domain/Updater/StagedUpdateService.php,Sınıf: StagedUpdateService,Odaklı kod incelemesi / ana rapor bağlantısı,252,0fa2738bcfb5d062fb65b5be56d91e8610bec874361cb6e4f044093ebd1b0fac,F13,tests/Integration/ReleaseRehearsal/ReleaseRehearsalLifecycleSuiteTest.php; tests/Unit/Backup/PreUpdateBackupTest.php; tests/Unit/Updater/StagedUpdateAndCompatibilityTest.php,__construct; getCurrentCoreVersion; validateStagedPackage; applyValidatedUpdate,"Runtime exception:195,207,212,231; Domain SQL:15,19,40,70,112,129,178,179,183,184,203,207,212","İşlevler: validateStagedPackage, applyValidatedUpdate."
src/Domain/Updater/UpdatePackageManifest.php,Sınıf: UpdatePackageManifest,Dosya içeriği otomatik statik tarandı; özel davranış kabulü verilmedi,108,137ed98eb3e5b443e791a2f59f8e0539277b4ea29e81e4ef85c2828d39ccedce,,tests/Integration/ReleaseRehearsal/ReleaseRehearsalLifecycleSuiteTest.php; tests/Unit/Backup/PreUpdateBackupTest.php; tests/Unit/Updater/StagedUpdateAndCompatibilityTest.php,__construct; getVersion; getMinCurrentVersion; getReleaseNotes; getFileChecksums; getRequiredModules; getMigrations; getReleasedAt; toArray; fromArray,Domain SQL:8,İşlevler: fromArray. Bu dosya için ana raporda ayrı bug atanmadı; hatasız veya production-ready onayı değildir.
src/Domain/Vault/Encryptor.php,Sınıf: Encryptor,Dosya içeriği otomatik statik tarandı; özel davranış kabulü verilmedi,91,158fdca7570126614697b7a016c470687d80f02a96108d802f7953ddfa90a9c3,,tests/Unit/Domain/Vault/VaultServiceTest.php; tests/Unit/Domains/DomainGoldenE2ETest.php; tests/Unit/Domains/RegistrarCapabilityAndVaultTest.php; tests/Unit/Providers/ProviderSettingsAndVaultTest.php,__construct; encrypt; decrypt,"Runtime exception:52,86","İşlevler: encrypt, decrypt. Bu dosya için ana raporda ayrı bug atanmadı; hatasız veya production-ready onayı değildir."
src/Domain/Vault/VaultService.php,Sınıf: VaultService,Dosya içeriği otomatik statik tarandı; özel davranış kabulü verilmedi,158,e1ae576df4853ca5e59c917ac4cc5d95d63378b3e9ea4eed75e846596c8ab993,,tests/Unit/Domain/Vault/VaultServiceTest.php; tests/Unit/Domains/DomainGoldenE2ETest.php; tests/Unit/Domains/RegistrarCapabilityAndVaultTest.php; tests/Unit/Providers/ProviderSettingsAndVaultTest.php,__construct; ensureTable; setSecret; getSecret; getMaskedSecret; deleteSecret,"DDL:31; SQLite syntax:26; Domain SQL:57,103","İşlevler: ensureTable, setSecret, deleteSecret. Bu dosya için ana raporda ayrı bug atanmadı; hatasız veya production-ready onayı değildir."
src/Domain/Webhooks/WebhookDelivery.php,Sınıf: WebhookDelivery,Dosya içeriği otomatik statik tarandı; özel davranış kabulü verilmedi,117,76ab065a3c93a7a101befa4860ed076a5f33a2e7603feda5930ae824a337671f,,,__construct; getId; getEndpointId; getEventId; getEventType; getPayload; getAttemptNumber; getStatusCode; getResponseBody; isSuccess; getError; getNextRetryAt; getMaxAttempts; getCreatedAt; getCompletedAt; canRetry; calculateBackoffSeconds,"TODO:15,21,53,55,83,85,100,109","İşlevler: canRetry, calculateBackoffSeconds. Bu dosya için ana raporda ayrı bug atanmadı; hatasız veya production-ready onayı değildir."
src/Domain/Webhooks/WebhookEndpoint.php,Sınıf: WebhookEndpoint,Dosya içeriği otomatik statik tarandı; özel davranış kabulü verilmedi,97,9819b7fa557c695c239f26d4c1bcb83236c9c82359e975c589de4150dc13ea8e,,,__construct; getId; getTargetUrl; getSecret; getEvents; isActive; getOrganizationId; getUserId; getDescription; getCreatedAt; getUpdatedAt; getMetadata; matchesEvent,,İşlevler: matchesEvent. Bu dosya için ana raporda ayrı bug atanmadı; hatasız veya production-ready onayı değildir.
src/Domain/Webhooks/WebhookService.php,Sınıf: WebhookService,Dosya içeriği otomatik statik tarandı; özel davranış kabulü verilmedi,582,ed338e8fde7f4c8385627cc969709b48072da4c411267e845ee8e6ff292c05cc,,tests/Unit/Foundation/Health/IntegrationHealthHooksTest.php; tests/Unit/Webhooks/WebhookServiceTest.php,__construct; registerEndpoint; dispatch; deliver; retryDelivery; processPendingRetries; findEndpoint; findDelivery; getActiveEndpointsForEvent; persistEndpoint; persistDelivery; updateDelivery; mapEndpointRow; mapDeliveryRow; ensureSchema,"DDL:552,564; SQLite syntax:553,565; Runtime exception:127,220,469; TODO:101,107,117,199,205,214,223,229,235,240,406,412,422,423,425,426,435,441; Domain SQL:262,282,295,319,361,421,469,478","İşlevler: registerEndpoint, dispatch, deliver, retryDelivery, processPendingRetries, findEndpoint, findDelivery, persistEndpoint, persistDelivery, updateDelivery, mapEndpointRow, mapDeliveryRow, ensureSchema. Bu dosya için ana raporda ayrı bug atanmadı; hatasız veya production-ready onayı değildir."
src/Domain/Webhooks/WebhookSigner.php,Sınıf: WebhookSigner,Dosya içeriği otomatik statik tarandı; özel davranış kabulü verilmedi,43,eb1c61540a314515af6fefd4e266b51dce1c8351e61cd07e4c2c5ace66d7db0e,,tests/Unit/Webhooks/WebhookServiceTest.php,sign; verify,,"İşlevler: sign, verify. Bu dosya için ana raporda ayrı bug atanmadı; hatasız veya production-ready onayı değildir."
src/Foundation/Backup/BackupSkeleton.php,Sınıf: BackupSkeleton,Dosya içeriği otomatik statik tarandı; özel davranış kabulü verilmedi,49,45f247bc7e4bf612907cb6ee446a1b740f31ae0faec8c065db090a2b52ae5e3b,,tests/Unit/Foundation/Health/HealthAndSkeletonsTest.php,__construct; createManifest; storeManifest,,"İşlevler: createManifest, storeManifest. Bu dosya için ana raporda ayrı bug atanmadı; hatasız veya production-ready onayı değildir."
src/Foundation/Bootstrap/Bootstrap.php,Sınıf: Bootstrap,Odaklı kod incelemesi / ana rapor bağlantısı,84,baa3fdedc36a4e2c72c0716d29b702222163a1ac03da04470f97118dc5a44874,F01,tests/Unit/Foundation/Bootstrap/BootstrapTest.php,boot; isBooted; reset; registerErrorHandling,Runtime exception:35,"İşlevler: boot, reset, registerErrorHandling."
src/Foundation/Bootstrap/CoreServiceProvider.php,Sınıf: CoreServiceProvider,Odaklı kod incelemesi / ana rapor bağlantısı,258,09913534f2db381d47bd8983db9b9c688b336fd9fcf4910cb312e085df377b3d,F08 F22,,register; boot,,"İşlevler: register, boot."
src/Foundation/Bus/CommandBus.php,Sınıf: CommandBus,Dosya içeriği otomatik statik tarandı; özel davranış kabulü verilmedi,66,45e32faa8f7d26261075b41bb8f3beb44e975f460e3f5dc6a00d35dd03c6eb4d,,tests/Unit/Foundation/Bus/CommandBusTest.php,__construct; register; pipe; dispatch,Runtime exception:39,"İşlevler: register, pipe, dispatch. Bu dosya için ana raporda ayrı bug atanmadı; hatasız veya production-ready onayı değildir."
src/Foundation/Bus/CommandHandlerInterface.php,Sözleşme: CommandHandlerInterface,Dosya içeriği otomatik statik tarandı; özel davranış kabulü verilmedi,16,b098ef4ebb281288ca4ef68f14fd29c19626a8fd8da83b4088eced8af12a25a5,,tests/Unit/Foundation/Bus/CommandBusTest.php,handle,TODO:8,İşlevler: handle. Bu dosya için ana raporda ayrı bug atanmadı; hatasız veya production-ready onayı değildir.
src/Foundation/Bus/CommandInterface.php,Sözleşme: CommandInterface,Dosya içeriği otomatik statik tarandı; özel davranış kabulü verilmedi,12,75afac329e4cba9d6070290c0aebe0e6cf293a1dc09a4bb9c7f963dfaa67a3c6,,tests/Unit/Foundation/Bus/CommandBusTest.php,,,Bu dosya için ana raporda ayrı bug atanmadı; hatasız veya production-ready onayı değildir.
src/Foundation/Bus/QueryBus.php,Sınıf: QueryBus,Dosya içeriği otomatik statik tarandı; özel davranış kabulü verilmedi,42,85e92e5b4286439c2a2947977d9d02c3a9506a5fd4e1ba1449c9589a7bf9ccda,,tests/Unit/Foundation/Bus/QueryBusTest.php,__construct; register; ask,Runtime exception:29,"İşlevler: register, ask. Bu dosya için ana raporda ayrı bug atanmadı; hatasız veya production-ready onayı değildir."
src/Foundation/Bus/QueryHandlerInterface.php,Sözleşme: QueryHandlerInterface,Dosya içeriği otomatik statik tarandı; özel davranış kabulü verilmedi,16,ed4ef9b90d6ba2bdecb0d8680e94c3ff88d507bea72903172707cb6919c77e85,,tests/Unit/Foundation/Bus/QueryBusTest.php,handle,TODO:8,İşlevler: handle. Bu dosya için ana raporda ayrı bug atanmadı; hatasız veya production-ready onayı değildir.
src/Foundation/Bus/QueryInterface.php,Sözleşme: QueryInterface,Dosya içeriği otomatik statik tarandı; özel davranış kabulü verilmedi,12,23088d08a1770184ae2575b7f1139274706202fddbc61c1bb59bffd3f2d5d288,,tests/Unit/Foundation/Bus/QueryBusTest.php,,,Bu dosya için ana raporda ayrı bug atanmadı; hatasız veya production-ready onayı değildir.
src/Foundation/Cache/ArrayCache.php,Sınıf: ArrayCache,Dosya içeriği otomatik statik tarandı; özel davranış kabulü verilmedi,83,21312773d10222e5d569f6ad104a65512601940a54a28123795262455f2ef651,,tests/Unit/Foundation/Cache/ArrayCacheTest.php,get; set; delete; clear; has; remember; calculateExpiration,,"İşlevler: set, delete, clear, remember, calculateExpiration. Bu dosya için ana raporda ayrı bug atanmadı; hatasız veya production-ready onayı değildir."
src/Foundation/Cache/CacheInterface.php,Sözleşme: CacheInterface,Dosya içeriği otomatik statik tarandı; özel davranış kabulü verilmedi,44,b59d61d97a1e79a46cb11185760112e0525c59165e1d65c63585cc49bc3145a4,,,get; set; delete; clear; has; remember,TODO:39,"İşlevler: set, delete, clear, remember. Bu dosya için ana raporda ayrı bug atanmadı; hatasız veya production-ready onayı değildir."
src/Foundation/Cache/CacheManager.php,Sınıf: CacheManager,Dosya içeriği otomatik statik tarandı; özel davranış kabulü verilmedi,47,b9b6c2d32eca69bf9cc27996c1daf1fc96e5d500ebe55288b644e78c2cc6ee29,,,__construct; store; getDatabaseConnection,,İşlevler: store. Bu dosya için ana raporda ayrı bug atanmadı; hatasız veya production-ready onayı değildir.
src/Foundation/Cache/DatabaseCache.php,Sınıf: DatabaseCache,Dosya içeriği otomatik statik tarandı; özel davranış kabulü verilmedi,125,63ef4df833c7aeb95fee00f3517909e9edccd03aaf1501c4e8f6a675d438f7d8,,tests/Integration/SharedHost/SharedHostCompatibilityMatrixTest.php; tests/Unit/Foundation/Cache/DatabaseCacheTest.php,__construct; ensureCacheTable; get; set; delete; clear; has; remember; calculateExpiration,"DDL:28; Domain SQL:45,91","İşlevler: ensureCacheTable, set, delete, clear, remember, calculateExpiration. Bu dosya için ana raporda ayrı bug atanmadı; hatasız veya production-ready onayı değildir."
src/Foundation/Cache/FileCache.php,Sınıf: FileCache,Dosya içeriği otomatik statik tarandı; özel davranış kabulü verilmedi,120,66c282c039f00aee4e9b244075dea6af952a9a4eebda95b368693be535c7fb03,,tests/Integration/SharedHost/SharedHostCompatibilityMatrixTest.php; tests/Unit/Foundation/Cache/FileCacheTest.php,__construct; get; set; delete; clear; has; remember; getFilePath; calculateExpiration,,"İşlevler: set, delete, clear, remember, calculateExpiration. Bu dosya için ana raporda ayrı bug atanmadı; hatasız veya production-ready onayı değildir."
src/Foundation/Config/ConfigRepository.php,Sınıf: ConfigRepository,Dosya içeriği otomatik statik tarandı; özel davranış kabulü verilmedi,91,3368addde769a7e89e5b1c0b07eb760457d03db58390e0965e6b82cf265d45b1,,tests/Unit/Foundation/Config/ConfigRepositoryTest.php,__construct; get; set; has; all; loadFromDirectory,,"İşlevler: set, all, loadFromDirectory. Bu dosya için ana raporda ayrı bug atanmadı; hatasız veya production-ready onayı değildir."
src/Foundation/Container/Container.php,Sınıf: Container,Dosya içeriği otomatik statik tarandı; özel davranış kabulü verilmedi,247,4219373f5dbbebb95d604dd0cc17dbc71c94c0f989989726b3c4486f6ce9f26a,,tests/Unit/Foundation/Bus/CommandBusTest.php; tests/Unit/Foundation/Bus/QueryBusTest.php; tests/Unit/Foundation/Container/ContainerTest.php; tests/Unit/Foundation/Events/EventBusTest.php; tests/Unit/Foundation/Http/RouterTest.php,getInstance; setInstance; bind; singleton; instance; has; get; make; resolve; build; resolveDependencies; register; bootProviders,,"İşlevler: setInstance, bind, singleton, instance, make, resolve, build, resolveDependencies, register, bootProviders. Bu dosya için ana raporda ayrı bug atanmadı; hatasız veya production-ready onayı değildir."
src/Foundation/Container/ContainerException.php,Sınıf: ContainerException,Dosya içeriği otomatik statik tarandı; özel davranış kabulü verilmedi,12,e175a8708d84f95de4b60847cc04701d2735249612d3fd0eb75c982e05f7214d,,tests/Unit/Foundation/Container/ContainerTest.php,,,Bu dosya için ana raporda ayrı bug atanmadı; hatasız veya production-ready onayı değildir.
src/Foundation/Container/NotFoundException.php,Sınıf: NotFoundException,Dosya içeriği otomatik statik tarandı; özel davranış kabulü verilmedi,12,2089e796923ce9af8749e42dace6954434a215c407e8a5bd75266ca455a36d17,,tests/Unit/Foundation/Container/ContainerTest.php,,,Bu dosya için ana raporda ayrı bug atanmadı; hatasız veya production-ready onayı değildir.
src/Foundation/Container/ServiceProviderInterface.php,Sözleşme: ServiceProviderInterface,Dosya içeriği otomatik statik tarandı; özel davranış kabulü verilmedi,18,2184ae0521d82295ea9e864a97ec6928502c4390a497ec8aaaf1c2960d15c9c4,,tests/Unit/Foundation/Container/ContainerTest.php,register; boot,,"İşlevler: register, boot. Bu dosya için ana raporda ayrı bug atanmadı; hatasız veya production-ready onayı değildir."
src/Foundation/Database/Connection.php,Sınıf: Connection,Odaklı kod incelemesi / ana rapor bağlantısı,258,5f45f224e55cf99e130046b31b8d2f775d60b5a08c8f73f28c52ab2ed22a153d,F02,tests/Integration/Chaos/ChaosAndConcurrencySuiteTest.php; tests/Integration/Commerce/GoldenManualCommerceE2ETest.php; tests/Integration/Golden/GoldenMasterScenariosE2ETest.php; tests/Integration/Performance/PerformanceAndReferenceBudgetRegressionTest.php; tests/Integration/ReleaseRehearsal/ReleaseRehearsalLifecycleSuiteTest.php; tests/Integration/SharedHost/SharedHostCompatibilityMatrixTest.php; tests/Unit/Abuse/AbuseCaseTest.php; tests/Unit/Analytics/CurrencyTimezoneFreshnessTest.php; tests/Unit/Analytics/DailyMonthlyReadModelAggregationTest.php; tests/Unit/Analytics/GoldenFinancialLedgerReconciliationTest.php; tests/Unit/Analytics/InvoiceVsCashFinancialMetricsTest.php; tests/Unit/Analytics/RoleBasedDashboardsTest.php; tests/Unit/Analytics/SubscriptionSnapshotAndMrrTest.php; tests/Unit/Api/ApiFoundationTest.php; tests/Unit/Api/CommerceApiAndApplicationLayerTest.php; tests/Unit/Api/OpenApiAndApiLogsTest.php; tests/Unit/Automation/DomainCommandAdaptersTest.php; tests/Unit/Automation/EmergencySafetyTest.php; tests/Unit/Backup/EnterpriseBackupLifecycleTest.php; tests/Unit/Backup/PreUpdateBackupTest.php; tests/Unit/Backup/RestoreWizardAndDisasterRecoveryTest.php; tests/Unit/Backup/RollbackAndPrivacyTombstoneRestoreTest.php; tests/Unit/Catalog/CatalogServiceTest.php; tests/Unit/Commerce/CreditLedgerTest.php; tests/Unit/Commerce/InvoiceServiceTest.php; tests/Unit/Commerce/MissedSchedulerCatchupServiceTest.php; tests/Unit/Commerce/OrderServiceTest.php; tests/Unit/Commerce/OverdueLifecycleWorkflowTest.php; tests/Unit/Commerce/PartialPaymentAndRefundTest.php; tests/Unit/Commerce/PaymentServiceTest.php; tests/Unit/Commerce/RecurringRenewalTest.php; tests/Unit/Commerce/RenewalGoldenE2ETest.php; tests/Unit/Commerce/ServiceLifecycleTest.php; tests/Unit/Commerce/ServiceRenewalSchedulerTest.php; tests/Unit/Documents/ProformaServiceTest.php; tests/Unit/Documents/QuoteServiceTest.php; tests/Unit/Domain/Brand/BrandServiceTest.php; tests/Unit/Domain/Identity/AuthServiceTest.php; tests/Unit/Domain/Identity/ImpersonationAndAuditTest.php; tests/Unit/Domain/Identity/OrganizationServiceTest.php; tests/Unit/Domain/Identity/RbacServiceTest.php; tests/Unit/Domain/Identity/TwoFactorServiceTest.php; tests/Unit/Domain/Module/ModuleLifecycleServiceTest.php; tests/Unit/Domain/Privacy/PrivacyConsentServiceTest.php; tests/Unit/Domain/Vault/VaultServiceTest.php; tests/Unit/Domains/DomainCatalogTest.php; tests/Unit/Domains/DomainExpiryAndReminderTest.php; tests/Unit/Domains/DomainGoldenE2ETest.php; tests/Unit/Domains/DomainLifecycleAndContactTest.php; tests/Unit/Domains/DomainOperationIdempotencyAndReconciliationTest.php; tests/Unit/Domains/DomainRegistrarFlowTest.php; tests/Unit/Domains/RegistrarCapabilityAndVaultTest.php; tests/Unit/Finance/CurrencyAndFxTest.php; tests/Unit/Finance/ExpenseServiceTest.php; tests/Unit/Finance/FinancialAccountServiceTest.php; tests/Unit/Finance/ProfitabilityServiceTest.php; tests/Unit/Foundation/Cache/DatabaseCacheTest.php; tests/Unit/Foundation/Database/ConnectionTest.php; tests/Unit/Foundation/Database/MigratorTest.php; tests/Unit/Foundation/Database/MigratorTest.php; tests/Unit/Foundation/Health/HealthAndSkeletonsTest.php; tests/Unit/Foundation/Idempotency/IdempotencyManagerTest.php; tests/Unit/Foundation/Lock/DatabaseLockTest.php; tests/Unit/Foundation/Queue/DatabaseQueueTest.php; tests/Unit/Foundation/Scheduler/SchedulerTest.php; tests/Unit/Foundation/Worker/WorkerSupervisorTest.php; tests/Unit/Fraud/ManualRiskReviewTest.php; tests/Unit/Fraud/RuleBasedRiskScoringTest.php; tests/Unit/Fraud/VelocityAndListsTest.php; tests/Unit/Health/SystemDoctorHealthTest.php; tests/Unit/Installer/FreshInstallMigrationModeTest.php; tests/Unit/Installer/WebInstallerTest.php; tests/Unit/Migration/AdoptExistingServiceDomainIdentityTest.php; tests/Unit/Migration/CutoverAndGoldenMigrationE2ETest.php; tests/Unit/Migration/DryRunConflictCheckpointResumeTest.php; tests/Unit/Migration/GenericStagingMappingValidationTest.php; tests/Unit/Migration/LocaleAwareCsvImportTest.php; tests/Unit/Migration/MigrationHoldAndSuppressionTest.php; tests/Unit/Migration/WhmcsCoreEntitiesMigrationTest.php; tests/Unit/Migration/WhmcsFinancialReconciliationMigrationTest.php; tests/Unit/Migration/WhmcsSourceScanAndConnectorTest.php; tests/Unit/Migration/WhmcsSupportAndUnsupportedDataTest.php; tests/Unit/OperationalMode/OperationalModeTest.php; tests/Unit/Payments/PaymentWebhookAndRefundTest.php; tests/Unit/Pricing/PricingAndTaxGoldenPropertyTest.php; tests/Unit/Pricing/PricingServiceTest.php; tests/Unit/Privacy/DomainPrivacyHandlersAndRedactionAuditTest.php; tests/Unit/Privacy/PrivacyErasureAndRestrictionTest.php; tests/Unit/Privacy/PrivacyRequestsAndExportTest.php; tests/Unit/Privacy/PrivacyTombstoneAndRestoreTest.php; tests/Unit/Privacy/RetentionAndLegalHoldTest.php; tests/Unit/Providers/ProviderSettingsAndVaultTest.php; tests/Unit/Provisioning/AutomatedHostingGoldenE2ETest.php; tests/Unit/Provisioning/HostingProvisioningWorkflowTest.php; tests/Unit/Provisioning/NoDuplicateRemoteAccountFailureTest.php; tests/Unit/Provisioning/ProvisioningErrorClassificationAndOperationsTest.php; tests/Unit/Provisioning/ProvisioningRetryAndReconciliationTest.php; tests/Unit/Servers/CapacityReservationWorkflowTest.php; tests/Unit/Servers/PlacementEngineTest.php; tests/Unit/Servers/ServerAndCapacityTest.php; tests/Unit/Services/ServiceConcurrencyTest.php; tests/Unit/Services/ServiceLifecycleAndPlacementTest.php; tests/Unit/Support/AttachmentSecurityAndStorageTest.php; tests/Unit/Support/CannedResponsesAndAnnouncementsTest.php; tests/Unit/Support/DepartmentAndStatusPriorityTest.php; tests/Unit/Support/OrganizationTicketPermissionsTest.php; tests/Unit/Support/SlaSchedulerTest.php; tests/Unit/Support/SupportGoldenE2ETest.php; tests/Unit/Support/TicketAssignmentTest.php; tests/Unit/Support/TicketContextAndRelationsTest.php; tests/Unit/Support/TicketConversationTest.php; tests/Unit/Tax/TaxServiceTest.php; tests/Unit/Updater/StagedUpdateAndCompatibilityTest.php,__construct; getPdo; getDriverName; select; selectOne; insert; update; delete; statement; affectingStatement; beginTransaction; commit; rollBack; inTransaction; transaction; enableQueryLog; disableQueryLog; isQueryLogEnabled; getQueryLog; flushQueryLog; getQueryCount; executeStatement,"TODO:175; Domain SQL:62,93,104","İşlevler: select, selectOne, insert, update, delete, statement, affectingStatement, beginTransaction, commit, rollBack, inTransaction, transaction, enableQueryLog, disableQueryLog, flushQueryLog, executeStatement."
src/Foundation/Database/ConnectionFactory.php,Sınıf: ConnectionFactory,Dosya içeriği otomatik statik tarandı; özel davranış kabulü verilmedi,76,47bd30ce7e3449f780839746a97d993e34dd300471ea1e8d3ec5466def9a758e,,tests/Unit/Foundation/Cache/DatabaseCacheTest.php; tests/Unit/Foundation/Database/ConnectionTest.php; tests/Unit/Foundation/Database/MigratorTest.php; tests/Unit/Foundation/Idempotency/IdempotencyManagerTest.php; tests/Unit/Foundation/Lock/DatabaseLockTest.php,create; createMySqlConnection; createSqliteConnection,,"İşlevler: create, createMySqlConnection, createSqliteConnection. Bu dosya için ana raporda ayrı bug atanmadı; hatasız veya production-ready onayı değildir."
src/Foundation/Database/MigrationInterface.php,Sözleşme: MigrationInterface,Dosya içeriği otomatik statik tarandı; özel davranış kabulü verilmedi,18,b30bb4effbd764694b8847a8d137da1aafcb39eb7ea51a2d60235a7ed4c0556f,,tests/Unit/Foundation/Database/MigratorTest.php,up; down,,"İşlevler: up, down. Bu dosya için ana raporda ayrı bug atanmadı; hatasız veya production-ready onayı değildir."
src/Foundation/Database/Migrator.php,Sınıf: Migrator,Odaklı kod incelemesi / ana rapor bağlantısı,143,2bb7a9d19b9398a5e327f25e0cf45ccb5665f36b4cfb09ea8ac9f6bcf1cb2ede,F03,tests/Unit/Foundation/Database/MigratorTest.php,__construct; ensureMigrationsTable; getRanMigrations; getNextBatchNumber; migrate; rollback,"DDL:27; SQLite syntax:21,22,34; Runtime exception:81,125,130; Domain SQL:46,52,107,114","İşlevler: ensureMigrationsTable, migrate, rollback."
src/Foundation/Events/EventBus.php,Sınıf: EventBus,Dosya içeriği otomatik statik tarandı; özel davranış kabulü verilmedi,56,589cdf39c5ccaa4713f39959649176e86a4cf4a93f7256ab6e1d77d744098cf5,,tests/Unit/Foundation/Events/EventBusTest.php,__construct; listen; dispatch; hasListeners; getListeners,,"İşlevler: listen, dispatch. Bu dosya için ana raporda ayrı bug atanmadı; hatasız veya production-ready onayı değildir."
src/Foundation/Events/EventInterface.php,Sözleşme: EventInterface,Dosya içeriği otomatik statik tarandı; özel davranış kabulü verilmedi,20,df5f91af92570c643033a1f9288a20f5d741e24a03c150bd0a694c62ff7e5263,,tests/Unit/Foundation/Events/EventBusTest.php,occurredAt; eventName,,"İşlevler: occurredAt, eventName. Bu dosya için ana raporda ayrı bug atanmadı; hatasız veya production-ready onayı değildir."
src/Foundation/Events/ListenerInterface.php,Sözleşme: ListenerInterface,Dosya içeriği otomatik statik tarandı; özel davranış kabulü verilmedi,13,8f22c32013b52d7c933c1392adf2e7561675607f0604842e916fa0f7f438924c,,tests/Unit/Foundation/Events/EventBusTest.php,handle,,İşlevler: handle. Bu dosya için ana raporda ayrı bug atanmadı; hatasız veya production-ready onayı değildir.
src/Foundation/Exceptions/AppException.php,Sınıf: AppException,Dosya içeriği otomatik statik tarandı; özel davranış kabulü verilmedi,61,98520303e49eda9f0883186b881e4c17270fd5a06ce139ea0efc30f3e00fa03b,,tests/Unit/Foundation/Exceptions/AppExceptionTest.php,__construct; getErrorCode; getHttpStatusCode; getContext; toResponseArray,,Bu dosya için ana raporda ayrı bug atanmadı; hatasız veya production-ready onayı değildir.
src/Foundation/Exceptions/AuthenticationException.php,Sınıf: AuthenticationException,Dosya içeriği otomatik statik tarandı; özel davranış kabulü verilmedi,24,4828c4b4d10952c9fa1e3843ea1a12db99d93c50fa9c7197c659f0ebd1d5f23f,,tests/Unit/Foundation/Exceptions/AppExceptionTest.php,__construct,,Bu dosya için ana raporda ayrı bug atanmadı; hatasız veya production-ready onayı değildir.
src/Foundation/Exceptions/AuthorizationException.php,Sınıf: AuthorizationException,Dosya içeriği otomatik statik tarandı; özel davranış kabulü verilmedi,24,9f59b6c8d735e673795f79f214ea30cc9015c481b909c45e715ad920e49c156a,,tests/Unit/Analytics/AnalyticsPermissionsAndScopeTest.php; tests/Unit/Api/CommerceApiAndApplicationLayerTest.php; tests/Unit/Foundation/Exceptions/AppExceptionTest.php,__construct,,Bu dosya için ana raporda ayrı bug atanmadı; hatasız veya production-ready onayı değildir.
src/Foundation/Exceptions/ConcurrencyException.php,Sınıf: ConcurrencyException,Dosya içeriği otomatik statik tarandı; özel davranış kabulü verilmedi,24,eba81328d30c7ccded3d966f84c4793fb4ef9a97cc916ac2f6be534071e10438,,tests/Unit/Services/ServiceConcurrencyTest.php,__construct,,Bu dosya için ana raporda ayrı bug atanmadı; hatasız veya production-ready onayı değildir.
src/Foundation/Exceptions/ConflictException.php,Sınıf: ConflictException,Dosya içeriği otomatik statik tarandı; özel davranış kabulü verilmedi,24,85c476bcd8b8c4e551c8f5a2201f7656d78d838e074a23e9172f88d40a2b4449,,tests/Integration/Chaos/ChaosAndConcurrencySuiteTest.php; tests/Unit/Foundation/Exceptions/AppExceptionTest.php; tests/Unit/Foundation/Lock/DatabaseLockTest.php,__construct,,Bu dosya için ana raporda ayrı bug atanmadı; hatasız veya production-ready onayı değildir.
src/Foundation/Exceptions/ResourceNotFoundException.php,Sınıf: ResourceNotFoundException,Dosya içeriği otomatik statik tarandı; özel davranış kabulü verilmedi,24,82c6add61d4ff034c9c1f0dc22f62e442c980819fa39e9671a80472e506588fc,,tests/Unit/Api/CommerceApiAndApplicationLayerTest.php; tests/Unit/Foundation/Exceptions/AppExceptionTest.php,__construct,,Bu dosya için ana raporda ayrı bug atanmadı; hatasız veya production-ready onayı değildir.
src/Foundation/Exceptions/ValidationException.php,Sınıf: ValidationException,Dosya içeriği otomatik statik tarandı; özel davranış kabulü verilmedi,40,de9587973fce01bc7a6481aa3a576636983fc656f4d1cce9df1ca3c8830def98,,tests/Integration/Chaos/ChaosAndConcurrencySuiteTest.php; tests/Unit/Abuse/AbuseCaseTest.php; tests/Unit/Analytics/CurrencyTimezoneFreshnessTest.php; tests/Unit/Analytics/DailyMonthlyReadModelAggregationTest.php; tests/Unit/Analytics/GoldenFinancialLedgerReconciliationTest.php; tests/Unit/Analytics/InvoiceVsCashFinancialMetricsTest.php; tests/Unit/Analytics/MetricRegistryAndSemanticLayerTest.php; tests/Unit/Analytics/SubscriptionSnapshotAndMrrTest.php; tests/Unit/Api/ApiFoundationTest.php; tests/Unit/Catalog/CatalogServiceTest.php; tests/Unit/Commerce/CreditLedgerTest.php; tests/Unit/Commerce/OrderServiceTest.php; tests/Unit/Commerce/PartialPaymentAndRefundTest.php; tests/Unit/Commerce/PaymentServiceTest.php; tests/Unit/Commerce/ServiceLifecycleTest.php; tests/Unit/Domain/Brand/BrandServiceTest.php; tests/Unit/Domain/Identity/AuthServiceTest.php; tests/Unit/Domain/Identity/ImpersonationAndAuditTest.php; tests/Unit/Domain/Identity/OrganizationServiceTest.php; tests/Unit/Domain/Identity/RbacServiceTest.php; tests/Unit/Domain/Identity/TwoFactorServiceTest.php; tests/Unit/Domain/Module/ModuleLifecycleServiceTest.php; tests/Unit/Domains/DomainCatalogTest.php; tests/Unit/Domains/DomainLifecycleAndContactTest.php; tests/Unit/Domains/DomainOperationIdempotencyAndReconciliationTest.php; tests/Unit/Domains/DomainRegistrarFlowTest.php; tests/Unit/Domains/RegistrarAdapterTest.php; tests/Unit/Domains/RegistrarCapabilityAndVaultTest.php; tests/Unit/Finance/CurrencyAndFxTest.php; tests/Unit/Finance/ExpenseServiceTest.php; tests/Unit/Finance/FinancialAccountServiceTest.php; tests/Unit/Finance/ProfitabilityServiceTest.php; tests/Unit/Foundation/Exceptions/AppExceptionTest.php; tests/Unit/Foundation/Validation/ValidatorTest.php; tests/Unit/Fraud/ManualRiskReviewTest.php; tests/Unit/Migration/WhmcsSourceScanAndConnectorTest.php; tests/Unit/Payments/PaymentWebhookAndRefundTest.php; tests/Unit/Pricing/PricingServiceTest.php; tests/Unit/Privacy/PrivacyErasureAndRestrictionTest.php; tests/Unit/Privacy/PrivacyRequestsAndExportTest.php; tests/Unit/Privacy/PrivacyTombstoneAndRestoreTest.php; tests/Unit/Privacy/RetentionAndLegalHoldTest.php; tests/Unit/Providers/ProviderSettingsAndVaultTest.php; tests/Unit/Servers/ServerAndCapacityTest.php; tests/Unit/Services/ServiceLifecycleAndPlacementTest.php; tests/Unit/Support/AttachmentSecurityAndStorageTest.php; tests/Unit/Support/CannedResponsesAndAnnouncementsTest.php; tests/Unit/Support/DepartmentAndStatusPriorityTest.php; tests/Unit/Support/OrganizationTicketPermissionsTest.php; tests/Unit/Support/SupportGoldenE2ETest.php; tests/Unit/Support/TicketAssignmentTest.php; tests/Unit/Support/TicketContextAndRelationsTest.php; tests/Unit/Support/TicketConversationTest.php; tests/Unit/Tax/TaxServiceTest.php; tests/Unit/Webhooks/WebhookServiceTest.php,__construct; getErrors; toResponseArray,,Bu dosya için ana raporda ayrı bug atanmadı; hatasız veya production-ready onayı değildir.
src/Foundation/Health/DatabaseHealthCheck.php,Sınıf: DatabaseHealthCheck,Dosya içeriği otomatik statik tarandı; özel davranış kabulü verilmedi,36,3489e684e5a7f74aeb3bf28ab7f44a59948c3b2f7cf2d7f2a65b719fb7aa7dc0,,tests/Unit/Foundation/Health/HealthAndSkeletonsTest.php,__construct; name; check,Domain SQL:24,"İşlevler: name, check. Bu dosya için ana raporda ayrı bug atanmadı; hatasız veya production-ready onayı değildir."
src/Foundation/Health/HealthCheckInterface.php,Sözleşme: HealthCheckInterface,Dosya içeriği otomatik statik tarandı; özel davranış kabulü verilmedi,18,ba5b5093efcbf3fb562a9c60507577ba991f48e791ab9b87477207d9684042c5,,,name; check,,"İşlevler: name, check. Bu dosya için ana raporda ayrı bug atanmadı; hatasız veya production-ready onayı değildir."
src/Foundation/Health/HealthCheckResult.php,Sınıf: HealthCheckResult,Dosya içeriği otomatik statik tarandı; özel davranış kabulü verilmedi,89,5d33c441d799de5059cae797bcbd5e8e63bab8ce13bd8f7980e9a161db9cc6ca,,tests/Unit/Foundation/Health/HealthAndSkeletonsTest.php,__construct; healthy; warning; unhealthy; getName; getStatus; getMessage; getMeta; isHealthy; isWarning; isUnhealthy; toArray,,"İşlevler: healthy, warning, unhealthy. Bu dosya için ana raporda ayrı bug atanmadı; hatasız veya production-ready onayı değildir."
src/Foundation/Health/HealthManager.php,Sınıf: HealthManager,Dosya içeriği otomatik statik tarandı; özel davranış kabulü verilmedi,46,2c012278dde26297e877cd91dacf3611b96755902f309aa9facc94f78d03c9cb,,tests/Unit/Foundation/Health/HealthAndSkeletonsTest.php; tests/Unit/Foundation/Health/IntegrationHealthHooksTest.php,register; report,,"İşlevler: register, report. Bu dosya için ana raporda ayrı bug atanmadı; hatasız veya production-ready onayı değildir."
src/Foundation/Health/StorageHealthCheck.php,Sınıf: StorageHealthCheck,Dosya içeriği otomatik statik tarandı; özel davranış kabulü verilmedi,44,4cb928e762f50fa5ad82d24e67eadc70efcc8666324a3e4114bf591a200fc741,,tests/Unit/Foundation/Health/HealthAndSkeletonsTest.php,__construct; name; check,,"İşlevler: name, check. Bu dosya için ana raporda ayrı bug atanmadı; hatasız veya production-ready onayı değildir."
src/Foundation/Http/Middleware/SecurityHeadersMiddleware.php,Sınıf: SecurityHeadersMiddleware,Dosya içeriği otomatik statik tarandı; özel davranış kabulü verilmedi,25,08830ad00b1f4d60a9b957024ced66efcde1b2ce66bec8194935b741daaa59e0,,tests/Unit/Foundation/Http/RouterTest.php,handle,,İşlevler: handle. Bu dosya için ana raporda ayrı bug atanmadı; hatasız veya production-ready onayı değildir.
src/Foundation/Http/MiddlewareInterface.php,Sözleşme: MiddlewareInterface,Dosya içeriği otomatik statik tarandı; özel davranış kabulü verilmedi,17,c7794808dd282fb874415c1fa43696b78c87d24aabf24d6010340b433e6eeafc,,tests/Unit/Foundation/Http/PipelineTest.php,handle,,İşlevler: handle. Bu dosya için ana raporda ayrı bug atanmadı; hatasız veya production-ready onayı değildir.
src/Foundation/Http/Pipeline.php,Sınıf: Pipeline,Dosya içeriği otomatik statik tarandı; özel davranış kabulü verilmedi,50,a08bc4a54a5b99312fee455ce6c25416dcddc576d395afaab040d2498ddd814b,,tests/Unit/Foundation/Http/PipelineTest.php,__construct; pipe; run,,"İşlevler: pipe, run. Bu dosya için ana raporda ayrı bug atanmadı; hatasız veya production-ready onayı değildir."
src/Foundation/Http/Request.php,Sınıf: Request,Dosya içeriği otomatik statik tarandı; özel davranış kabulü verilmedi,139,864a05184ad6af9207eaf5a960b78adeb8e28e16c996e4d74d3b53f3772c1c00,,tests/Unit/Foundation/Http/PipelineTest.php; tests/Unit/Foundation/Http/RequestTest.php; tests/Unit/Foundation/Http/RouterTest.php; tests/Unit/Foundation/Telemetry/CorrelationContextTest.php,__construct; createFromGlobals; getMethod; getPath; getQuery; getPost; getJson; getHeader; getHeaders; getClientIp; isJson; isSecure,,İşlevler: createFromGlobals. Bu dosya için ana raporda ayrı bug atanmadı; hatasız veya production-ready onayı değildir.
src/Foundation/Http/Response.php,Sınıf: Response,Dosya içeriği otomatik statik tarandı; özel davranış kabulü verilmedi,88,eb28022fbee89c071daf018b00a539304c003791830a16cefe0d1d579bca0e8c,,tests/Unit/Foundation/Http/PipelineTest.php; tests/Unit/Foundation/Http/ResponseTest.php; tests/Unit/Foundation/Http/RouterTest.php,__construct; json; redirect; getStatusCode; setStatusCode; getContent; setContent; getHeader; setHeader; getHeaders; send,,"İşlevler: json, redirect, setStatusCode, setContent, setHeader, send. Bu dosya için ana raporda ayrı bug atanmadı; hatasız veya production-ready onayı değildir."
src/Foundation/Http/Route.php,Sınıf: Route,Dosya içeriği otomatik statik tarandı; özel davranış kabulü verilmedi,101,81f3ced848733cbcb40915aa31462173a7427d65a5c8e218163933ba162d6fef,,,__construct; middleware; getMethod; getPattern; getHandler; getMiddlewares; matches; getParameters; compileRegex,,"İşlevler: middleware, matches, compileRegex. Bu dosya için ana raporda ayrı bug atanmadı; hatasız veya production-ready onayı değildir."
src/Foundation/Http/Router.php,Sınıf: Router,Dosya içeriği otomatik statik tarandı; özel davranış kabulü verilmedi,160,aa14c19df1c02805622c8ea19bc6db8a68c39d894e2e3f31075c7088cc240bbc,,tests/Unit/Foundation/Http/RouterTest.php,get; post; put; patch; delete; group; addRoute; dispatch; getRoutes,,"İşlevler: post, put, patch, delete, group, addRoute, dispatch. Bu dosya için ana raporda ayrı bug atanmadı; hatasız veya production-ready onayı değildir."
src/Foundation/Idempotency/IdempotencyManager.php,Sınıf: IdempotencyManager,Dosya içeriği otomatik statik tarandı; özel davranış kabulü verilmedi,107,07e6664bd829b2d4b01a08a78c226d6140224ce59d2450d6acaac0bd38f7fe90,,tests/Integration/Chaos/ChaosAndConcurrencySuiteTest.php; tests/Unit/Foundation/Idempotency/IdempotencyManagerTest.php,__construct; ensureTable; execute,DDL:28; TODO:44; Domain SQL:62,"İşlevler: ensureTable, execute. Bu dosya için ana raporda ayrı bug atanmadı; hatasız veya production-ready onayı değildir."
src/Foundation/Installer/InstallerSkeleton.php,Sınıf: InstallerSkeleton,Dosya içeriği otomatik statik tarandı; özel davranış kabulü verilmedi,61,52826e9f0d6baa98c5c7b9b4e37ce961ecefbbafb50ce16e95bab2cc74971a60,,tests/Unit/Foundation/Health/HealthAndSkeletonsTest.php,__construct; isInstalled; verifyPrerequisites; markInstalled,Runtime exception:58,"İşlevler: verifyPrerequisites, markInstalled. Bu dosya için ana raporda ayrı bug atanmadı; hatasız veya production-ready onayı değildir."
src/Foundation/Localization/Translator.php,Sınıf: Translator,Dosya içeriği otomatik statik tarandı; özel davranış kabulü verilmedi,135,3775c3b17a14cc7e7726c0d0d8b98fac56b22bbf061dbedcd2566fe8b99e165b,,tests/Integration/LocalizationAndAccessibility/LocalizationCompletenessAndAccessibilitySuiteTest.php; tests/Unit/Foundation/Localization/TranslatorTest.php,__construct; loadLocale; resolveLocale; get; verifyParity,,"İşlevler: loadLocale, resolveLocale, verifyParity. Bu dosya için ana raporda ayrı bug atanmadı; hatasız veya production-ready onayı değildir."
src/Foundation/Lock/DatabaseLock.php,Sınıf: DatabaseLock,Dosya içeriği otomatik statik tarandı; özel davranış kabulü verilmedi,117,50956aa45e47d95913708a44c1ae701e2e34b6f86aac5b778e1d447681c8b3b1,,tests/Integration/Chaos/ChaosAndConcurrencySuiteTest.php; tests/Integration/SharedHost/SharedHostCompatibilityMatrixTest.php; tests/Unit/Foundation/Lock/DatabaseLockTest.php; tests/Unit/Foundation/Scheduler/SchedulerTest.php,__construct; ensureLocksTable; acquire; release; isLocked; synchronized,DDL:28; Domain SQL:87,"İşlevler: ensureLocksTable, acquire, release, synchronized. Bu dosya için ana raporda ayrı bug atanmadı; hatasız veya production-ready onayı değildir."
src/Foundation/Lock/LockInterface.php,Sözleşme: LockInterface,Dosya içeriği otomatik statik tarandı; özel davranış kabulü verilmedi,32,dd56bdf7b986f4fc03577ed1c13e7e9d6e73faadc60a5821e424c0d5ee3835a9,,,acquire; release; isLocked; synchronized,"TODO:10,27","İşlevler: acquire, release, synchronized. Bu dosya için ana raporda ayrı bug atanmadı; hatasız veya production-ready onayı değildir."
src/Foundation/Logging/LogManager.php,Sınıf: LogManager,Dosya içeriği otomatik statik tarandı; özel davranış kabulü verilmedi,45,910ba83507340dd241ff530cda46c26c6f0c5a90ddfcc9e5e5e988051f0726e3,,tests/Unit/Foundation/Logging/LoggerTest.php,__construct; app; security; audit; channel,,"İşlevler: app, security, audit, channel. Bu dosya için ana raporda ayrı bug atanmadı; hatasız veya production-ready onayı değildir."
src/Foundation/Logging/LogSanitizer.php,Sınıf: LogSanitizer,Dosya içeriği otomatik statik tarandı; özel davranış kabulü verilmedi,75,2082e0dc077e2534a8fd071c450d01927b3a343c576bab3579135c95a5d4c8e4,,tests/Unit/Foundation/Logging/LogSanitizerTest.php,sanitize; isSensitiveKey; looksLikeJson,,"İşlevler: sanitize, looksLikeJson. Bu dosya için ana raporda ayrı bug atanmadı; hatasız veya production-ready onayı değildir."
src/Foundation/Logging/Logger.php,Sınıf: Logger,Dosya içeriği otomatik statik tarandı; özel davranış kabulü verilmedi,89,82fe3816fde11ba81e2f260e2a2a11f1ca94fc6e4934a7d21713375d26a2b9a6,,tests/Unit/Foundation/Logging/LoggerTest.php,__construct; emergency; alert; critical; error; warning; notice; info; debug; log,,"İşlevler: emergency, alert, critical, error, warning, notice, info, debug, log. Bu dosya için ana raporda ayrı bug atanmadı; hatasız veya production-ready onayı değildir."
src/Foundation/Queue/DatabaseQueue.php,Sınıf: DatabaseQueue,Odaklı kod incelemesi / ana rapor bağlantısı,195,755e2405ebaaa6c92de76a9e4abfc44d95c2d83c5011453a06ee4b6fe001a0bc,F16,tests/Integration/Performance/PerformanceAndReferenceBudgetRegressionTest.php; tests/Integration/SharedHost/SharedHostCompatibilityMatrixTest.php; tests/Unit/Foundation/Queue/DatabaseQueueTest.php; tests/Unit/Foundation/Worker/WorkerSupervisorTest.php,__construct; ensureTables; push; pop; delete; releaseOrFail; size; failedSize,"DDL:30,46; SQLite syntax:24; TODO:34,70,85,104,110,123,138,160; Domain SQL:85,178,189","İşlevler: ensureTables, push, pop, delete, releaseOrFail, size, failedSize."
src/Foundation/Queue/JobInterface.php,Sözleşme: JobInterface,Dosya içeriği otomatik statik tarandı; özel davranış kabulü verilmedi,28,d3adce9243b184eb358c9e2d03692904355015783aa03379c10dbe59f229b2ce,,tests/Integration/Performance/PerformanceAndReferenceBudgetRegressionTest.php; tests/Integration/SharedHost/SharedHostCompatibilityMatrixTest.php; tests/Unit/Foundation/Queue/DatabaseQueueTest.php; tests/Unit/Foundation/Worker/WorkerSupervisorTest.php,handle; queue; maxAttempts; backoffSeconds,"TODO:20,22","İşlevler: handle, queue, maxAttempts, backoffSeconds. Bu dosya için ana raporda ayrı bug atanmadı; hatasız veya production-ready onayı değildir."
src/Foundation/Queue/QueueInterface.php,Sözleşme: QueueInterface,Dosya içeriği otomatik statik tarandı; özel davranış kabulü verilmedi,33,9b397dac22ff358f499e4cfe6dd1ae491ee5b5cd67db020db4bb78fe05d06f24,,,push; pop; delete; releaseOrFail; size,TODO:25,"İşlevler: push, pop, delete, releaseOrFail, size. Bu dosya için ana raporda ayrı bug atanmadı; hatasız veya production-ready onayı değildir."
src/Foundation/Queue/QueueJob.php,Sınıf: QueueJob,Dosya içeriği otomatik statik tarandı; özel davranış kabulü verilmedi,36,f022cb0ddae1721288c285607a2117dab6adaff5835a474c2f0bde6ff80b2431,,,__construct; getId; getQueue; getJob; getAttempts,"TODO:13,32,34",Bu dosya için ana raporda ayrı bug atanmadı; hatasız veya production-ready onayı değildir.
src/Foundation/Queue/QueueWorker.php,Sınıf: QueueWorker,Dosya içeriği otomatik statik tarandı; özel davranış kabulü verilmedi,86,5efb81a4df0a232d81f14794aee2f6a3e0220ef64b345349f958ef5225be8fda,,tests/Unit/Foundation/Queue/DatabaseQueueTest.php,__construct; runNext; work,TODO:39,"İşlevler: runNext, work. Bu dosya için ana raporda ayrı bug atanmadı; hatasız veya production-ready onayı değildir."
src/Foundation/Runtime/Environment.php,Sınıf: Environment,Dosya içeriği otomatik statik tarandı; özel davranış kabulü verilmedi,117,d8fc649dbed58e6598c17ff40444cbdc300ad4ed70b4f3b8a2db8915f950006c,,tests/Unit/Foundation/Bootstrap/BootstrapTest.php; tests/Unit/Foundation/Runtime/EnvironmentTest.php,__construct; fromFile; set; get; getBool; getInt; toMaskedArray,,"İşlevler: fromFile, set. Bu dosya için ana raporda ayrı bug atanmadı; hatasız veya production-ready onayı değildir."
src/Foundation/Runtime/SystemRequirements.php,Sınıf: SystemRequirements,Dosya içeriği otomatik statik tarandı; özel davranış kabulü verilmedi,51,44dfad054b561c7044325c8d35ffdb58e29ff2f2079bf44b32eafd3ad61a19a2,,tests/Integration/SharedHost/SharedHostCompatibilityMatrixTest.php; tests/Unit/Foundation/Runtime/SystemRequirementsTest.php,check; isSatisfied,,İşlevler: check. Bu dosya için ana raporda ayrı bug atanmadı; hatasız veya production-ready onayı değildir.
src/Foundation/Scheduler/ScheduledTask.php,Sınıf: ScheduledTask,Dosya içeriği otomatik statik tarandı; özel davranış kabulü verilmedi,135,bcc687c727bd4a95339cd0f2c16a714aa6e75bd30e30e113bbb95f42d4bf67b4,,,__construct; getName; name; withoutOverlapping; everyMinute; everyFiveMinutes; everyTenMinutes; everyFifteenMinutes; hourly; dailyAt; when; isDue; run,,"İşlevler: name, withoutOverlapping, everyMinute, everyFiveMinutes, everyTenMinutes, everyFifteenMinutes, hourly, dailyAt, when, run. Bu dosya için ana raporda ayrı bug atanmadı; hatasız veya production-ready onayı değildir."
src/Foundation/Scheduler/Scheduler.php,Sınıf: Scheduler,Dosya içeriği otomatik statik tarandı; özel davranış kabulü verilmedi,177,8d38e4a1eadace6e979eb8413bae96cff1a6343aeb665e6529eb2e854397709b,,tests/Unit/Foundation/Scheduler/SchedulerTest.php,__construct; ensureHeartbeatTable; call; getTasks; run; getHeartbeat; recordHeartbeatStart; recordHeartbeatFinish,DDL:40; SQLite syntax:35; Domain SQL:126,"İşlevler: ensureHeartbeatTable, call, run, recordHeartbeatStart, recordHeartbeatFinish. Bu dosya için ana raporda ayrı bug atanmadı; hatasız veya production-ready onayı değildir."
src/Foundation/Storage/LocalStorage.php,Sınıf: LocalStorage,Dosya içeriği otomatik statik tarandı; özel davranış kabulü verilmedi,126,393262b75d2c6b2725e8f276ef15207be77c25bc3f8152644a52242c08d1af9a,,tests/Integration/SharedHost/SharedHostCompatibilityMatrixTest.php; tests/Unit/Foundation/Health/HealthAndSkeletonsTest.php; tests/Unit/Foundation/Storage/LocalStorageTest.php,__construct; put; get; exists; delete; size; mimeType; path; resolvePath,TODO:112,"İşlevler: put, exists, delete, size, mimeType, path, resolvePath. Bu dosya için ana raporda ayrı bug atanmadı; hatasız veya production-ready onayı değildir."
src/Foundation/Storage/StorageInterface.php,Sözleşme: StorageInterface,Dosya içeriği otomatik statik tarandı; özel davranış kabulü verilmedi,43,3a1128810b535c7610139a8fc0e89c6f1146ccf5752160272c91e7c40ea0a3e0,,,put; get; exists; delete; size; mimeType; path,,"İşlevler: put, exists, delete, size, mimeType, path. Bu dosya için ana raporda ayrı bug atanmadı; hatasız veya production-ready onayı değildir."
src/Foundation/Storage/StorageManager.php,Sınıf: StorageManager,Dosya içeriği otomatik statik tarandı; özel davranış kabulü verilmedi,38,2441d866b40441763f44d979a258587bc554a34e7a895283f378da235e6cb14b,,tests/Unit/Foundation/Storage/LocalStorageTest.php,__construct; private; backups; disk,,"İşlevler: private, backups, disk. Bu dosya için ana raporda ayrı bug atanmadı; hatasız veya production-ready onayı değildir."
src/Foundation/Telemetry/CorrelationContext.php,Sınıf: CorrelationContext,Dosya içeriği otomatik statik tarandı; özel davranış kabulü verilmedi,123,05a90f61b7bc9ddb5f004171303e17cb192883d3008874269ca20e487fd571b1,,tests/Unit/Foundation/Logging/LoggerTest.php; tests/Unit/Foundation/Telemetry/CorrelationContextTest.php,__construct; current; setCurrent; generate; fromRequest; getRequestId; getCorrelationId; getOperationId; setOperationId; getUserId; setUserId; getOrgId; setOrgId; toArray; generateUuid,,"İşlevler: current, setCurrent, generate, fromRequest, setOperationId, setUserId, setOrgId, generateUuid. Bu dosya için ana raporda ayrı bug atanmadı; hatasız veya production-ready onayı değildir."
src/Foundation/Validation/Validator.php,Sınıf: Validator,Dosya içeriği otomatik statik tarandı; özel davranış kabulü verilmedi,142,5c3422858db8d81e9e582857d6864e6ebd53061f96508440edde58318398de96,,tests/Unit/Foundation/Validation/ValidatorTest.php,validate; validateOrThrow; passes; checkRule; checkMin; checkMax,,"İşlevler: validate, validateOrThrow, passes, checkRule, checkMin, checkMax. Bu dosya için ana raporda ayrı bug atanmadı; hatasız veya production-ready onayı değildir."
src/Foundation/Worker/WorkerSupervisor.php,Sınıf: WorkerSupervisor,Dosya içeriği otomatik statik tarandı; özel davranış kabulü verilmedi,119,3f100fdbcc311a566f889a75dc9dc68aee9bf02f9b3430e6f71c582bff138e59,,tests/Integration/Performance/PerformanceAndReferenceBudgetRegressionTest.php; tests/Integration/SharedHost/SharedHostCompatibilityMatrixTest.php; tests/Unit/Foundation/Worker/WorkerSupervisorTest.php,__construct; stop; isStopped; limitsExceeded; run,,"İşlevler: stop, limitsExceeded, run. Bu dosya için ana raporda ayrı bug atanmadı; hatasız veya production-ready onayı değildir."
src/Ui/Accessibility/AccessibilityValidator.php,Sınıf: AccessibilityValidator,Odaklı kod incelemesi / ana rapor bağlantısı,107,95a82b85e36cd91c7cfe759d332aea01cce95b218403c8a3684b3f0c1967f9b9,F24,tests/Integration/LocalizationAndAccessibility/LocalizationCompletenessAndAccessibilitySuiteTest.php; tests/Unit/Ui/AccessibilityValidatorTest.php,validate; contrastRatio; relativeLuminance,,"Gerçek route/asset/browser deneyimi için F01/F24 bağlamı geçerlidir. İşlevler: validate, contrastRatio, relativeLuminance."
src/Ui/Admin/AdminShell.php,Sınıf: AdminShell,Odaklı kod incelemesi / ana rapor bağlantısı,167,f9048d1deb184823ddb691325478e83afce3eb06226dbf5c33002a5b5dbaaf62,F24,tests/Integration/LocalizationAndAccessibility/LocalizationCompletenessAndAccessibilitySuiteTest.php; tests/Unit/Ui/AccessibilityValidatorTest.php; tests/Unit/Ui/AdminShellTest.php,__construct; render; renderSidebar; renderHeader; renderActionCenter,,"Gerçek route/asset/browser deneyimi için F01/F24 bağlamı geçerlidir. İşlevler: render, renderSidebar, renderHeader, renderActionCenter."
src/Ui/Client/ClientShell.php,Sınıf: ClientShell,Odaklı kod incelemesi / ana rapor bağlantısı,143,556bb8b3b9c987f06f4fa4eb81a8cf952344ed0ad08dcf978516aa5f2bf46324,F24,tests/Integration/LocalizationAndAccessibility/LocalizationCompletenessAndAccessibilitySuiteTest.php; tests/Unit/Ui/AccessibilityValidatorTest.php; tests/Unit/Ui/ClientShellTest.php,__construct; render; renderNav; renderUserSection,Domain SQL:125,"Gerçek route/asset/browser deneyimi için F01/F24 bağlamı geçerlidir. İşlevler: render, renderNav, renderUserSection."
src/Ui/Components/ComponentRenderer.php,Sınıf: ComponentRenderer,Dosya içeriği otomatik statik tarandı; özel davranış kabulü verilmedi,121,62fcf340b288ee1f85e89af0fd0c1ea8e2a3aefd80401aa3c266d674a1ee1975,,tests/Integration/LocalizationAndAccessibility/LocalizationCompletenessAndAccessibilitySuiteTest.php; tests/Unit/Ui/AccessibilityValidatorTest.php; tests/Unit/Ui/ComponentRendererTest.php,button; badge; input; alert; renderAttributes,,"Gerçek route/asset/browser deneyimi için F01/F24 bağlamı geçerlidir. İşlevler: button, badge, input, alert, renderAttributes. Bu dosya için ana raporda ayrı bug atanmadı; hatasız veya production-ready onayı değildir."
src/Ui/Patterns/DataTable.php,Sınıf: DataTable,Dosya içeriği otomatik statik tarandı; özel davranış kabulü verilmedi,94,e58e548390b381f8fb5ac4b93d10321ea9c615ecd65345e40f56a6d589d6487f,,tests/Integration/LocalizationAndAccessibility/LocalizationCompletenessAndAccessibilitySuiteTest.php; tests/Unit/Ui/WorkspacePatternsTest.php,__construct; render; renderPagination,,"Gerçek route/asset/browser deneyimi için F01/F24 bağlamı geçerlidir. İşlevler: render, renderPagination. Bu dosya için ana raporda ayrı bug atanmadı; hatasız veya production-ready onayı değildir."
src/Ui/Patterns/Drawer.php,Sınıf: Drawer,Dosya içeriği otomatik statik tarandı; özel davranış kabulü verilmedi,36,e96b52f878444f2c941c4808e2f429033c4ca61f8c0456565d7d263424e3e3a3,,tests/Integration/LocalizationAndAccessibility/LocalizationCompletenessAndAccessibilitySuiteTest.php; tests/Unit/Ui/WorkspacePatternsTest.php,render,,Gerçek route/asset/browser deneyimi için F01/F24 bağlamı geçerlidir. İşlevler: render. Bu dosya için ana raporda ayrı bug atanmadı; hatasız veya production-ready onayı değildir.
src/Ui/Patterns/Modal.php,Sınıf: Modal,Dosya içeriği otomatik statik tarandı; özel davranış kabulü verilmedi,64,a724134277092e92d0b0de48b10ab93433639ba462df0d3214c9857bba746c12,,tests/Integration/LocalizationAndAccessibility/LocalizationCompletenessAndAccessibilitySuiteTest.php; tests/Unit/Ui/AccessibilityValidatorTest.php; tests/Unit/Ui/WorkspacePatternsTest.php,render,,Gerçek route/asset/browser deneyimi için F01/F24 bağlamı geçerlidir. İşlevler: render. Bu dosya için ana raporda ayrı bug atanmadı; hatasız veya production-ready onayı değildir.
src/Ui/Search/GlobalSearchIndex.php,Sınıf: GlobalSearchIndex,Dosya içeriği otomatik statik tarandı; özel davranış kabulü verilmedi,115,ab0384f76469290c0afb79fa0e083796f15998c3f0b786ee210c5e575ebc3a39,,tests/Unit/Ui/GlobalSearchIndexTest.php,registerItem; search; renderPaletteModal,,"Gerçek route/asset/browser deneyimi için F01/F24 bağlamı geçerlidir. İşlevler: registerItem, search, renderPaletteModal. Bu dosya için ana raporda ayrı bug atanmadı; hatasız veya production-ready onayı değildir."
src/Ui/tokens.css,UI design tokens / kaynak asset,Dosya içeriği otomatik statik tarandı; özel davranış kabulü verilmedi,80,0a7b2b5f332a840ff6ecc7c9db65f3ca32cdcf7a5c1e8aa78cee7e0fe53b0500,,,,,Gerçek route/asset/browser deneyimi için F01/F24 bağlamı geçerlidir. Bu dosya için ana raporda ayrı bug atanmadı; hatasız veya production-ready onayı değildir.
tests/Architecture/ArchitectureTest.php,Test kodu: ArchitectureTest,Test içeriği/metot/bağımlılık taraması; 900-test suite çalıştırmasına dahil; odaklı kabul incelemesi,117,b302dda2fe061ab70f004ea18a8082fb377597539bc04283307808f7f52b8053,F22,,setUp; testAllSourceFilesDeclareStrictTypes; testDomainDoesNotDependOnInfrastructureImplementations; testFoundationDoesNotDependOnDomain; testNoRawDumpsOrSuppressionInSource; getAllPhpFiles,"TODO:24,34,58,77,95","Test yöntemleri: testAllSourceFilesDeclareStrictTypes, testDomainDoesNotDependOnInfrastructureImplementations, testFoundationDoesNotDependOnDomain, testNoRawDumpsOrSuppressionInSource. Test geçtiği, orijinal kabul akışının tamamının kapsandığı anlamına gelmez."
tests/Architecture/SecurityAndDependencyScanTest.php,Test kodu: SecurityAndDependencyScanTest,Test içeriği/metot/bağımlılık taraması; 900-test suite çalıştırmasına dahil,160,e838cc65a1a1836c5b6052da1fe224f978e96966b01e87efb37baab825b716e6,,,setUp; testAllPhpFilesDeclareStrictTypesAcrossSrcAndTests; testNoDangerousOrInsecureFunctionsInSource; testNoHardcodedSecretPatternsInRepository; testNoDebugDumpsOrErrorSuppressionInSource; testComposerDependenciesAreMinimalAndCompliant; getPhpFiles,"TODO:32,42,68,99,117","Test yöntemleri: testAllPhpFilesDeclareStrictTypesAcrossSrcAndTests, testNoDangerousOrInsecureFunctionsInSource, testNoHardcodedSecretPatternsInRepository, testNoDebugDumpsOrErrorSuppressionInSource, testComposerDependenciesAreMinimalAndCompliant. Test geçtiği, orijinal kabul akışının tamamının kapsandığı anlamına gelmez."
tests/Integration/.gitkeep,Test kodu: .gitkeep,Test içeriği/metot/bağımlılık taraması; 900-test suite çalıştırmasına dahil,1,2c01e69dd107b9d10c8bf9e42b520232d0015d08ab8d065c940fb1964363673b,,,,,"Test yöntemleri: . Test geçtiği, orijinal kabul akışının tamamının kapsandığı anlamına gelmez."
tests/Integration/Chaos/ChaosAndConcurrencySuiteTest.php,Test kodu: ChaosAndConcurrencySuiteTest,Test içeriği/metot/bağımlılık taraması; 900-test suite çalıştırmasına dahil,766,c74b021d2025fa7c0aff2f0850820e28e605001970fe7f26a0f71fce4785b8e5,,,setUp; testDoublePaymentWebhookDeliveryConcurrentChaos; testConcurrentCreditLedgerDebitCompetition; testServerPlacementAndCapacityRaceConditionUnderContention; testProvider429RateLimitExponentialBackoffAndJitterBounds; testTransientVsPermanentErrorClassificationChaos; testDomainRegistrarNetworkTimeoutUncertaintyReconciliation; __construct; getRegistrarId; getName; supportsCapability; getSupportedCapabilities; checkAvailability; registerDomain; renewDomain; transferDomain; getNameservers; updateNameservers; getRegistrarLock; setRegistrarLock; getEppCode; getContacts; updateContacts; testMissedSchedulerCatchupDistributedWorkerCollisionPrevention; testServiceOptimisticConcurrencyControlUnderStateMismatches,"Simulation:189,190,191,196,221,530,569,620,631,645,653; Runtime exception:570; TODO:295,359,411,414,419,424,439,529,530,531,534,536,568,622,631,652,653,717; Domain SQL:756,762","Test yöntemleri: testDoublePaymentWebhookDeliveryConcurrentChaos, testConcurrentCreditLedgerDebitCompetition, testServerPlacementAndCapacityRaceConditionUnderContention, testProvider429RateLimitExponentialBackoffAndJitterBounds, testTransientVsPermanentErrorClassificationChaos, testDomainRegistrarNetworkTimeoutUncertaintyReconciliation, testMissedSchedulerCatchupDistributedWorkerCollisionPrevention, testServiceOptimisticConcurrencyControlUnderStateMismatches. Bellek içi SQLite fixture; MariaDB/shared-host doğrulaması değildir. Mock/memory collaborator; gerçek sağlayıcı kanıtı değildir. Test geçtiği, orijinal kabul akışının tamamının kapsandığı anlamına gelmez."
tests/Integration/Commerce/GoldenManualCommerceE2ETest.php,Test kodu: GoldenManualCommerceE2ETest,Test içeriği/metot/bağımlılık taraması; 900-test suite çalıştırmasına dahil,334,289dab5945f4fddc404405ef871c15a101377da222d312484e37e439999664a0,,,setUp; testGoldenManualCommerceVerticalEndToEnd,,"Test yöntemleri: testGoldenManualCommerceVerticalEndToEnd. Bellek içi SQLite fixture; MariaDB/shared-host doğrulaması değildir. Test geçtiği, orijinal kabul akışının tamamının kapsandığı anlamına gelmez."
tests/Integration/Golden/GoldenMasterScenariosE2ETest.php,Test kodu: GoldenMasterScenariosE2ETest,Test içeriği/metot/bağımlılık taraması; 900-test suite çalıştırmasına dahil; odaklı kabul incelemesi,954,50f437b6eb33f750217b2d604911545a35ab59822244380fef5c7a2a86cd9fe9,F04 F30,,setUp; tearDown; removeDirectory; createDb; testG01ManualCommerceScenario; testG02AutomatedHostingScenario; testG03RenewalLifecycleScenario; testG04DomainLifecycleScenario; testG05FailureAndIdempotencyScenario; testG06RecoveryAndHardeningScenario; testG07WhmcsCutoverScenario; testG08PrivacyTombstoneRestoreScenario,"DDL:766,824,865; SQLite syntax:825; Simulation:46,282,436,715; TODO:45,85,90,91,96,437,438,729,757,769,770,779,797,803,836,876,877,886; Domain SQL:729,767,795,814,832,874,920,936,949","Test yöntemleri: testG01ManualCommerceScenario, testG02AutomatedHostingScenario, testG03RenewalLifecycleScenario, testG04DomainLifecycleScenario, testG05FailureAndIdempotencyScenario, testG06RecoveryAndHardeningScenario, testG07WhmcsCutoverScenario, testG08PrivacyTombstoneRestoreScenario. Bellek içi SQLite fixture; MariaDB/shared-host doğrulaması değildir. Mock/memory collaborator; gerçek sağlayıcı kanıtı değildir. Test geçtiği, orijinal kabul akışının tamamının kapsandığı anlamına gelmez."
tests/Integration/LocalizationAndAccessibility/LocalizationCompletenessAndAccessibilitySuiteTest.php,Test kodu: LocalizationCompletenessAndAccessibilitySuiteTest,Test içeriği/metot/bağımlılık taraması; 900-test suite çalıştırmasına dahil; odaklı kabul incelemesi,231,e022bc075527aca8923ab61124ef5ff11c36bf110c8c33400f62a685590a0e4f,F24,,setUp; testTurkishAndEnglishFullTranslationParity; testDocumentLocalizationAndFormattingCompleteness; testDesignTokenColorContrastRatioAudit; testComponentAndPatternAccessibilityCompliance; testAdminAndClientShellLayoutAccessibility,"TODO:45,50,55,81,164,167,171,174,189,225,229","Test yöntemleri: testTurkishAndEnglishFullTranslationParity, testDocumentLocalizationAndFormattingCompleteness, testDesignTokenColorContrastRatioAudit, testComponentAndPatternAccessibilityCompliance, testAdminAndClientShellLayoutAccessibility. Test geçtiği, orijinal kabul akışının tamamının kapsandığı anlamına gelmez."
tests/Integration/Performance/PerformanceAndReferenceBudgetRegressionTest.php,Test kodu: PerformanceAndReferenceBudgetRegressionTest,Test içeriği/metot/bağımlılık taraması; 900-test suite çalıştırmasına dahil; odaklı kabul incelemesi,510,a1f21c52369d6629fec5a98743910b84758845f275789860feb27f9074b6a27a,F17,,handle; queue; maxAttempts; backoffSeconds; setUp; testSimpleApiReadBackendLatencyBudget; testClientDashboardAggregationLatencyBudget; testAdminDashboardAggregationLatencyBudget; testPrimaryPageQueryBudgetEnforcement; testListOperationsPreventNPlusOneQueryExplosion; testLargeDatasetExportEnforcesChunkingAndMemoryBound; testQueueWorkerHonorsRuntimeAndMemoryBudgets,"DDL:173,187,202,213,223,234,241,249,256,425; SQLite syntax:174,188,203,214,224,235,242,250,257,426; TODO:39,423; Domain SQL:280,286,292,447","Test yöntemleri: testSimpleApiReadBackendLatencyBudget, testClientDashboardAggregationLatencyBudget, testAdminDashboardAggregationLatencyBudget, testPrimaryPageQueryBudgetEnforcement, testListOperationsPreventNPlusOneQueryExplosion, testLargeDatasetExportEnforcesChunkingAndMemoryBound, testQueueWorkerHonorsRuntimeAndMemoryBudgets. Bellek içi SQLite fixture; MariaDB/shared-host doğrulaması değildir. Test geçtiği, orijinal kabul akışının tamamının kapsandığı anlamına gelmez."
tests/Integration/ReleaseCandidate/ReleaseCandidateSoakAndGateApprovalTest.php,Test kodu: ReleaseCandidateSoakAndGateApprovalTest,Test içeriği/metot/bağımlılık taraması; 900-test suite çalıştırmasına dahil; odaklı kabul incelemesi,119,04798830e7d8452912e7a8bc2c5e637d018340e35f42c415707337c8c36cc374,F28,,setUp; testAllPredecessorPhasesHaveApprovedGateDecisions; testP18SubphasesExecutionRecordsComplete; testScopeFreezeAndCleanDependencyGraph; testReleaseNotesAndDistributionReadiness; testStrictTypesEnforcementAcrossSourceFiles,,"Test yöntemleri: testAllPredecessorPhasesHaveApprovedGateDecisions, testP18SubphasesExecutionRecordsComplete, testScopeFreezeAndCleanDependencyGraph, testReleaseNotesAndDistributionReadiness, testStrictTypesEnforcementAcrossSourceFiles. Test geçtiği, orijinal kabul akışının tamamının kapsandığı anlamına gelmez."
tests/Integration/ReleasePackage/ReleasePackagingAndSignatureSuiteTest.php,Test kodu: ReleasePackagingAndSignatureSuiteTest,Test içeriği/metot/bağımlılık taraması; 900-test suite çalıştırmasına dahil,201,f0a5270b144f8886f4ffb00eab51a9fbd000e33b1bd98ec97a5490912da92829,,,setUp; tearDown; deleteDirectory; testReleasePackageGenerationAndChecksumManifest; testCryptographicSignatureAndArchiveVerification; testTamperedPackageDetectionAndRejection; testReleaseNotesCompletenessAndVersionAlignment,"TODO:22,30,31,33,39,61,84,109,126,127,136,149,164","Test yöntemleri: testReleasePackageGenerationAndChecksumManifest, testCryptographicSignatureAndArchiveVerification, testTamperedPackageDetectionAndRejection, testReleaseNotesCompletenessAndVersionAlignment. Test geçtiği, orijinal kabul akışının tamamının kapsandığı anlamına gelmez."
tests/Integration/ReleaseRehearsal/ReleaseRehearsalLifecycleSuiteTest.php,Test kodu: ReleaseRehearsalLifecycleSuiteTest,Test içeriği/metot/bağımlılık taraması; 900-test suite çalıştırmasına dahil,544,2304c2122daba32eb11966c8206b035f9cbdd1ee9e93fc77fee12e0b90bb2d8b,,,setUp; tearDown; deleteDirectory; testFreshInstallationLifecycleAndLockEnforcement; testCryptographicallySignedUpgradeAndStagedUpdate; testDisasterRecoveryBackupRestoreAndPrivacyReconciliation; testCompleteWhmcsCutoverRehearsalAndAuditSeal; createWhmcsSourceSchema; seedWhmcsSourceDataset,"DDL:277,347,515,516,517,518,519,520,521,522,523,524,525,526,527,528; Simulation:58,426; TODO:57,79,84,85,90,112,163,166,167,185,186,267,268,269,298,301,321,427; Domain SQL:207,227,278,279,336,341,348,518,533,534,535,536,537,538,539,540,541,542","Test yöntemleri: testFreshInstallationLifecycleAndLockEnforcement, testCryptographicallySignedUpgradeAndStagedUpdate, testDisasterRecoveryBackupRestoreAndPrivacyReconciliation, testCompleteWhmcsCutoverRehearsalAndAuditSeal. Bellek içi SQLite fixture; MariaDB/shared-host doğrulaması değildir. Test geçtiği, orijinal kabul akışının tamamının kapsandığı anlamına gelmez."
tests/Integration/SharedHost/SharedHostCompatibilityMatrixTest.php,Test kodu: SharedHostCompatibilityMatrixTest,Test içeriği/metot/bağımlılık taraması; 900-test suite çalıştırmasına dahil; odaklı kabul incelemesi,273,747649a2027503137c1160f93f4e9604bda83c828681d69ea3160eddb2cf501d,F30,,handle; queue; maxAttempts; backoffSeconds; setUp; tearDown; deleteDirectory; testRuntimeAndStandardExtensionsSatisfyRequirements; testQueueOperatesReliablyViaDatabaseQueueWithoutRedis; testConcurrencyLockingOperatesViaDatabaseLockWithoutRedis; testCachingOperatesViaFileAndDatabaseAdapters; testLocalStorageOperatesSecurelyWithinDirectoryBoundaries; testSystemDoctorReportsHealthyOnSharedHostProfile,"DDL:231; SQLite syntax:232; Simulation:208,210; TODO:35,55,63,64,71,96,174,204,246,254","Test yöntemleri: testRuntimeAndStandardExtensionsSatisfyRequirements, testQueueOperatesReliablyViaDatabaseQueueWithoutRedis, testConcurrencyLockingOperatesViaDatabaseLockWithoutRedis, testCachingOperatesViaFileAndDatabaseAdapters, testLocalStorageOperatesSecurelyWithinDirectoryBoundaries, testSystemDoctorReportsHealthyOnSharedHostProfile. Bellek içi SQLite fixture; MariaDB/shared-host doğrulaması değildir. Test geçtiği, orijinal kabul akışının tamamının kapsandığı anlamına gelmez."
tests/Unit/Abuse/AbuseCaseTest.php,Test kodu: AbuseCaseTest,Test içeriği/metot/bağımlılık taraması; 900-test suite çalıştırmasına dahil,288,08c8ac3a5be797550900b4ef4b3938b14ae092fd9f40defcf5384949e6063de8,,,setUp; testCreateAbuseCaseWithAutomaticDeadline; testCreateCaseValidationRequiresMandatoryFields; testMessageWorkflowTriggersAutomaticStateTransitions; testOverdueCasesDetection; testResolveAndDismissCaseWorkflows; testSuspendResourceEmergencyAction; testResourceAndUserIndexing,,"Test yöntemleri: testCreateAbuseCaseWithAutomaticDeadline, testCreateCaseValidationRequiresMandatoryFields, testMessageWorkflowTriggersAutomaticStateTransitions, testOverdueCasesDetection, testResolveAndDismissCaseWorkflows, testSuspendResourceEmergencyAction, testResourceAndUserIndexing. Bellek içi SQLite fixture; MariaDB/shared-host doğrulaması değildir. Test geçtiği, orijinal kabul akışının tamamının kapsandığı anlamına gelmez."
tests/Unit/Analytics/AnalyticsPermissionsAndScopeTest.php,Test kodu: AnalyticsPermissionsAndScopeTest,Test içeriği/metot/bağımlılık taraması; 900-test suite çalıştırmasına dahil,202,d12359b26f46aa5f13da40bfce990d7ac1c0a63fd4158ded79aa5e411f624a1c,,,setUp; testSuperAdminHasUniversalAccess; testStaffUserRoleSegregationAndEnforcement; testEnforceRebuildAccessThrowsWhenMissingPermission; testEnforceExportAccessThrowsWhenMissingPermission; testMetricCategoryPermissionEnforcement; testOrganizationDataScopeIsolationEnforced; testScopeFilterSqlGeneration; testSensitiveFinancialMetricRedaction,TODO:94,"Test yöntemleri: testSuperAdminHasUniversalAccess, testStaffUserRoleSegregationAndEnforcement, testEnforceRebuildAccessThrowsWhenMissingPermission, testEnforceExportAccessThrowsWhenMissingPermission, testMetricCategoryPermissionEnforcement, testOrganizationDataScopeIsolationEnforced, testScopeFilterSqlGeneration, testSensitiveFinancialMetricRedaction. Test geçtiği, orijinal kabul akışının tamamının kapsandığı anlamına gelmez."
tests/Unit/Analytics/CurrencyTimezoneFreshnessTest.php,Test kodu: CurrencyTimezoneFreshnessTest,Test içeriği/metot/bağımlılık taraması; 900-test suite çalıştırmasına dahil,141,cd22839622c0eaa7e884ff0acac477f732b3bcb4fff0dc67ba0306372b457fb7,,,setUp; createTables; testCurrencyContextUsesHistoricalRatesWithoutSilentRecalculation; testTimezoneAnalyticsContextTranslatesLocalDayToUtcWindow; testDataFreshnessEvaluatesRealtimeNearRealtimeAndStale,"DDL:32,41; SQLite syntax:33,42; Domain SQL:110,121,130,137","Test yöntemleri: testCurrencyContextUsesHistoricalRatesWithoutSilentRecalculation, testTimezoneAnalyticsContextTranslatesLocalDayToUtcWindow, testDataFreshnessEvaluatesRealtimeNearRealtimeAndStale. Bellek içi SQLite fixture; MariaDB/shared-host doğrulaması değildir. Test geçtiği, orijinal kabul akışının tamamının kapsandığı anlamına gelmez."
tests/Unit/Analytics/DailyMonthlyReadModelAggregationTest.php,Test kodu: DailyMonthlyReadModelAggregationTest,Test içeriği/metot/bağımlılık taraması; 900-test suite çalıştırmasına dahil,218,ad763b642c1e43c6f60f34f4b1d5484d565c1f6ebe60c77c845aebe8480aa46b,,,setUp; createSourceTables; testDailyAggregationComputationAndStorage; testRebuildDailyDateRangeBackfill; testMonthlyAggregationDerivationFromDailyAndSnapshots; testRebuildIdempotencyDoesNotDuplicateRows; testDateValidationRules,"DDL:32,43,53,62,69,76,85; SQLite syntax:33,44,54,63,70,77,86; TODO:159; Domain SQL:103,107,113,119,124,125,126,129,171,175,181,206","Test yöntemleri: testDailyAggregationComputationAndStorage, testRebuildDailyDateRangeBackfill, testMonthlyAggregationDerivationFromDailyAndSnapshots, testRebuildIdempotencyDoesNotDuplicateRows, testDateValidationRules. Bellek içi SQLite fixture; MariaDB/shared-host doğrulaması değildir. Test geçtiği, orijinal kabul akışının tamamının kapsandığı anlamına gelmez."
tests/Unit/Analytics/GoldenFinancialLedgerReconciliationTest.php,Test kodu: GoldenFinancialLedgerReconciliationTest,Test içeriği/metot/bağımlılık taraması; 900-test suite çalıştırmasına dahil,163,ee7b0719f7cfc5b484266dad01c730c68569e6eaa88906e4f5047bd6bb3bd4e8,,,setUp; testGoldenDatasetSeedsCleanlyAndMatchesDeterministicExpectations; testSourceLedgerReconciliationZeroUnexplainedDiff; testReconciliationWithDirectFinancialPeriodSummary; testReconciliationDetectsGhostLedgerTransactions; testReconciliationDetectsAnalyticsRollupCorruption; testReconciliationValidatesDates,"TODO:81,131","Test yöntemleri: testGoldenDatasetSeedsCleanlyAndMatchesDeterministicExpectations, testSourceLedgerReconciliationZeroUnexplainedDiff, testReconciliationWithDirectFinancialPeriodSummary, testReconciliationDetectsGhostLedgerTransactions, testReconciliationDetectsAnalyticsRollupCorruption, testReconciliationValidatesDates. Bellek içi SQLite fixture; MariaDB/shared-host doğrulaması değildir. Test geçtiği, orijinal kabul akışının tamamının kapsandığı anlamına gelmez."
tests/Unit/Analytics/InvoiceVsCashFinancialMetricsTest.php,Test kodu: InvoiceVsCashFinancialMetricsTest,Test içeriği/metot/bağımlılık taraması; 900-test suite çalıştırmasına dahil,202,c8cb6b9a58c421a015bd1ad26034c4d98c62b7f2fb28d7990f2b5d86ed268fb4,,,setUp; createFinancialTables; testPeriodFinancialMetricsCalculatesInvoiceClaimsAndCashSeparately; testAgingReceivablesCategorizationAcrossBuckets; testContributionMarginCalculatesNetAndMarginPercent; testDateValidationThrowsOnInvalidInputs; testDateValidationThrowsWhenStartDateAfterEndDate,"DDL:31,46,57; SQLite syntax:32,47,58; Domain SQL:72,77,82,88,94,122,127,132,137,142,160,165","Test yöntemleri: testPeriodFinancialMetricsCalculatesInvoiceClaimsAndCashSeparately, testAgingReceivablesCategorizationAcrossBuckets, testContributionMarginCalculatesNetAndMarginPercent, testDateValidationThrowsOnInvalidInputs, testDateValidationThrowsWhenStartDateAfterEndDate. Bellek içi SQLite fixture; MariaDB/shared-host doğrulaması değildir. Test geçtiği, orijinal kabul akışının tamamının kapsandığı anlamına gelmez."
tests/Unit/Analytics/MetricRegistryAndSemanticLayerTest.php,Test kodu: MetricRegistryAndSemanticLayerTest,Test içeriği/metot/bağımlılık taraması; 900-test suite çalıştırmasına dahil,189,879649f6f2cab55f94b4bc525cc53dcee5cbfa1f65151aaa329bb01adead99dc,,,setUp; testDefaultMetricsLoadedInRegistry; testRevenueCashInvoiceSeparationSemantics; testCustomMetricRegistration; testQueryValidationWithAllowedAndForbiddenDimensions; testQueryValidationRejectsInvalidDimensions; testSemanticLayerValueFormatting; testDerivedMetricCalculations; testSemanticCatalogIntrospection,,"Test yöntemleri: testDefaultMetricsLoadedInRegistry, testRevenueCashInvoiceSeparationSemantics, testCustomMetricRegistration, testQueryValidationWithAllowedAndForbiddenDimensions, testQueryValidationRejectsInvalidDimensions, testSemanticLayerValueFormatting, testDerivedMetricCalculations, testSemanticCatalogIntrospection. Test geçtiği, orijinal kabul akışının tamamının kapsandığı anlamına gelmez."
tests/Unit/Analytics/RoleBasedDashboardsTest.php,Test kodu: RoleBasedDashboardsTest,Test içeriği/metot/bağımlılık taraması; 900-test suite çalıştırmasına dahil,222,c7f8882a9995f048961b65513952dc92a64bef89dd147ddf8807190ab23c64ad,,,setUp; createAllTables; testOwnerDashboardAssembly; testFinanceDashboardAssembly; testSalesDashboardAssembly; testOperationsDashboardAssembly; testSupportDashboardAssembly,"DDL:47,61,76,87,97,105,112,120,127; SQLite syntax:48,62,77,88,98,106,113,121,128; Domain SQL:141,142,145,163,164,179,180,181,182,194,195,196,197,210,211","Test yöntemleri: testOwnerDashboardAssembly, testFinanceDashboardAssembly, testSalesDashboardAssembly, testOperationsDashboardAssembly, testSupportDashboardAssembly. Bellek içi SQLite fixture; MariaDB/shared-host doğrulaması değildir. Test geçtiği, orijinal kabul akışının tamamının kapsandığı anlamına gelmez."
tests/Unit/Analytics/SubscriptionSnapshotAndMrrTest.php,Test kodu: SubscriptionSnapshotAndMrrTest,Test içeriği/metot/bağımlılık taraması; 900-test suite çalıştırmasına dahil,192,bf20528d2eb521f1454d5b584ef7dd2a84ac571fb2a3c5f918e0153493939537,,,setUp; createServicesTable; testMrrCalculatorNormalizationAcrossCycles; testCaptureSubscriptionSnapshotFromActiveServices; testSequentialSnapshotsCalculateNewAndChurnedMrr; testMrrWaterfallReportGeneration; testSnapshotDateValidation; testHistoricalSnapshotsRetrieval,"DDL:34; SQLite syntax:35; Domain SQL:82,87,92,97,116,125,135,147,154,178","Test yöntemleri: testMrrCalculatorNormalizationAcrossCycles, testCaptureSubscriptionSnapshotFromActiveServices, testSequentialSnapshotsCalculateNewAndChurnedMrr, testMrrWaterfallReportGeneration, testSnapshotDateValidation, testHistoricalSnapshotsRetrieval. Bellek içi SQLite fixture; MariaDB/shared-host doğrulaması değildir. Test geçtiği, orijinal kabul akışının tamamının kapsandığı anlamına gelmez."
tests/Unit/Api/ApiFoundationTest.php,Test kodu: ApiFoundationTest,Test içeriği/metot/bağımlılık taraması; 900-test suite çalıştırmasına dahil,106,294d1515c036db2b2b7d8ff0d7870776dc9419ae2c9149351d7968b9c10b4b50,,,setUp; testApiKeyCreationAndAuthentication; testExpiredApiKeyFailsAuthentication; testRateLimiterLimitsRequests; testApiResponseFormatters,"TODO:38,54","Test yöntemleri: testApiKeyCreationAndAuthentication, testExpiredApiKeyFailsAuthentication, testRateLimiterLimitsRequests, testApiResponseFormatters. Bellek içi SQLite fixture; MariaDB/shared-host doğrulaması değildir. Test geçtiği, orijinal kabul akışının tamamının kapsandığı anlamına gelmez."
tests/Unit/Api/CommerceApiAndApplicationLayerTest.php,Test kodu: CommerceApiAndApplicationLayerTest,Test içeriği/metot/bağımlılık taraması; 900-test suite çalıştırmasına dahil,313,f960bbb1648ac446cc497ad5c9e15ecfec8134ed9d08578c43ce0286940a6e15,,,setUp; testOrderApiControllerCreateShowListAndCancel; testOrderApiControllerIdorProtection; testInvoiceApiControllerCreateShowAndList; testPaymentApiControllerCheckoutAndManualPayment; testPaymentApiControllerRefundAccessControl; testQuoteApiControllerShowAndAccept,"Simulation:72,85; TODO:150,181,253","Test yöntemleri: testOrderApiControllerCreateShowListAndCancel, testOrderApiControllerIdorProtection, testInvoiceApiControllerCreateShowAndList, testPaymentApiControllerCheckoutAndManualPayment, testPaymentApiControllerRefundAccessControl, testQuoteApiControllerShowAndAccept. Bellek içi SQLite fixture; MariaDB/shared-host doğrulaması değildir. Test geçtiği, orijinal kabul akışının tamamının kapsandığı anlamına gelmez."
tests/Unit/Api/OpenApiAndApiLogsTest.php,Test kodu: OpenApiAndApiLogsTest,Test içeriği/metot/bağımlılık taraması; 900-test suite çalıştırmasına dahil,90,4621c432088b24c8ea9bf2f60591b13dd1d0381070b5350ac26cbf0a094a8066,,,setUp; testOpenApiSchemaGeneration; testApiRequestLoggerWritesAndQueriesRecords,,"Test yöntemleri: testOpenApiSchemaGeneration, testApiRequestLoggerWritesAndQueriesRecords. Bellek içi SQLite fixture; MariaDB/shared-host doğrulaması değildir. Test geçtiği, orijinal kabul akışının tamamının kapsandığı anlamına gelmez."
tests/Unit/Automation/ActionTest.php,Test kodu: ActionTest,Test içeriği/metot/bağımlılık taraması; 900-test suite çalıştırmasına dahil,112,e1bb8eae7774b80c5c60faedbbd64e4bb11b65e58584042a3f1dec7742465abe,,,testActionDefinitionTemplateInterpolation; testActionRegistry; testCallbackActionHandler; testLogActionHandler; testSetContextActionHandler,TODO:21,"Test yöntemleri: testActionDefinitionTemplateInterpolation, testActionRegistry, testCallbackActionHandler, testLogActionHandler, testSetContextActionHandler. Test geçtiği, orijinal kabul akışının tamamının kapsandığı anlamına gelmez."
tests/Unit/Automation/ApprovalAndLifecycleTest.php,Test kodu: ApprovalAndLifecycleTest,Test içeriği/metot/bağımlılık taraması; 900-test suite çalıştırmasına dahil,342,601144885705e219c8b77f79287d608a0cc050b7926e2909373e76a5e32a25b0,,,setUp; testApprovalGateWorkflow; testApprovalRejectionAndExpiration; testDelayedExecutionWorkflow; testObserveModeExecution; testDryRunModeSimulation; testRuleVersioningAndDiff; testRunHistoryPersistence,"Simulation:22,36,47,183","Test yöntemleri: testApprovalGateWorkflow, testApprovalRejectionAndExpiration, testDelayedExecutionWorkflow, testObserveModeExecution, testDryRunModeSimulation, testRuleVersioningAndDiff, testRunHistoryPersistence. Test geçtiği, orijinal kabul akışının tamamının kapsandığı anlamına gelmez."
tests/Unit/Automation/AutomationEngineTest.php,Test kodu: AutomationEngineTest,Test içeriği/metot/bağımlılık taraması; 900-test suite çalıştırmasına dahil,241,d0e90fbc5524bd0e37a4b833118c72adb02ea8d7625d6a86f848f8354afe9b44,,,setUp; testDisabledRuleIsSkipped; testTriggerMismatchIsSkipped; testIfElseExecutionBranches; testChainedActionExecutionWithContextEnhancement; testActionFailureHandledGracefully; testProcessEventRespectsPriorityOrdering,Runtime exception:176,"Test yöntemleri: testDisabledRuleIsSkipped, testTriggerMismatchIsSkipped, testIfElseExecutionBranches, testChainedActionExecutionWithContextEnhancement, testActionFailureHandledGracefully, testProcessEventRespectsPriorityOrdering. Test geçtiği, orijinal kabul akışının tamamının kapsandığı anlamına gelmez."
tests/Unit/Automation/ConditionTest.php,Test kodu: ConditionTest,Test içeriği/metot/bağımlılık taraması; 900-test suite çalıştırmasına dahil,176,80988b7af4937f29310a672d5e3194f33e63b599031da7d8b1377482006cc913,,,testEqualityOperators; testNumericComparisons; testStringAndCollectionOperators; testConditionGroupAndLogic; testConditionGroupOrLogic; testNestedConditionGroups,,"Test yöntemleri: testEqualityOperators, testNumericComparisons, testStringAndCollectionOperators, testConditionGroupAndLogic, testConditionGroupOrLogic, testNestedConditionGroups. Test geçtiği, orijinal kabul akışının tamamının kapsandığı anlamına gelmez."
tests/Unit/Automation/DomainCommandAdaptersTest.php,Test kodu: DomainCommandAdaptersTest,Test içeriği/metot/bağımlılık taraması; 900-test suite çalıştırmasına dahil,329,940b9a742e8471e27843b58ddba27714c5d9f822a7bd8aae2dff807cf2ee588e,,,setUp; testServiceSuspendAndUnsuspendAdapters; testServiceTerminateAndCancelAdapters; testServiceRenewAdapter; testRenewalInvoiceAdapter; testInvoiceStatusAdapter; testNotificationAdapters; testEndToEndAutomationRuleUsingDomainCommandAdapters; createTestService,"Simulation:36,48,70; TODO:35,71,72,211,276","Test yöntemleri: testServiceSuspendAndUnsuspendAdapters, testServiceTerminateAndCancelAdapters, testServiceRenewAdapter, testRenewalInvoiceAdapter, testInvoiceStatusAdapter, testNotificationAdapters, testEndToEndAutomationRuleUsingDomainCommandAdapters. Bellek içi SQLite fixture; MariaDB/shared-host doğrulaması değildir. Test geçtiği, orijinal kabul akışının tamamının kapsandığı anlamına gelmez."
tests/Unit/Automation/EmergencySafetyTest.php,Test kodu: EmergencySafetyTest,Test içeriği/metot/bağımlılık taraması; 900-test suite çalıştırmasına dahil,395,b4198ffcf36f8243e9c06e9f125515f39b9e04f22176e3bac319b8175ace0e4b,,,testEmergencyPauseStateDefaultsAndActive; testEmergencyPauseManagerPauseResumeAndScope; testDestructiveActionRegistry; testBlastRadiusLimiterWithinLimitAndTripping; testAutomationEngineWithGlobalEmergencyPauseBlocksExecution; testAutomationEngineWithDestructiveEmergencyPauseBlocksOnlyDestructiveActions; testAutomationEngineWithBlastRadiusLimiter; testOverdueLifecycleWorkflowRespectsEmergencyPause,"Simulation:15,147","Test yöntemleri: testEmergencyPauseStateDefaultsAndActive, testEmergencyPauseManagerPauseResumeAndScope, testDestructiveActionRegistry, testBlastRadiusLimiterWithinLimitAndTripping, testAutomationEngineWithGlobalEmergencyPauseBlocksExecution, testAutomationEngineWithDestructiveEmergencyPauseBlocksOnlyDestructiveActions, testAutomationEngineWithBlastRadiusLimiter, testOverdueLifecycleWorkflowRespectsEmergencyPause. Bellek içi SQLite fixture; MariaDB/shared-host doğrulaması değildir. Test geçtiği, orijinal kabul akışının tamamının kapsandığı anlamına gelmez."
tests/Unit/Automation/IfElseBranchTest.php,Test kodu: IfElseBranchTest,Test içeriği/metot/bağımlılık taraması; 900-test suite çalıştırmasına dahil,64,a207ed29ab1da94b50c8b32032137fa841bc1629c5298b57671811a3c22653c3,,,testThenBranchTakenWhenConditionIsTrue; testElseBranchTakenWhenConditionIsFalse; testNoneBranchWhenConditionIsFalseAndNoElseActions,,"Test yöntemleri: testThenBranchTakenWhenConditionIsTrue, testElseBranchTakenWhenConditionIsFalse, testNoneBranchWhenConditionIsFalseAndNoElseActions. Test geçtiği, orijinal kabul akışının tamamının kapsandığı anlamına gelmez."
tests/Unit/Automation/TriggerTest.php,Test kodu: TriggerTest,Test içeriği/metot/bağımlılık taraması; 900-test suite çalıştırmasına dahil,122,f453a5013291fdf2241438a09f572fe17777de4943027257a6792f678376f9a5,,,testTriggerContextDotNotation; testTriggerContextMutations; testEventTriggerExactAndWildcardMatching; testEventTriggerWithPayloadFilters; testScheduleTriggerMatching; testManualTriggerMatching,,"Test yöntemleri: testTriggerContextDotNotation, testTriggerContextMutations, testEventTriggerExactAndWildcardMatching, testEventTriggerWithPayloadFilters, testScheduleTriggerMatching, testManualTriggerMatching. Test geçtiği, orijinal kabul akışının tamamının kapsandığı anlamına gelmez."
tests/Unit/Backup/EnterpriseBackupLifecycleTest.php,Test kodu: EnterpriseBackupLifecycleTest,Test içeriği/metot/bağımlılık taraması; 900-test suite çalıştırmasına dahil,192,9744e6b8bba640b82d256e781822924ae6604df6e7a57b60d88acd30e5498c13,,,setUp; tearDown; removeDirectory; testEncryptionAndDecryptionService; testFullBackupWithLocalDestinationAndEncryption; testDatabaseOnlyBackupToSftpRemoteAdapter; testFilesOnlyBackupToS3Adapter; testRetentionPolicyPrunesOldestBackups,"DDL:39; Simulation:117,139,159,161; TODO:22,23,30,31,33,34,45,46,81,87,89,105,106,112,134,141,165,166; Domain SQL:40","Test yöntemleri: testEncryptionAndDecryptionService, testFullBackupWithLocalDestinationAndEncryption, testDatabaseOnlyBackupToSftpRemoteAdapter, testFilesOnlyBackupToS3Adapter, testRetentionPolicyPrunesOldestBackups. Bellek içi SQLite fixture; MariaDB/shared-host doğrulaması değildir. Test geçtiği, orijinal kabul akışının tamamının kapsandığı anlamına gelmez."
tests/Unit/Backup/PreUpdateBackupTest.php,Test kodu: PreUpdateBackupTest,Test içeriği/metot/bağımlılık taraması; 900-test suite çalıştırmasına dahil,183,2b93e1873f1bf425e5d6a08f3770ecf8b09fe22828eb7e9eed1a64857418589b,,,setUp; tearDown; removeDirectory; testPreUpdateBackupCreatesVerifiedArchive; testCorruptedBackupFailsIntegrityVerification; testStagedUpdateEnforcesMandatoryPreUpdateBackup; testStagedUpdateAbortsIfBackupServiceNotConfigured,"DDL:45; TODO:21,22,23,32,33,34,36,37,38,39,53,54,55,76,80,99,114,121; Domain SQL:46,179","Test yöntemleri: testPreUpdateBackupCreatesVerifiedArchive, testCorruptedBackupFailsIntegrityVerification, testStagedUpdateEnforcesMandatoryPreUpdateBackup, testStagedUpdateAbortsIfBackupServiceNotConfigured. Bellek içi SQLite fixture; MariaDB/shared-host doğrulaması değildir. Test geçtiği, orijinal kabul akışının tamamının kapsandığı anlamına gelmez."
tests/Unit/Backup/RestoreWizardAndDisasterRecoveryTest.php,Test kodu: RestoreWizardAndDisasterRecoveryTest,Test içeriği/metot/bağımlılık taraması; 900-test suite çalıştırmasına dahil,210,82df690b54b2ec14fed3decbada1d756d3505bda8fb55af7c21e271283e07f9e,,,setUp; tearDown; removeDirectory; testEndToEndDisasterRecoveryOnFreshHosting; testRestoreEncryptedBackupFromS3ObjectStorage; testRestoreRejectsCorruptedOrTamperedArchive,"DDL:42,44; Simulation:149; TODO:21,22,23,31,32,33,35,36,37,54,55,56,79,84,86,99,112,133; Domain SQL:43,45,122,127,179","Test yöntemleri: testEndToEndDisasterRecoveryOnFreshHosting, testRestoreEncryptedBackupFromS3ObjectStorage, testRestoreRejectsCorruptedOrTamperedArchive. Bellek içi SQLite fixture; MariaDB/shared-host doğrulaması değildir. Test geçtiği, orijinal kabul akışının tamamının kapsandığı anlamına gelmez."
tests/Unit/Backup/RollbackAndPrivacyTombstoneRestoreTest.php,Test kodu: RollbackAndPrivacyTombstoneRestoreTest,Test içeriği/metot/bağımlılık taraması; 900-test suite çalıştırmasına dahil,170,11690a526fb15dfac21c33e8e9d19b5225866b911de4bc5eaf8545fc75d8f3b8,,,setUp; tearDown; removeDirectory; testRestoreReappliesPrivacyTombstonePreventingPiiResurrection,"DDL:44; TODO:22,23,24,31,32,33,35,36,37,55,56,57,83,85,90,102,134,144; Domain SQL:79,80,82,120,126,158,165","Test yöntemleri: testRestoreReappliesPrivacyTombstonePreventingPiiResurrection. Bellek içi SQLite fixture; MariaDB/shared-host doğrulaması değildir. Test geçtiği, orijinal kabul akışının tamamının kapsandığı anlamına gelmez."
tests/Unit/Catalog/CatalogServiceTest.php,Test kodu: CatalogServiceTest,Test içeriği/metot/bağımlılık taraması; 900-test suite çalıştırmasına dahil,346,8db17bd2877220a6c1302807b88aaf527350290c3e345be36390ae5835608716,,,setUp; testCreateAndRetrieveProductGroup; testDuplicateGroupSlugThrowsValidationException; testCreateProductWithLocalizedContentAndFeatures; testListProductsAndFiltering; testUpdateProductAndSlugUniqueness; testInvalidProductTypeThrowsException; testConfigurableOptionsAndSubOptions; testProductAddonsTargetingAndRetrieval; testProductAvailabilityAndStockControl,TODO:333,"Test yöntemleri: testCreateAndRetrieveProductGroup, testDuplicateGroupSlugThrowsValidationException, testCreateProductWithLocalizedContentAndFeatures, testListProductsAndFiltering, testUpdateProductAndSlugUniqueness, testInvalidProductTypeThrowsException, testConfigurableOptionsAndSubOptions, testProductAddonsTargetingAndRetrieval, testProductAvailabilityAndStockControl. Bellek içi SQLite fixture; MariaDB/shared-host doğrulaması değildir. Test geçtiği, orijinal kabul akışının tamamının kapsandığı anlamına gelmez."
tests/Unit/Commerce/CreditLedgerTest.php,Test kodu: CreditLedgerTest,Test içeriği/metot/bağımlılık taraması; 900-test suite çalıştırmasına dahil,212,8522d5601509a7098e1cb5aa6717b86682299f5f61025fae0be7848cd77b3bca,,,setUp; testCreditDepositAndDeductionWithBalanceTracking; testApplyCreditToInvoice; testRefundToCredit; testAdminManualAdjustment; testMultiCurrencyAndMultiTenantIsolation,,"Test yöntemleri: testCreditDepositAndDeductionWithBalanceTracking, testApplyCreditToInvoice, testRefundToCredit, testAdminManualAdjustment, testMultiCurrencyAndMultiTenantIsolation. Bellek içi SQLite fixture; MariaDB/shared-host doğrulaması değildir. Test geçtiği, orijinal kabul akışının tamamının kapsandığı anlamına gelmez."
tests/Unit/Commerce/InvoiceServiceTest.php,Test kodu: InvoiceServiceTest,Test içeriği/metot/bağımlılık taraması; 900-test suite çalıştırmasına dahil,245,87f867cb69995f1d135523ee6446668476025a496517d58890a1e6870add1e4d,,,setUp; testCreateInvoiceFromOrderWithSnapshots; testSequentialInvoiceNumbering; testFindInvoiceAndStatusUpdate; testBalanceDueCalculation,"TODO:132,139; Domain SQL:203","Test yöntemleri: testCreateInvoiceFromOrderWithSnapshots, testSequentialInvoiceNumbering, testFindInvoiceAndStatusUpdate, testBalanceDueCalculation. Bellek içi SQLite fixture; MariaDB/shared-host doğrulaması değildir. Test geçtiği, orijinal kabul akışının tamamının kapsandığı anlamına gelmez."
tests/Unit/Commerce/MissedSchedulerCatchupServiceTest.php,Test kodu: MissedSchedulerCatchupServiceTest,Test içeriği/metot/bağımlılık taraması; 900-test suite çalıştırmasına dahil,118,7fb3a96b29a1aa2b7f6273568d9d9617158ae995859708e6f9cf6321dace7086,,,setUp; testComputeMissingDatesWithLimits; testCheckpointsPersistence; testFirstRunInitializesCheckpoint,Domain SQL:90,"Test yöntemleri: testComputeMissingDatesWithLimits, testCheckpointsPersistence, testFirstRunInitializesCheckpoint. Bellek içi SQLite fixture; MariaDB/shared-host doğrulaması değildir. Test geçtiği, orijinal kabul akışının tamamının kapsandığı anlamına gelmez."
tests/Unit/Commerce/OrderServiceTest.php,Test kodu: OrderServiceTest,Test içeriği/metot/bağımlılık taraması; 900-test suite çalıştırmasına dahil,178,8df678c2cdd3fbc394bebe2e1e2d1cce50924fa45bbd43f271ee5f6472952578,,,setUp; testCreateOrderWithAuthoritativePricingAndTaxes; testOrderStateMachineTransitions; testEmptyItemsThrowsValidationException; testListOrdersForUserAndOrganization,TODO:145,"Test yöntemleri: testCreateOrderWithAuthoritativePricingAndTaxes, testOrderStateMachineTransitions, testEmptyItemsThrowsValidationException, testListOrdersForUserAndOrganization. Bellek içi SQLite fixture; MariaDB/shared-host doğrulaması değildir. Test geçtiği, orijinal kabul akışının tamamının kapsandığı anlamına gelmez."
tests/Unit/Commerce/OverdueLifecycleWorkflowTest.php,Test kodu: OverdueLifecycleWorkflowTest,Test içeriği/metot/bağımlılık taraması; 900-test suite çalıştırmasına dahil,258,7d5ddc9b6b07f19b31e9c94d57bac612f8a4a69a8fa70706e2830b6f9e0552a4,,,setUp; testActiveServiceSuspendedWhenExceedingGracePeriod; testActiveServiceReceivesWarningReminderInsideGracePeriod; testSuspendedServiceTerminatedWhenExceedingTerminationGracePeriod; testTerminationApprovalGateHold; testVipExemptionSkipsSuspension; testAutomaticReactivationUponInvoiceSettlement; createService,"Simulation:16,27,42; TODO:15,43,44,223","Test yöntemleri: testActiveServiceSuspendedWhenExceedingGracePeriod, testActiveServiceReceivesWarningReminderInsideGracePeriod, testSuspendedServiceTerminatedWhenExceedingTerminationGracePeriod, testTerminationApprovalGateHold, testVipExemptionSkipsSuspension, testAutomaticReactivationUponInvoiceSettlement. Bellek içi SQLite fixture; MariaDB/shared-host doğrulaması değildir. Test geçtiği, orijinal kabul akışının tamamının kapsandığı anlamına gelmez."
tests/Unit/Commerce/PartialPaymentAndRefundTest.php,Test kodu: PartialPaymentAndRefundTest,Test içeriği/metot/bağımlılık taraması; 900-test suite çalıştırmasına dahil,248,6ca4bf1b14116d3108ff24d6f9807a7297c0e69768636a28ed032038196d3477,,,setUp; testPartialSplitPaymentsOnSingleInvoice; testPartialAndFullRefundWorkflow; testRefundValidationsAndListing; testRefundListingQueries,TODO:181,"Test yöntemleri: testPartialSplitPaymentsOnSingleInvoice, testPartialAndFullRefundWorkflow, testRefundValidationsAndListing, testRefundListingQueries. Bellek içi SQLite fixture; MariaDB/shared-host doğrulaması değildir. Test geçtiği, orijinal kabul akışının tamamının kapsandığı anlamına gelmez."
tests/Unit/Commerce/PaymentServiceTest.php,Test kodu: PaymentServiceTest,Test içeriği/metot/bağımlılık taraması; 900-test suite çalıştırmasına dahil,260,63347571c3fb76f60e3a14335ad8a4a1a90a038fcdf7264ec4d75b0cf667b8eb,,,setUp; testRecordDirectCompletedPaymentWithInvoiceAllocation; testRecordPendingBankTransferAndApproval; testRejectPendingBankTransfer; testAdvancePaymentAndManualAllocations; testCurrencyMismatchRejection; testListPaymentsForUserAndInvoice,,"Test yöntemleri: testRecordDirectCompletedPaymentWithInvoiceAllocation, testRecordPendingBankTransferAndApproval, testRejectPendingBankTransfer, testAdvancePaymentAndManualAllocations, testCurrencyMismatchRejection, testListPaymentsForUserAndInvoice. Bellek içi SQLite fixture; MariaDB/shared-host doğrulaması değildir. Test geçtiği, orijinal kabul akışının tamamının kapsandığı anlamına gelmez."
tests/Unit/Commerce/RecurringRenewalTest.php,Test kodu: RecurringRenewalTest,Test içeriği/metot/bağımlılık taraması; 900-test suite çalıştırmasına dahil,204,2d8784452b368159e6309f8d642dff701c8aae6001b5f6a0edfc66f0fa36f066,,,setUp; testBillingPeriodCalculationAcrossCycles; testRenewalLeadDaysWindowEvaluation; testGenerateRenewalInvoiceWithTaxAndSnapshots; testIdempotencyProtectionBlocksDuplicateInvoice; testBatchProcessingDueServices; testAdvanceNextDueDateOnSettlement,Domain SQL:154,"Test yöntemleri: testBillingPeriodCalculationAcrossCycles, testRenewalLeadDaysWindowEvaluation, testGenerateRenewalInvoiceWithTaxAndSnapshots, testIdempotencyProtectionBlocksDuplicateInvoice, testBatchProcessingDueServices, testAdvanceNextDueDateOnSettlement. Bellek içi SQLite fixture; MariaDB/shared-host doğrulaması değildir. Test geçtiği, orijinal kabul akışının tamamının kapsandığı anlamına gelmez."
tests/Unit/Commerce/RenewalGoldenE2ETest.php,Test kodu: RenewalGoldenE2ETest,Test içeriği/metot/bağımlılık taraması; 900-test suite çalıştırmasına dahil,236,3b90bb32481260ee80c915e09b22aa95d5255e6aa5435e1528aeeba8f855b10c,,,setUp; testRenewalGoldenLifecycleEndToEnd,"Simulation:19,34,51,186; TODO:18,52,53","Test yöntemleri: testRenewalGoldenLifecycleEndToEnd. Bellek içi SQLite fixture; MariaDB/shared-host doğrulaması değildir. Test geçtiği, orijinal kabul akışının tamamının kapsandığı anlamına gelmez."
tests/Unit/Commerce/ServiceLifecycleTest.php,Test kodu: ServiceLifecycleTest,Test içeriği/metot/bağımlılık taraması; 900-test suite çalıştırmasına dahil,193,0311509f1541ee65b5d1c7fcf75d8b39af17210f1dea76d7cf886013fac1e197,,,setUp; testServiceCreationAndNextDueDateCalculation; testServiceActivationWithProvisioningParameters; testServiceSuspensionAndUnsuspension; testServiceTerminationIsTerminal; testServiceRenewalAdvancesDueDateAndReactivatesSuspended; testCreateServicesFromOrder,TODO:131,"Test yöntemleri: testServiceCreationAndNextDueDateCalculation, testServiceActivationWithProvisioningParameters, testServiceSuspensionAndUnsuspension, testServiceTerminationIsTerminal, testServiceRenewalAdvancesDueDateAndReactivatesSuspended, testCreateServicesFromOrder. Bellek içi SQLite fixture; MariaDB/shared-host doğrulaması değildir. Test geçtiği, orijinal kabul akışının tamamının kapsandığı anlamına gelmez."
tests/Unit/Commerce/ServiceRenewalSchedulerTest.php,Test kodu: ServiceRenewalSchedulerTest,Test içeriği/metot/bağımlılık taraması; 900-test suite çalıştırmasına dahil,178,3f54e4f4d496b22308dc47f13134c07c3851e978985c29665ec40bc486f12410,,,setUp; testRenewalBatchGeneratesInvoicesForDueServices; testStrictIdempotencyPreventsDuplicateRenewalInvoices; testAutoRenewPreferenceRespected; testCustomInvoiceDueDatePolicy; createService,"Simulation:17,29,47; TODO:16,48,49","Test yöntemleri: testRenewalBatchGeneratesInvoicesForDueServices, testStrictIdempotencyPreventsDuplicateRenewalInvoices, testAutoRenewPreferenceRespected, testCustomInvoiceDueDatePolicy. Bellek içi SQLite fixture; MariaDB/shared-host doğrulaması değildir. Test geçtiği, orijinal kabul akışının tamamının kapsandığı anlamına gelmez."
tests/Unit/Documents/ContractServiceTest.php,Test kodu: ContractServiceTest,Test içeriği/metot/bağımlılık taraması; 900-test suite çalıştırmasına dahil,175,d402aac1d146631fb8ac985e25eb827421ca56b229654ae680913d48fd3a533a,,,setUp; testCreateContractCommitment; testSubmitForAcceptance; testDualAcceptanceActivatesContract; testContractEarlyTerminationAndPenaltyCalculation; testFindByServiceId,,"Test yöntemleri: testCreateContractCommitment, testSubmitForAcceptance, testDualAcceptanceActivatesContract, testContractEarlyTerminationAndPenaltyCalculation, testFindByServiceId. Bellek içi SQLite fixture; MariaDB/shared-host doğrulaması değildir. Test geçtiği, orijinal kabul akışının tamamının kapsandığı anlamına gelmez."
tests/Unit/Documents/DocumentRenderServiceTest.php,Test kodu: DocumentRenderServiceTest,Test içeriği/metot/bağımlılık taraması; 900-test suite çalıştırmasına dahil,335,4ea410cf247a464fe2d598baaab98df43420e5aa54b7f2fd79262669fa787750,,,setUp; testRenderHtmlWithTurkishLocale; testRenderHtmlWithEnglishLocale; testRenderPdfValidBinaryOutput; testBuildFromInvoiceFactory,TODO:15,"Test yöntemleri: testRenderHtmlWithTurkishLocale, testRenderHtmlWithEnglishLocale, testRenderPdfValidBinaryOutput, testBuildFromInvoiceFactory. Test geçtiği, orijinal kabul akışının tamamının kapsandığı anlamına gelmez."
tests/Unit/Documents/DocumentSnapshotServiceTest.php,Test kodu: DocumentSnapshotServiceTest,Test içeriği/metot/bağımlılık taraması; 900-test suite çalıştırmasına dahil,181,51f036058b640c3d1d4f199ce2cf3e451fe1cde436d7151e8da21533f124487e,,,setUp; tearDown; testDocumentNumberGeneratorSequences; testStoragePreventsPathTraversalAndStoresSafely; testDocumentSnapshotCreationAndVersioning; testSnapshotTamperDetection; deleteRecursive,"TODO:17,25,26,31,38","Test yöntemleri: testDocumentNumberGeneratorSequences, testStoragePreventsPathTraversalAndStoresSafely, testDocumentSnapshotCreationAndVersioning, testSnapshotTamperDetection. Bellek içi SQLite fixture; MariaDB/shared-host doğrulaması değildir. Test geçtiği, orijinal kabul akışının tamamının kapsandığı anlamına gelmez."
tests/Unit/Documents/ProformaServiceTest.php,Test kodu: ProformaServiceTest,Test içeriği/metot/bağımlılık taraması; 900-test suite çalıştırmasına dahil,147,609fe049600f5a72b0f1d2ff8accfa2f8ac7603d8f92f4939e88e1edeeb8aac2,,,setUp; testCreateProformaInvoice; testIssueProformaInvoice; testRecordPaymentPartialAndFull; testConvertToTaxInvoice; testCancelProforma,,"Test yöntemleri: testCreateProformaInvoice, testIssueProformaInvoice, testRecordPaymentPartialAndFull, testConvertToTaxInvoice, testCancelProforma. Bellek içi SQLite fixture; MariaDB/shared-host doğrulaması değildir. Test geçtiği, orijinal kabul akışının tamamının kapsandığı anlamına gelmez."
tests/Unit/Documents/QuoteServiceTest.php,Test kodu: QuoteServiceTest,Test içeriği/metot/bağımlılık taraması; 900-test suite çalıştırmasına dahil,211,6bf86b6592b2728d8d07a671c99cfb32ee27318fa8e15061edfc1ca059fe0664,,,setUp; testCreateQuoteCalculations; testCreateRevisionIncrementsVersion; testQuoteSendAcceptWorkflow; testQuoteRejectWorkflow; testQuoteExpiryBatchWorker; testConvertQuoteToOrder,TODO:172,"Test yöntemleri: testCreateQuoteCalculations, testCreateRevisionIncrementsVersion, testQuoteSendAcceptWorkflow, testQuoteRejectWorkflow, testQuoteExpiryBatchWorker, testConvertQuoteToOrder. Bellek içi SQLite fixture; MariaDB/shared-host doğrulaması değildir. Test geçtiği, orijinal kabul akışının tamamının kapsandığı anlamına gelmez."
tests/Unit/Domain/Brand/BrandServiceTest.php,Test kodu: BrandServiceTest,Test içeriği/metot/bağımlılık taraması; 900-test suite çalıştırmasına dahil,71,9429ae12736a8694799527a2e1483ab559ba734f362ca0705e5f20ba4f8bf2b3,,,setUp; testGetActiveBrandAutoInitializesDefaultBrand; testUpdateActiveBrandSettings; testStrictSingleActiveBrandEnforcementInV1,TODO:67,"Test yöntemleri: testGetActiveBrandAutoInitializesDefaultBrand, testUpdateActiveBrandSettings, testStrictSingleActiveBrandEnforcementInV1. Bellek içi SQLite fixture; MariaDB/shared-host doğrulaması değildir. Test geçtiği, orijinal kabul akışının tamamının kapsandığı anlamına gelmez."
tests/Unit/Domain/Identity/AuthServiceTest.php,Test kodu: AuthServiceTest,Test içeriği/metot/bağımlılık taraması; 900-test suite çalıştırmasına dahil,108,0894db177125227fd13e0b4e0ec191a8ea278225f223f604a9715cf36f67857a,,,setUp; testRegisterAndAuthenticateUser; testDuplicateEmailThrowsValidationException; testAuthenticateInvalidPasswordThrowsValidationException; testPasswordResetFlow; testEmailVerificationFlow; testDatabaseSessionGarbageCollection,"Simulation:101; TODO:65,69,79,87,106; Domain SQL:102","Test yöntemleri: testRegisterAndAuthenticateUser, testDuplicateEmailThrowsValidationException, testAuthenticateInvalidPasswordThrowsValidationException, testPasswordResetFlow, testEmailVerificationFlow, testDatabaseSessionGarbageCollection. Bellek içi SQLite fixture; MariaDB/shared-host doğrulaması değildir. Test geçtiği, orijinal kabul akışının tamamının kapsandığı anlamına gelmez."
tests/Unit/Domain/Identity/ImpersonationAndAuditTest.php,Test kodu: ImpersonationAndAuditTest,Test içeriği/metot/bağımlılık taraması; 900-test suite çalıştırmasına dahil,121,42a9f3292083695b3975fe7a4e0d62bfaaea7aebafdaddc62c79db97f60bfe35,,,setUp; testStartAndStopImpersonation; testUnauthorizedAdminCannotImpersonate; testCannotImpersonateSelf; testBlocksHighRiskOperationsDuringImpersonation,TODO:64,"Test yöntemleri: testStartAndStopImpersonation, testUnauthorizedAdminCannotImpersonate, testCannotImpersonateSelf, testBlocksHighRiskOperationsDuringImpersonation. Bellek içi SQLite fixture; MariaDB/shared-host doğrulaması değildir. Test geçtiği, orijinal kabul akışının tamamının kapsandığı anlamına gelmez."
tests/Unit/Domain/Identity/OrganizationServiceTest.php,Test kodu: OrganizationServiceTest,Test içeriği/metot/bağımlılık taraması; 900-test suite çalıştırmasına dahil,105,926877e113038b40b79d77efc2c8cf78b032ea864ec5b7843c4a082a86345d98,,,setUp; testCreateOrganizationAndListMemberships; testDuplicateSlugThrowsValidationException; testSwitchOrganizationInSession; testSwitchToUnauthorizedOrganizationFails; testInviteAndAcceptMembership; testAcceptInvitationWithWrongEmailFails,TODO:84,"Test yöntemleri: testCreateOrganizationAndListMemberships, testDuplicateSlugThrowsValidationException, testSwitchOrganizationInSession, testSwitchToUnauthorizedOrganizationFails, testInviteAndAcceptMembership, testAcceptInvitationWithWrongEmailFails. Bellek içi SQLite fixture; MariaDB/shared-host doğrulaması değildir. Test geçtiği, orijinal kabul akışının tamamının kapsandığı anlamına gelmez."
tests/Unit/Domain/Identity/RbacServiceTest.php,Test kodu: RbacServiceTest,Test içeriği/metot/bağımlılık taraması; 900-test suite çalıştırmasına dahil,82,a572fe5ae93f1f0fe5b2b7b55471a649afaaa8c753a63b3418e269ed1552736f,,,setUp; testDefaultDenyPrinciple; testSuperadminWildcardPermission; testGranularPermissions; testOrganizationScopedRoleAndNamespaceWildcard,,"Test yöntemleri: testDefaultDenyPrinciple, testSuperadminWildcardPermission, testGranularPermissions, testOrganizationScopedRoleAndNamespaceWildcard. Bellek içi SQLite fixture; MariaDB/shared-host doğrulaması değildir. Test geçtiği, orijinal kabul akışının tamamının kapsandığı anlamına gelmez."
tests/Unit/Domain/Identity/TwoFactorServiceTest.php,Test kodu: TwoFactorServiceTest,Test içeriği/metot/bağımlılık taraması; 900-test suite çalıştırmasına dahil,125,0f62a9836384dc837aafe37cc1a938bfef11f628f932c77aeb145bf7c88b8d2c,,,setUp; testTotpEngineCodeGenerationAndVerification; testBeginAndConfirmTwoFactorSetup; testConfirmSetupWithInvalidCodeFails; testRedeemRecoveryCode; testTrustedDeviceLifecycle; testEnforceAdmin2FaPolicy,"TODO:34,56; Domain SQL:106","Test yöntemleri: testTotpEngineCodeGenerationAndVerification, testBeginAndConfirmTwoFactorSetup, testConfirmSetupWithInvalidCodeFails, testRedeemRecoveryCode, testTrustedDeviceLifecycle, testEnforceAdmin2FaPolicy. Bellek içi SQLite fixture; MariaDB/shared-host doğrulaması değildir. Test geçtiği, orijinal kabul akışının tamamının kapsandığı anlamına gelmez."
tests/Unit/Domain/Module/ModuleLifecycleServiceTest.php,Test kodu: ModuleLifecycleServiceTest,Test içeriği/metot/bağımlılık taraması; 900-test suite çalıştırmasına dahil,108,b29d7a663e7eb69040e9ad6253bd9ee42001470bdc0fe167caf01b76a0586659,,,setUp; testManifestValidation; testInvalidManifestThrowsValidationException; testIncompatibleCoreVersionBlocksInstallation; testModuleLifecycleAndCapabilityLookup,"TODO:86,99","Test yöntemleri: testManifestValidation, testInvalidManifestThrowsValidationException, testIncompatibleCoreVersionBlocksInstallation, testModuleLifecycleAndCapabilityLookup. Bellek içi SQLite fixture; MariaDB/shared-host doğrulaması değildir. Test geçtiği, orijinal kabul akışının tamamının kapsandığı anlamına gelmez."
tests/Unit/Domain/Privacy/PrivacyConsentServiceTest.php,Test kodu: PrivacyConsentServiceTest,Test içeriği/metot/bağımlılık taraması; 900-test suite çalıştırmasına dahil,79,619266f9c765fe742f715911bab16a5e1944f1dcc49a7e8be56e9ca024d515bd,,,setUp; testDataClassificationCategories; testConsentGrantAndRevocationFlow; testPrivacyTombstonesPreventResurrection,TODO:76,"Test yöntemleri: testDataClassificationCategories, testConsentGrantAndRevocationFlow, testPrivacyTombstonesPreventResurrection. Bellek içi SQLite fixture; MariaDB/shared-host doğrulaması değildir. Test geçtiği, orijinal kabul akışının tamamının kapsandığı anlamına gelmez."
tests/Unit/Domain/Vault/VaultServiceTest.php,Test kodu: VaultServiceTest,Test içeriği/metot/bağımlılık taraması; 900-test suite çalıştırmasına dahil,89,f6db2ca3432b1fe8177386b9773cc44abe010598af8bc7b6def2f6b5162edc52,,,setUp; testEncryptorRoundtrip; testVaultSetGetAndAuditLog; testSecretRotationIncrementsVersion; testMaskedSecretDisplay; testDeleteSecret,Domain SQL:63,"Test yöntemleri: testEncryptorRoundtrip, testVaultSetGetAndAuditLog, testSecretRotationIncrementsVersion, testMaskedSecretDisplay, testDeleteSecret. Bellek içi SQLite fixture; MariaDB/shared-host doğrulaması değildir. Test geçtiği, orijinal kabul akışının tamamının kapsandığı anlamına gelmez."
tests/Unit/Domains/DomainCatalogTest.php,Test kodu: DomainCatalogTest,Test içeriği/metot/bağımlılık taraması; 900-test suite çalıştırmasına dahil,262,fd84c17846803700235cc3585fd13865084447229bf87a09a5938ff986218516,,,setUp; testTldNormalizationAndProperties; testRegisterTldAndDuplicatePrevention; testRegisterTldInvalidExtensionThrows; testUpdateAndDeleteTld; testTldPricingSetupAndRetrieval; testMultiYearPriceCalculation; testDomainSplitWithMultiPartTlds; testDomainValidationRules,"Simulation:41,48; Domain SQL:127","Test yöntemleri: testTldNormalizationAndProperties, testRegisterTldAndDuplicatePrevention, testRegisterTldInvalidExtensionThrows, testUpdateAndDeleteTld, testTldPricingSetupAndRetrieval, testMultiYearPriceCalculation, testDomainSplitWithMultiPartTlds, testDomainValidationRules. Bellek içi SQLite fixture; MariaDB/shared-host doğrulaması değildir. Test geçtiği, orijinal kabul akışının tamamının kapsandığı anlamına gelmez."
tests/Unit/Domains/DomainExpiryAndReminderTest.php,Test kodu: DomainExpiryAndReminderTest,Test içeriği/metot/bağımlılık taraması; 900-test suite çalıştırmasına dahil,258,e5424226c61e338accec4b3791f34b475dba4b1d5188edbed8b77265a2b168a1,,,setUp; testDomainLifecycleMetadataComputation; testEvaluateAndAdvanceDomainLifecyclesThroughAllStages; testDispatchDueRemindersAtIcannErrpWindows; testRemindersStrictDeduplication,,"Test yöntemleri: testDomainLifecycleMetadataComputation, testEvaluateAndAdvanceDomainLifecyclesThroughAllStages, testDispatchDueRemindersAtIcannErrpWindows, testRemindersStrictDeduplication. Bellek içi SQLite fixture; MariaDB/shared-host doğrulaması değildir. Test geçtiği, orijinal kabul akışının tamamının kapsandığı anlamına gelmez."
tests/Unit/Domains/DomainGoldenE2ETest.php,Test kodu: DomainGoldenE2ETest,Test içeriği/metot/bağımlılık taraması; 900-test suite çalıştırmasına dahil,433,4775a38e8e695cd61708dd41829e46e89e1a55a5d814314310a3e9a6a931f1d8,,,setUp; testDomainGoldenEndToEndVertical,"Simulation:178,182,188,190,332,342; Runtime exception:191; TODO:291; Domain SQL:299,317,391","Test yöntemleri: testDomainGoldenEndToEndVertical. Bellek içi SQLite fixture; MariaDB/shared-host doğrulaması değildir. Mock/memory collaborator; gerçek sağlayıcı kanıtı değildir. Test geçtiği, orijinal kabul akışının tamamının kapsandığı anlamına gelmez."
tests/Unit/Domains/DomainLifecycleAndContactTest.php,Test kodu: DomainLifecycleAndContactTest,Test içeriği/metot/bağımlılık taraması; 900-test suite çalıştırmasına dahil,321,64de4cc6c225627fc8b0505c3ce8f717970843ebe1a113266ce61e776b232254,,,setUp; testDomainStateMachineTransitions; testDomainCreationWithValidationAndDuplicatePrevention; testDomainActivationAndRenewalLifecycle; testDomainExpirationGraceAndRedemptionTransitions; testContactProfilesUpsertAndRetrieval; testDomainAdministrativeOperations,"TODO:113; Domain SQL:237,284","Test yöntemleri: testDomainStateMachineTransitions, testDomainCreationWithValidationAndDuplicatePrevention, testDomainActivationAndRenewalLifecycle, testDomainExpirationGraceAndRedemptionTransitions, testContactProfilesUpsertAndRetrieval, testDomainAdministrativeOperations. Bellek içi SQLite fixture; MariaDB/shared-host doğrulaması değildir. Test geçtiği, orijinal kabul akışının tamamının kapsandığı anlamına gelmez."
tests/Unit/Domains/DomainOperationIdempotencyAndReconciliationTest.php,Test kodu: DomainOperationIdempotencyAndReconciliationTest,Test içeriği/metot/bağımlılık taraması; 900-test suite çalıştırmasına dahil,416,c6e18cd4ea415ed0da62b9f388e1755b3b261e0a99cbe0e7f7ccdacad1babd16,,,setUp; testIdempotencyReturnsCachedSuccessOnDuplicateCall; testIdempotencyPreventsConcurrentProcessing; testUncertainTimeoutHandlingOnNetworkException; testReconciliationResolvesUncertainRegistrationAsSuccess; testReconciliationResolvesUncertainRegistrationAsFailedWhenDomainStillAvailable; testReconciliationResolvesUncertainRenewal; testReconcileAllUncertainBatch; createMockRegistrar; __construct; getRegistrarId; getName; supportsCapability; getSupportedCapabilities; checkAvailability; registerDomain; renewDomain; transferDomain; getNameservers; updateNameservers; getRegistrarLock; setRegistrarLock; getEppCode; getContacts; updateContacts,"Simulation:57,85,94,100,125,126,132,152,155,161,188,189,190,196,224,225,226,232; Runtime exception:153; TODO:145,317","Test yöntemleri: testIdempotencyReturnsCachedSuccessOnDuplicateCall, testIdempotencyPreventsConcurrentProcessing, testUncertainTimeoutHandlingOnNetworkException, testReconciliationResolvesUncertainRegistrationAsSuccess, testReconciliationResolvesUncertainRegistrationAsFailedWhenDomainStillAvailable, testReconciliationResolvesUncertainRenewal, testReconcileAllUncertainBatch. Bellek içi SQLite fixture; MariaDB/shared-host doğrulaması değildir. Mock/memory collaborator; gerçek sağlayıcı kanıtı değildir. Test geçtiği, orijinal kabul akışının tamamının kapsandığı anlamına gelmez."
tests/Unit/Domains/DomainRegistrarFlowTest.php,Test kodu: DomainRegistrarFlowTest,Test içeriği/metot/bağımlılık taraması; 900-test suite çalıştırmasına dahil,454,53c8141db64521a1700872dd2c54ef07201bc2cdf832216a35fc997186e68e7a,,,setUp; testCheckAvailabilityWithCatalogAndPricing; testRegisterDomainFlowSuccess; testRegisterDomainFlowFailureHandling; testRegisterDomainRejectsNonPendingStatus; testRenewDomainFlow; testTransferDomainFlow; testNameserversAndLockAndEppFlows; createMockRegistrar; __construct; getRegistrarId; getName; supportsCapability; getSupportedCapabilities; checkAvailability; registerDomain; renewDomain; transferDomain; getNameservers; updateNameservers; getRegistrarLock; setRegistrarLock; getEppCode; getContacts; updateContacts,"Simulation:55,77,81,114,123,132,185,193,199,218,219,225,235,243,250,272,280,286","Test yöntemleri: testCheckAvailabilityWithCatalogAndPricing, testRegisterDomainFlowSuccess, testRegisterDomainFlowFailureHandling, testRegisterDomainRejectsNonPendingStatus, testRenewDomainFlow, testTransferDomainFlow, testNameserversAndLockAndEppFlows. Bellek içi SQLite fixture; MariaDB/shared-host doğrulaması değildir. Mock/memory collaborator; gerçek sağlayıcı kanıtı değildir. Test geçtiği, orijinal kabul akışının tamamının kapsandığı anlamına gelmez."
tests/Unit/Domains/RegistrarAdapterTest.php,Test kodu: RegistrarAdapterTest,Test içeriği/metot/bağımlılık taraması; 900-test suite çalıştırmasına dahil,453,6b64a0b0f35276f4093a485614ad2629d21fe6fe05967370dffb8490157a66fd,,,testMetadataAndCapabilities; testEndpointResolution; testCheckAvailabilityAvailable; testCheckAvailabilityUnavailable; testCheckAvailabilityXmlPayloadParsing; testRegisterDomainSuccess; testRegisterDomainFailure; testRenewDomainSuccessAndFailure; testTransferDomain; testNameserversGetAndUpdate; testRegistrarLockAndEppCode; testContactsGetAndUpdate; testSecretSanitizationInPayloads; testRegistrarAdapterFactory,"Domain SQL:289,291,371,373","Test yöntemleri: testMetadataAndCapabilities, testEndpointResolution, testCheckAvailabilityAvailable, testCheckAvailabilityUnavailable, testCheckAvailabilityXmlPayloadParsing, testRegisterDomainSuccess, testRegisterDomainFailure, testRenewDomainSuccessAndFailure, testTransferDomain, testNameserversGetAndUpdate, testRegistrarLockAndEppCode, testContactsGetAndUpdate, testSecretSanitizationInPayloads, testRegistrarAdapterFactory. Test geçtiği, orijinal kabul akışının tamamının kapsandığı anlamına gelmez."
tests/Unit/Domains/RegistrarCapabilityAndVaultTest.php,Test kodu: RegistrarCapabilityAndVaultTest,Test içeriği/metot/bağımlılık taraması; 900-test suite çalıştırmasına dahil,356,7673c95590a896b5735c62dec19357189089c5d6e15cae4853826c372e9f2531,,,setUp; testRegistrarCapabilitiesList; testMockRegistrarContractImplementation; testRegistrarRegistry; testRegistrarConfigurationSecretMasking; testVaultRegistrarSettingsManagerPersistenceAndDecryption; createMockRegistrar; __construct; getRegistrarId; getName; supportsCapability; getSupportedCapabilities; checkAvailability; registerDomain; renewDomain; transferDomain; getNameservers; updateNameservers; getRegistrarLock; setRegistrarLock; getEppCode; getContacts; updateContacts,"Simulation:60,62,64,65,66,67,70,73,96,104,109,113,115,118,119,120,121,124","Test yöntemleri: testRegistrarCapabilitiesList, testMockRegistrarContractImplementation, testRegistrarRegistry, testRegistrarConfigurationSecretMasking, testVaultRegistrarSettingsManagerPersistenceAndDecryption. Bellek içi SQLite fixture; MariaDB/shared-host doğrulaması değildir. Mock/memory collaborator; gerçek sağlayıcı kanıtı değildir. Test geçtiği, orijinal kabul akışının tamamının kapsandığı anlamına gelmez."
tests/Unit/Finance/CurrencyAndFxTest.php,Test kodu: CurrencyAndFxTest,Test içeriği/metot/bağımlılık taraması; 900-test suite çalıştırmasına dahil,181,c8ab1b02de5e1cec74f8ac51b4102873d247a22da51bbfec515d6f57ed937394,,,setUp; testCreateAndFormatCurrencies; testDuplicateCurrencyThrowsValidationException; testSettingNewDefaultCurrencyUnsetsPrevious; testCaptureFxSnapshotAndDeterministicConversions; testHistoricalImmutabilityPreservedEvenWhenLiveProviderChanges,,"Test yöntemleri: testCreateAndFormatCurrencies, testDuplicateCurrencyThrowsValidationException, testSettingNewDefaultCurrencyUnsetsPrevious, testCaptureFxSnapshotAndDeterministicConversions, testHistoricalImmutabilityPreservedEvenWhenLiveProviderChanges. Bellek içi SQLite fixture; MariaDB/shared-host doğrulaması değildir. Test geçtiği, orijinal kabul akışının tamamının kapsandığı anlamına gelmez."
tests/Unit/Finance/ExpenseServiceTest.php,Test kodu: ExpenseServiceTest,Test içeriği/metot/bağımlılık taraması; 900-test suite çalıştırmasına dahil,210,7e4667f29511c74fae990548dbb9739c4b2e28d6ce64f4c1c15e039afbc14ad5,,,setUp; testCreateCategoriesAndVendors; testRecordExpenseWithAutomaticAccountDebit; testRecurringExpenseGenerationAndDueAdvancement; testExpenseValidationErrors,,"Test yöntemleri: testCreateCategoriesAndVendors, testRecordExpenseWithAutomaticAccountDebit, testRecurringExpenseGenerationAndDueAdvancement, testExpenseValidationErrors. Bellek içi SQLite fixture; MariaDB/shared-host doğrulaması değildir. Test geçtiği, orijinal kabul akışının tamamının kapsandığı anlamına gelmez."
tests/Unit/Finance/FinancialAccountServiceTest.php,Test kodu: FinancialAccountServiceTest,Test içeriği/metot/bağımlılık taraması; 900-test suite çalıştırmasına dahil,247,b74f40e1ec231d2f14c89dbffad67f77b72218e0fc752761ae73d6bde3a82133,,,setUp; testCreateFinancialAccountsWithDefaults; testRecordTransactionsAndBalanceDerivation; testInterAccountTransfers; testAuditedLedgerView; testCurrencyMismatchRejection,TODO:134,"Test yöntemleri: testCreateFinancialAccountsWithDefaults, testRecordTransactionsAndBalanceDerivation, testInterAccountTransfers, testAuditedLedgerView, testCurrencyMismatchRejection. Bellek içi SQLite fixture; MariaDB/shared-host doğrulaması değildir. Test geçtiği, orijinal kabul akışının tamamının kapsandığı anlamına gelmez."
tests/Unit/Finance/ProfitabilityServiceTest.php,Test kodu: ProfitabilityServiceTest,Test içeriği/metot/bağımlılık taraması; 900-test suite çalıştırmasına dahil,164,8285b62f58063b0bf6d3da16e4035524e726f51dd7c56371e323febd11bea8ac,,,setUp; testRecordSettlementBatchWithAccountTransfers; testProfitabilityReportCalculation; testSettlementValidationErrors,,"Test yöntemleri: testRecordSettlementBatchWithAccountTransfers, testProfitabilityReportCalculation, testSettlementValidationErrors. Bellek içi SQLite fixture; MariaDB/shared-host doğrulaması değildir. Test geçtiği, orijinal kabul akışının tamamının kapsandığı anlamına gelmez."
tests/Unit/Foundation/Bootstrap/BootstrapTest.php,Test kodu: BootstrapTest,Test içeriği/metot/bağımlılık taraması; 900-test suite çalıştırmasına dahil,38,14f7c2dd22a495f9efd853ac34222b059963a8f9b62aea63231820c4d763b449,,,tearDown; testBootSetsUtcTimezoneAndUtf8; testIdempotentBoot,,"Test yöntemleri: testBootSetsUtcTimezoneAndUtf8, testIdempotentBoot. Test geçtiği, orijinal kabul akışının tamamının kapsandığı anlamına gelmez."
tests/Unit/Foundation/Bus/CommandBusTest.php,Test kodu: CommandBusTest,Test içeriği/metot/bağımlılık taraması; 900-test suite çalıştırmasına dahil,64,e43541c08065ccfe1be610ceaa3cac6d87d87f45f8b5b2fbabe1c8a03d6f7c81,,,__construct; handle; setUp; testDispatchesCommandToRegisteredHandler; testCommandBusMiddlewareExecution,,"Test yöntemleri: testDispatchesCommandToRegisteredHandler, testCommandBusMiddlewareExecution. Test geçtiği, orijinal kabul akışının tamamının kapsandığı anlamına gelmez."
tests/Unit/Foundation/Bus/QueryBusTest.php,Test kodu: QueryBusTest,Test içeriği/metot/bağımlılık taraması; 900-test suite çalıştırmasına dahil,39,2e65c364ab79106238cfa50ca43bb0e601479af67bca9b413ff04dc482c9b4a6,,,__construct; handle; testAsksQueryAndReceivesResult,,"Test yöntemleri: testAsksQueryAndReceivesResult. Test geçtiği, orijinal kabul akışının tamamının kapsandığı anlamına gelmez."
tests/Unit/Foundation/Cache/ArrayCacheTest.php,Test kodu: ArrayCacheTest,Test içeriği/metot/bağımlılık taraması; 900-test suite çalıştırmasına dahil,45,3e21b87fac8370faa30d6f8a50e665d8403535495594c7ea4b8f282acb976959,,,setUp; testSetGetDelete; testRememberCachesValue,,"Test yöntemleri: testSetGetDelete, testRememberCachesValue. Test geçtiği, orijinal kabul akışının tamamının kapsandığı anlamına gelmez."
tests/Unit/Foundation/Cache/DatabaseCacheTest.php,Test kodu: DatabaseCacheTest,Test içeriği/metot/bağımlılık taraması; 900-test suite çalıştırmasına dahil,41,b5978b24ebf3e73fda8ee0880f035f4f92ab680615261fb84b603607c577b758,,,setUp; testDatabaseCacheOperations,,"Test yöntemleri: testDatabaseCacheOperations. Test geçtiği, orijinal kabul akışının tamamının kapsandığı anlamına gelmez."
tests/Unit/Foundation/Cache/FileCacheTest.php,Test kodu: FileCacheTest,Test içeriği/metot/bağımlılık taraması; 900-test suite çalıştırmasına dahil,57,99dc3a1396b395f0077b018ed4fcf53a6b183dd6bb7e5bfb3f359e1055c7f05f,,,setUp; tearDown; testFileCachePersistsAndExpires; testClearWipesFiles,"TODO:12,17,18,19,24,30","Test yöntemleri: testFileCachePersistsAndExpires, testClearWipesFiles. Test geçtiği, orijinal kabul akışının tamamının kapsandığı anlamına gelmez."
tests/Unit/Foundation/Config/ConfigRepositoryTest.php,Test kodu: ConfigRepositoryTest,Test içeriği/metot/bağımlılık taraması; 900-test suite çalıştırmasına dahil,44,8ed21eaaa79a8578bba8eb756eee1a2acf10d65e12412999918621c0e8755fac,,,testGetAndSetWithDotNotation; testHasAndAllMethods; testLoadFromDirectoryLoadsPhpConfigs,,"Test yöntemleri: testGetAndSetWithDotNotation, testHasAndAllMethods, testLoadFromDirectoryLoadsPhpConfigs. Test geçtiği, orijinal kabul akışının tamamının kapsandığı anlamına gelmez."
tests/Unit/Foundation/Container/ContainerTest.php,Test kodu: ContainerTest,Test içeriği/metot/bağımlılık taraması; 900-test suite çalıştırmasına dahil,106,9c2dc2d7e347f9028a463ad35cca6a329eec6e4f0230e31b43c2ad37cf4a203b,,,__construct; __construct; __construct; setUp; testSingletonReturnsSameInstance; testBindReturnsNewInstanceEachTime; testAutowiresConstructorDependencies; testDetectsCircularDependency; testThrowsNotFoundExceptionForNonExistentClass; testServiceProviderRegistrationAndBoot; __construct; register; boot,,"Test yöntemleri: testSingletonReturnsSameInstance, testBindReturnsNewInstanceEachTime, testAutowiresConstructorDependencies, testDetectsCircularDependency, testThrowsNotFoundExceptionForNonExistentClass, testServiceProviderRegistrationAndBoot. Test geçtiği, orijinal kabul akışının tamamının kapsandığı anlamına gelmez."
tests/Unit/Foundation/Database/ConnectionTest.php,Test kodu: ConnectionTest,Test içeriği/metot/bağımlılık taraması; 900-test suite çalıştırmasına dahil,95,202115e0793827e7212e6550f87067d228ae548b24a98f4422581a9c13c9ca1b,,,setUp; testInsertAndSelect; testUpdateAndDelete; testTransactionRollbackOnException; testNestedTransactionWithSavepoints,"DDL:23; SQLite syntax:24; Domain SQL:41,59,64,78,93","Test yöntemleri: testInsertAndSelect, testUpdateAndDelete, testTransactionRollbackOnException, testNestedTransactionWithSavepoints. Test geçtiği, orijinal kabul akışının tamamının kapsandığı anlamına gelmez."
tests/Unit/Foundation/Database/MigratorTest.php,Test kodu: MigratorTest,Test içeriği/metot/bağımlılık taraması; 900-test suite çalıştırmasına dahil,83,304c778e32108e3e2e032719215debce1396bc68c0214adf721d0fc3f4e7f93d,,,setUp; tearDown; testMigrateAndRollbackWorkflow; up; down,"DDL:53; TODO:16,26,27,32,33,39,61,64,73,74,77,81; Domain SQL:69","Test yöntemleri: testMigrateAndRollbackWorkflow. Test geçtiği, orijinal kabul akışının tamamının kapsandığı anlamına gelmez."
tests/Unit/Foundation/Events/EventBusTest.php,Test kodu: EventBusTest,Test içeriği/metot/bağımlılık taraması; 900-test suite çalıştırmasına dahil,70,7e57b3fb804958b73bc89958314a11a309557db5ca6bb450b37e2b8dc4374990,,,__construct; occurredAt; eventName; handle; setUp; testPublishesEventToMultipleListeners,,"Test yöntemleri: testPublishesEventToMultipleListeners. Test geçtiği, orijinal kabul akışının tamamının kapsandığı anlamına gelmez."
tests/Unit/Foundation/Exceptions/AppExceptionTest.php,Test kodu: AppExceptionTest,Test içeriği/metot/bağımlılık taraması; 900-test suite çalıştırmasına dahil,68,0245d29d357a7406104488a541f7ea649e85922e88fd9de6983028284108365a,,,testBaseAppExceptionStructure; testStandardDerivedExceptions; testValidationExceptionFormatting,,"Test yöntemleri: testBaseAppExceptionStructure, testStandardDerivedExceptions, testValidationExceptionFormatting. Test geçtiği, orijinal kabul akışının tamamının kapsandığı anlamına gelmez."
tests/Unit/Foundation/Health/HealthAndSkeletonsTest.php,Test kodu: HealthAndSkeletonsTest,Test içeriği/metot/bağımlılık taraması; 900-test suite çalıştırmasına dahil,92,dce61c5dc54b5157052426a2a0ba41cd582846e2e08507d5b03e9d1672db3bb1,,,setUp; tearDown; testHealthManagerWithDatabaseAndStorage; testInstallerSkeletonPrerequisitesAndLock; testBackupSkeletonManifestAndStorage,"TODO:20,26,27,28,36,44,45,71","Test yöntemleri: testHealthManagerWithDatabaseAndStorage, testInstallerSkeletonPrerequisitesAndLock, testBackupSkeletonManifestAndStorage. Bellek içi SQLite fixture; MariaDB/shared-host doğrulaması değildir. Test geçtiği, orijinal kabul akışının tamamının kapsandığı anlamına gelmez."
tests/Unit/Foundation/Health/IntegrationHealthHooksTest.php,Test kodu: IntegrationHealthHooksTest,Test içeriği/metot/bağımlılık taraması; 900-test suite çalıştırmasına dahil,183,52cd32b263686213c5bc3a6a28eb2e9cd548899fddd135488154d1619b895fe2,,,testSmtpHealthCheckWithInMemoryTransport; testSmtpHealthCheckWithReachableSocket; testSmtpHealthCheckWithUnreachableSocket; testPaymentGatewayHealthCheckMissingCredentials; testPaymentGatewayHealthCheckTestModeWarning; testPaymentGatewayHealthCheckLiveHealthy; testWebhookQueueHealthCheckThresholds; testIntegrationHealthRegistryConsolidatedReport,"Simulation:8,21,23,42,44,63,65,96,98,117,119,165,167,172; TODO:139,141,151; Domain SQL:141,151","Test yöntemleri: testSmtpHealthCheckWithInMemoryTransport, testSmtpHealthCheckWithReachableSocket, testSmtpHealthCheckWithUnreachableSocket, testPaymentGatewayHealthCheckMissingCredentials, testPaymentGatewayHealthCheckTestModeWarning, testPaymentGatewayHealthCheckLiveHealthy, testWebhookQueueHealthCheckThresholds, testIntegrationHealthRegistryConsolidatedReport. Bellek içi SQLite fixture; MariaDB/shared-host doğrulaması değildir. Mock/memory collaborator; gerçek sağlayıcı kanıtı değildir. Test geçtiği, orijinal kabul akışının tamamının kapsandığı anlamına gelmez."
tests/Unit/Foundation/Http/PipelineTest.php,Test kodu: PipelineTest,Test içeriği/metot/bağımlılık taraması; 900-test suite çalıştırmasına dahil,53,12ca2af9b02729f239865799d2503e0d9d07c4c616f44ba4d1f9a3ae004e18e7,,,testExecutesMiddlewaresInOrder; __construct; handle; __construct; handle,,"Test yöntemleri: testExecutesMiddlewaresInOrder. Test geçtiği, orijinal kabul akışının tamamının kapsandığı anlamına gelmez."
tests/Unit/Foundation/Http/RequestTest.php,Test kodu: RequestTest,Test içeriği/metot/bağımlılık taraması; 900-test suite çalıştırmasına dahil,50,74951dc2d511f8a07b57162b210a7d007829eceacac7ca2579d6f820d5587df1,,,testGettersAndNormalization; testCreateFromGlobals,,"Test yöntemleri: testGettersAndNormalization, testCreateFromGlobals. Test geçtiği, orijinal kabul akışının tamamının kapsandığı anlamına gelmez."
tests/Unit/Foundation/Http/ResponseTest.php,Test kodu: ResponseTest,Test içeriği/metot/bağımlılık taraması; 900-test suite çalıştırmasına dahil,43,71040d3c140c508ce807e4b96bf94c0a72f276912fa39e416806c095c4da321c,,,testJsonResponseFormatting; testRedirectResponse; testHeadersAndStatusMutators,,"Test yöntemleri: testJsonResponseFormatting, testRedirectResponse, testHeadersAndStatusMutators. Test geçtiği, orijinal kabul akışının tamamının kapsandığı anlamına gelmez."
tests/Unit/Foundation/Http/RouterTest.php,Test kodu: RouterTest,Test içeriği/metot/bağımlılık taraması; 900-test suite çalıştırmasına dahil,93,f459804125ee407fb0ed511f86bc89b7224708a1bcee8b3764ef549542dc8d83,,,setUp; testMatchesSimpleGetRoute; testExtractsRouteParameters; testRouteGroupsWithPrefixAndMiddleware; testReturns404ForUnregisteredRoute; testReturns405ForMethodMismatch,,"Test yöntemleri: testMatchesSimpleGetRoute, testExtractsRouteParameters, testRouteGroupsWithPrefixAndMiddleware, testReturns404ForUnregisteredRoute, testReturns405ForMethodMismatch. Test geçtiği, orijinal kabul akışının tamamının kapsandığı anlamına gelmez."
tests/Unit/Foundation/Idempotency/IdempotencyManagerTest.php,Test kodu: IdempotencyManagerTest,Test içeriği/metot/bağımlılık taraması; 900-test suite çalıştırmasına dahil,46,7eed9b3eff9d028c9f223961f167b454b534402814948382846106271214d753,,,setUp; testExecutesActionAndReplaysCachedResponseOnSubsequentCalls,,"Test yöntemleri: testExecutesActionAndReplaysCachedResponseOnSubsequentCalls. Test geçtiği, orijinal kabul akışının tamamının kapsandığı anlamına gelmez."
tests/Unit/Foundation/Localization/TranslatorTest.php,Test kodu: TranslatorTest,Test içeriği/metot/bağımlılık taraması; 900-test suite çalıştırmasına dahil,71,01c45dc57afa58caee7ac19ef554139cdc8ce5dc4b7705e2e17e517033e269f7,,,setUp; testDefaultAndFallbackTranslations; testHierarchicalLocaleResolution; testTurkishAndEnglishKeyAndPlaceholderParity,"TODO:56,61,66","Test yöntemleri: testDefaultAndFallbackTranslations, testHierarchicalLocaleResolution, testTurkishAndEnglishKeyAndPlaceholderParity. Test geçtiği, orijinal kabul akışının tamamının kapsandığı anlamına gelmez."
tests/Unit/Foundation/Lock/DatabaseLockTest.php,Test kodu: DatabaseLockTest,Test içeriği/metot/bağımlılık taraması; 900-test suite çalıştırmasına dahil,67,38dba499e58c6ef9f8011c682fc6079ae34b09450376d1edc5b467fb140190e6,,,setUp; testAcquireAndReleaseLock; testSynchronizedExecution; testSynchronizedThrowsConflictWhenLocked,,"Test yöntemleri: testAcquireAndReleaseLock, testSynchronizedExecution, testSynchronizedThrowsConflictWhenLocked. Test geçtiği, orijinal kabul akışının tamamının kapsandığı anlamına gelmez."
tests/Unit/Foundation/Logging/LogSanitizerTest.php,Test kodu: LogSanitizerTest,Test içeriği/metot/bağımlılık taraması; 900-test suite çalıştırmasına dahil,34,ddf9783512f92550b5041aa99bf7e9530a5e7d20dd267554439572cf71db13fe,,,testRedactsSensitiveKeys,,"Test yöntemleri: testRedactsSensitiveKeys. Test geçtiği, orijinal kabul akışının tamamının kapsandığı anlamına gelmez."
tests/Unit/Foundation/Logging/LoggerTest.php,Test kodu: LoggerTest,Test içeriği/metot/bağımlılık taraması; 900-test suite çalıştırmasına dahil,74,6c32ff9c08d7ce4c9f6c3ab0ede3825b56a252f794aa75acf24365df0fd9c07f,,,setUp; tearDown; testLogsStructuredJsonEntryWithSanitization; testLogManagerChannelSeparation,"TODO:14,15,19,20,21,27,33,42,48,49,50,64,70,71,72","Test yöntemleri: testLogsStructuredJsonEntryWithSanitization, testLogManagerChannelSeparation. Test geçtiği, orijinal kabul akışının tamamının kapsandığı anlamına gelmez."
tests/Unit/Foundation/Queue/DatabaseQueueTest.php,Test kodu: DatabaseQueueTest,Test içeriği/metot/bağımlılık taraması; 900-test suite çalıştırmasına dahil,153,5c79f6884b9990f354b7fd0a02f1c0e00a4321e8162cfd987be044400c1bb733,,,handle; queue; maxAttempts; backoffSeconds; handle; queue; maxAttempts; backoffSeconds; setUp; testPushAndPopSuccessfulJob; testWorkerProcessesJobSuccessfully; testRetryAndDeadLetterQueueOnFailure; testWorkerPrioritizedQueues,"Runtime exception:47; TODO:29,55,90,121,130; Domain SQL:128","Test yöntemleri: testPushAndPopSuccessfulJob, testWorkerProcessesJobSuccessfully, testRetryAndDeadLetterQueueOnFailure, testWorkerPrioritizedQueues. Bellek içi SQLite fixture; MariaDB/shared-host doğrulaması değildir. Test geçtiği, orijinal kabul akışının tamamının kapsandığı anlamına gelmez."
tests/Unit/Foundation/Runtime/EnvironmentTest.php,Test kodu: EnvironmentTest,Test içeriği/metot/bağımlılık taraması; 900-test suite çalıştırmasına dahil,75,066239220870fa51ec3b1cbbdcd43ef83124fd926f686832eb811f425bb03c07,,,testGetReturnsSetValue; testGetBoolParsesTruthValues; testToMaskedArrayHidesSensitiveInformation; testFromFileLoadsValidEnvVariables,TODO:61,"Test yöntemleri: testGetReturnsSetValue, testGetBoolParsesTruthValues, testToMaskedArrayHidesSensitiveInformation, testFromFileLoadsValidEnvVariables. Test geçtiği, orijinal kabul akışının tamamının kapsandığı anlamına gelmez."
tests/Unit/Foundation/Runtime/SystemRequirementsTest.php,Test kodu: SystemRequirementsTest,Test içeriği/metot/bağımlılık taraması; 900-test suite çalıştırmasına dahil,29,43c11151dd09eed34f0fe1ac3a59de5ca020661fb1976e4664d881c1262b40cd,,,testCheckPassesOnCurrentPhpRuntime; testConstantDefinitions,TODO:18,"Test yöntemleri: testCheckPassesOnCurrentPhpRuntime, testConstantDefinitions. Test geçtiği, orijinal kabul akışının tamamının kapsandığı anlamına gelmez."
tests/Unit/Foundation/Scheduler/SchedulerTest.php,Test kodu: SchedulerTest,Test içeriği/metot/bağımlılık taraması; 900-test suite çalıştırmasına dahil,107,72c2986790a71d79c4369608aa2acd51704b513c47ddf553743758b4caffa9c7,,,setUp; testRunsDueTasksAndRecordsHeartbeat; testTaskWithoutOverlappingSkipsWhenLocked; testHeartbeatRecordsFailureOnException; testFrequencies,Simulation:61; Runtime exception:84,"Test yöntemleri: testRunsDueTasksAndRecordsHeartbeat, testTaskWithoutOverlappingSkipsWhenLocked, testHeartbeatRecordsFailureOnException, testFrequencies. Bellek içi SQLite fixture; MariaDB/shared-host doğrulaması değildir. Test geçtiği, orijinal kabul akışının tamamının kapsandığı anlamına gelmez."
tests/Unit/Foundation/Storage/LocalStorageTest.php,Test kodu: LocalStorageTest,Test içeriği/metot/bağımlılık taraması; 900-test suite çalıştırmasına dahil,88,dab2ca5d65281703aabd97101326eba4816da5bf6ee21255565a28378f543f34,,,setUp; tearDown; testStoreAndRetrieveFile; testDeleteFile; testRejectsPathTraversalAttempts; testRejectsNullByteInPath; testStorageManagerDiskSeparation,"TODO:14,19,20,21,27,31,32,34,50,51,53,54,55,58,61,76","Test yöntemleri: testStoreAndRetrieveFile, testDeleteFile, testRejectsPathTraversalAttempts, testRejectsNullByteInPath, testStorageManagerDiskSeparation. Test geçtiği, orijinal kabul akışının tamamının kapsandığı anlamına gelmez."
tests/Unit/Foundation/Telemetry/CorrelationContextTest.php,Test kodu: CorrelationContextTest,Test içeriği/metot/bağımlılık taraması; 900-test suite çalıştırmasına dahil,54,c6047e8a3287277417bdb11b4faea8318b7b8cc11609d7faeb940c35f5aa4006,,,tearDown; testGeneratesValidContextWithIds; testExtractsHeaderIdsFromRequest; testContextMetadataAndArrayRepresentation,"TODO:23,24","Test yöntemleri: testGeneratesValidContextWithIds, testExtractsHeaderIdsFromRequest, testContextMetadataAndArrayRepresentation. Test geçtiği, orijinal kabul akışının tamamının kapsandığı anlamına gelmez."
tests/Unit/Foundation/Validation/ValidatorTest.php,Test kodu: ValidatorTest,Test içeriği/metot/bağımlılık taraması; 900-test suite çalıştırmasına dahil,72,1c98f446bb925eae4cd6758f1768f313e13ba0778ed73f2c8cce9c8c85fb2ef7,,,setUp; testPassesValidData; testFailsInvalidData; testValidateOrThrowThrowsValidationException,TODO:39,"Test yöntemleri: testPassesValidData, testFailsInvalidData, testValidateOrThrowThrowsValidationException. Test geçtiği, orijinal kabul akışının tamamının kapsandığı anlamına gelmez."
tests/Unit/Foundation/Worker/WorkerSupervisorTest.php,Test kodu: WorkerSupervisorTest,Test içeriği/metot/bağımlılık taraması; 900-test suite çalıştırmasına dahil,99,d9bc3b60b2f32e3d4dd5d37758bf502871a6bff0a08fb9c7005b512af254857c,,,handle; queue; maxAttempts; backoffSeconds; setUp; testRunsJobsUntilMaxLimit; testStopsGracefullyWhenStopRequested; testStopsWhenTimeBudgetExceeded; testStopsWhenMemoryBudgetExceeded,TODO:28,"Test yöntemleri: testRunsJobsUntilMaxLimit, testStopsGracefullyWhenStopRequested, testStopsWhenTimeBudgetExceeded, testStopsWhenMemoryBudgetExceeded. Bellek içi SQLite fixture; MariaDB/shared-host doğrulaması değildir. Test geçtiği, orijinal kabul akışının tamamının kapsandığı anlamına gelmez."
tests/Unit/Fraud/ManualRiskReviewTest.php,Test kodu: ManualRiskReviewTest,Test içeriği/metot/bağımlılık taraması; 900-test suite çalıştırmasına dahil,233,553784a64fd3374c15b40a74b19a5e6e6dba6141755dfd2718171094fde8c2c7,,,setUp; createSampleEvaluation; testCreateReviewCaseFromEvaluation; testClaimAndAssignReviewCase; testEscalateReviewCase; testApproveReviewGeneratesImmutableCryptographicSnapshot; testRejectReviewRequiresReasonAndPersistsOutcome; testRejectReviewSucceedsWithValidReason; testTamperedSnapshotIntegrityFails; testResolvedCaseCannotBeMutated; testPendingReviewsPrioritizationAndQueue,,"Test yöntemleri: testCreateReviewCaseFromEvaluation, testClaimAndAssignReviewCase, testEscalateReviewCase, testApproveReviewGeneratesImmutableCryptographicSnapshot, testRejectReviewRequiresReasonAndPersistsOutcome, testRejectReviewSucceedsWithValidReason, testTamperedSnapshotIntegrityFails, testResolvedCaseCannotBeMutated, testPendingReviewsPrioritizationAndQueue. Bellek içi SQLite fixture; MariaDB/shared-host doğrulaması değildir. Test geçtiği, orijinal kabul akışının tamamının kapsandığı anlamına gelmez."
tests/Unit/Fraud/RuleBasedRiskScoringTest.php,Test kodu: RuleBasedRiskScoringTest,Test içeriği/metot/bağımlılık taraması; 900-test suite çalıştırmasına dahil,387,e455ed619ede34157dbb44187b6072892b90bc2c15f6b10aa8ed1c68a31fadd1,,,setUp; testCleanOrderResultsInAcceptanceWithZeroScore; testDisposableEmailTriggersReviewScore; testAnonymousProxyAndTorDetection; testGeoIpAndPaymentCountryMismatch; testHighOrderValueAndNewCustomerRules; testCumulativeMultiVectorFraudResultsInHardReject; testEvaluationPersistenceAndRetrieval; testCustomRuleCanBeRegisteredAndEvaluated; getRuleCode; getRuleName; getDefaultWeight; evaluate; testCustomThresholdsAdjustDecision,"TODO:67,273,295","Test yöntemleri: testCleanOrderResultsInAcceptanceWithZeroScore, testDisposableEmailTriggersReviewScore, testAnonymousProxyAndTorDetection, testGeoIpAndPaymentCountryMismatch, testHighOrderValueAndNewCustomerRules, testCumulativeMultiVectorFraudResultsInHardReject, testEvaluationPersistenceAndRetrieval, testCustomRuleCanBeRegisteredAndEvaluated, testCustomThresholdsAdjustDecision. Bellek içi SQLite fixture; MariaDB/shared-host doğrulaması değildir. Test geçtiği, orijinal kabul akışının tamamının kapsandığı anlamına gelmez."
tests/Unit/Fraud/VelocityAndListsTest.php,Test kodu: VelocityAndListsTest,Test içeriği/metot/bağımlılık taraması; 900-test suite çalıştırmasına dahil,288,7a3718037b0bdb2e916a2a47d6b7ffecfa08f98360e62fddb0b7463a15ff5454,,,setUp; testFraudListExactAndCidrIpMatching; testFraudListWildcardEmailAndDomainMatching; testExpiredAndDeactivatedListEntriesAreIgnored; testListMatchingRuleIntegrationInRiskScoring; testVelocityTrackerCountsEventsWithinWindow; testVelocityRiskRuleFlagsExcessiveOrderAndPaymentBurst; testAccountLinkageDetectsMultiAccountSyndicates; testAccountLinkageFlagsLinkedPriorFraudulentAccounts,"TODO:104,164,165,166,170,186,191,229,230,231,261,262","Test yöntemleri: testFraudListExactAndCidrIpMatching, testFraudListWildcardEmailAndDomainMatching, testExpiredAndDeactivatedListEntriesAreIgnored, testListMatchingRuleIntegrationInRiskScoring, testVelocityTrackerCountsEventsWithinWindow, testVelocityRiskRuleFlagsExcessiveOrderAndPaymentBurst, testAccountLinkageDetectsMultiAccountSyndicates, testAccountLinkageFlagsLinkedPriorFraudulentAccounts. Bellek içi SQLite fixture; MariaDB/shared-host doğrulaması değildir. Test geçtiği, orijinal kabul akışının tamamının kapsandığı anlamına gelmez."
tests/Unit/Health/SystemDoctorHealthTest.php,Test kodu: SystemDoctorHealthTest,Test içeriği/metot/bağımlılık taraması; 900-test suite çalıştırmasına dahil,151,ab54dc01075666a579d669c9e6d644facde897d8a79e85a65be1fa37a7676670,,,setUp; tearDown; removeDirectory; testDatabaseComponentHealthPasses; testCronOverdueDetection; testQueueFailedJobThresholds; testComprehensiveDiagnoseAllAudits7Components,"DDL:122; SQLite syntax:122; TODO:19,20,29,30,32,33,38,39,115,117,118,128; Domain SQL:78,86,101,107,124","Test yöntemleri: testDatabaseComponentHealthPasses, testCronOverdueDetection, testQueueFailedJobThresholds, testComprehensiveDiagnoseAllAudits7Components. Bellek içi SQLite fixture; MariaDB/shared-host doğrulaması değildir. Test geçtiği, orijinal kabul akışının tamamının kapsandığı anlamına gelmez."
tests/Unit/Installer/FreshInstallMigrationModeTest.php,Test kodu: FreshInstallMigrationModeTest,Test içeriği/metot/bağımlılık taraması; 900-test suite çalıştırmasına dahil,347,62db549dc2731754608b021e33cbd719bad20212cdfebde49772e7394e4f2e9e,,,setUp; tearDown; seedSourceWhmcsDatabase; testInstallationModeEnum; testTestSourceConnectionDetectsInvalidDatabase; testFreshInstallWithMigrationStepE2E; testExecutionFailsWhenOrchestratorNotConfigured,"DDL:196,199,202,205,208,211,214,217,220,223,226,229; Simulation:51,135; TODO:50,58,72,136,137,169,187,188; Domain SQL:197,200,203,206,208,209,212,215,218,221,224,227,230,310","Test yöntemleri: testInstallationModeEnum, testTestSourceConnectionDetectsInvalidDatabase, testFreshInstallWithMigrationStepE2E, testExecutionFailsWhenOrchestratorNotConfigured. Bellek içi SQLite fixture; MariaDB/shared-host doğrulaması değildir. Test geçtiği, orijinal kabul akışının tamamının kapsandığı anlamına gelmez."
tests/Unit/Installer/WebInstallerTest.php,Test kodu: WebInstallerTest,Test içeriği/metot/bağımlılık taraması; 900-test suite çalıştırmasına dahil,381,fb58c0631c8298d971c30f473c5531edde6b8dd994fa1a928c7aca5cf41893f7,,,setUp; tearDown; createInstaller; testRequirementsCheckerPassesOnCurrentEnvironment; testRequirementsCheckerFailsWhenRequiredExtensionMissing; testRequirementsCheckerFailsWhenPhpVersionTooLow; testDatabaseSetupTestConnectionFailure; testDatabaseSetupInitializesCoreTables; testAdminSetupDtoValidation; testAdminSetupDtoPasswordPolicy; testAdminBootstrapServiceCreatesSuperAdmin; testLocaleAndBrandSetup; testEmailSetupAndLiveTestDelivery; testCronSetupAndTokenValidation; testCompleteEndToEndInstallationWizardWorkflowAndLockProtection,"Simulation:24,266,345; TODO:32,39,47,48,59,70,97,113,149,287,354,366,370,375; Domain SQL:164,198,203,226,244,297","Test yöntemleri: testRequirementsCheckerPassesOnCurrentEnvironment, testRequirementsCheckerFailsWhenRequiredExtensionMissing, testRequirementsCheckerFailsWhenPhpVersionTooLow, testDatabaseSetupTestConnectionFailure, testDatabaseSetupInitializesCoreTables, testAdminSetupDtoValidation, testAdminSetupDtoPasswordPolicy, testAdminBootstrapServiceCreatesSuperAdmin, testLocaleAndBrandSetup, testEmailSetupAndLiveTestDelivery, testCronSetupAndTokenValidation, testCompleteEndToEndInstallationWizardWorkflowAndLockProtection. Bellek içi SQLite fixture; MariaDB/shared-host doğrulaması değildir. Test geçtiği, orijinal kabul akışının tamamının kapsandığı anlamına gelmez."
tests/Unit/Migration/AdoptExistingServiceDomainIdentityTest.php,Test kodu: AdoptExistingServiceDomainIdentityTest,Test içeriği/metot/bağımlılık taraması; 900-test suite çalıştırmasına dahil,255,c75207d58546f73f7c6069eb606ea94e86e006a214e8ea191f6e87f5ab5af935,,,setUp; testServiceAdoptionSuppressesRemoteProvisioningAndCreatesIdentityLink; testServiceAdoptionIsIdempotentOnReRun; testServiceAdoptionConflictDetectionOnDifferentSourceEntity; testServiceAdoptionFailsIfClientUnresolved; testDomainAdoptionSuppressesRegistrarApiAndCreatesIdentityLink; testDomainAdoptionConflictDetection; testRemoteReadonlyVerificationFlagging; verifyServerAccountExists; verifyDomainRegistration,"Simulation:218,230; TODO:121; Domain SQL:78,184","Test yöntemleri: testServiceAdoptionSuppressesRemoteProvisioningAndCreatesIdentityLink, testServiceAdoptionIsIdempotentOnReRun, testServiceAdoptionConflictDetectionOnDifferentSourceEntity, testServiceAdoptionFailsIfClientUnresolved, testDomainAdoptionSuppressesRegistrarApiAndCreatesIdentityLink, testDomainAdoptionConflictDetection, testRemoteReadonlyVerificationFlagging. Bellek içi SQLite fixture; MariaDB/shared-host doğrulaması değildir. Test geçtiği, orijinal kabul akışının tamamının kapsandığı anlamına gelmez."
tests/Unit/Migration/CutoverAndGoldenMigrationE2ETest.php,Test kodu: CutoverAndGoldenMigrationE2ETest,Test içeriği/metot/bağımlılık taraması; 900-test suite çalıştırmasına dahil,388,bd506f4661c60acb2b6d550475a64ffb2d2e9baf3d0d4192a338f176098d3b4d,,tests/Integration/Golden/GoldenMasterScenariosE2ETest.php,setUp; createWhmcsGoldenSchema; seedWhmcsGoldenDataset; testGoldenMigrationEndToEndWithCutoverChecklistAndAuditSeal; testCutoverSealFailsWhenChecklistPrerequisitesViolated,"DDL:190,191,192,193,194,195,196,197,198,199,200,201,202,203; Simulation:37,70,147; TODO:36,148,149,315,356,383; Domain SQL:193,209,210,211,214,215,216,219,220,223,224,225,228,229,232,233,234,237","Test yöntemleri: testGoldenMigrationEndToEndWithCutoverChecklistAndAuditSeal, testCutoverSealFailsWhenChecklistPrerequisitesViolated. Bellek içi SQLite fixture; MariaDB/shared-host doğrulaması değildir. Test geçtiği, orijinal kabul akışının tamamının kapsandığı anlamına gelmez."
tests/Unit/Migration/DryRunConflictCheckpointResumeTest.php,Test kodu: DryRunConflictCheckpointResumeTest,Test içeriği/metot/bağımlılık taraması; 900-test suite çalıştırmasına dahil,323,c9ad1073099cdf7f7d3f53211b8eafb75fbdc4986ff67a555f355ce60527d8e0,,,setUp; seedSourceWhmcsDatabase; testDryRunSimulationDoesNotMutateTargetTables; testPreFlightConflictDetection; testCheckpointSaveAndResumeFromInterruptedStep; testQuarantineManagerInspectionAndRemediation; testAbsoluteIdempotencyOnRepeatedExecution,"DDL:145,148,151,154,157,160,163,166,169,172; TODO:288; Domain SQL:146,149,152,155,158,161,164,167,170,173,194,197,200,203,206,215,218,300","Test yöntemleri: testDryRunSimulationDoesNotMutateTargetTables, testPreFlightConflictDetection, testCheckpointSaveAndResumeFromInterruptedStep, testQuarantineManagerInspectionAndRemediation, testAbsoluteIdempotencyOnRepeatedExecution. Bellek içi SQLite fixture; MariaDB/shared-host doğrulaması değildir. Test geçtiği, orijinal kabul akışının tamamının kapsandığı anlamına gelmez."
tests/Unit/Migration/GenericStagingMappingValidationTest.php,Test kodu: GenericStagingMappingValidationTest,Test içeriği/metot/bağımlılık taraması; 900-test suite çalıştırmasına dahil,398,88b137800fc0d452f9320f0da86baf4b460ca5738b71dde5ebedc342ce527862,,,setUp; testStagingRecordLifecycleAndStateTransitions; testDatabaseStagingRepositoryPersistenceAndAccountingReport; testGenericMappingEngineClientWithUnsupportedFieldRetention; testGenericMappingEngineProductsServicesDomains; testGenericMappingEngineInvoicesPaymentsTickets; testCanonicalValidationEngineDetectsCorruptOrInconsistentData; testStagingPipelineBatchProcessingAndQuarantineAccounting,"Domain SQL:102,287","Test yöntemleri: testStagingRecordLifecycleAndStateTransitions, testDatabaseStagingRepositoryPersistenceAndAccountingReport, testGenericMappingEngineClientWithUnsupportedFieldRetention, testGenericMappingEngineProductsServicesDomains, testGenericMappingEngineInvoicesPaymentsTickets, testCanonicalValidationEngineDetectsCorruptOrInconsistentData, testStagingPipelineBatchProcessingAndQuarantineAccounting. Bellek içi SQLite fixture; MariaDB/shared-host doğrulaması değildir. Test geçtiği, orijinal kabul akışının tamamının kapsandığı anlamına gelmez."
tests/Unit/Migration/LocaleAwareCsvImportTest.php,Test kodu: LocaleAwareCsvImportTest,Test içeriği/metot/bağımlılık taraması; 900-test suite çalıştırmasına dahil,247,4e814eb7a29e71c5b40893926a307e5a85d5a4dfb062dec797f8bb02ff4f4997,,,setUp; testDelimiterAutoDetection; testUtf8BomStripping; testLocaleAwareNumberParsing; testLocaleAwareDateParsing; testCsvClientImportEndToEnd; testCsvInvoiceImportWithLocalizedCurrencyAndMath; testMalformedCsvLinesAndValidationFailuresQuarantinedWithoutSilentLoss,,"Test yöntemleri: testDelimiterAutoDetection, testUtf8BomStripping, testLocaleAwareNumberParsing, testLocaleAwareDateParsing, testCsvClientImportEndToEnd, testCsvInvoiceImportWithLocalizedCurrencyAndMath, testMalformedCsvLinesAndValidationFailuresQuarantinedWithoutSilentLoss. Bellek içi SQLite fixture; MariaDB/shared-host doğrulaması değildir. Test geçtiği, orijinal kabul akışının tamamının kapsandığı anlamına gelmez."
tests/Unit/Migration/MigrationHoldAndSuppressionTest.php,Test kodu: MigrationHoldAndSuppressionTest,Test içeriği/metot/bağımlılık taraması; 900-test suite çalıştırmasına dahil,393,60e22e969e7178b5284701397ee41e423f4c797f12abf6b3e61f43c9d78b918d,,,setUp; testGlobalHoldActivationAndRelease; testEntitySpecificHoldAndActionFiltering; testNotificationSuppressionManagerInterceptsAndLogs; testReplaySuppressedNotificationAfterHoldRelease; testBatchLevelEntitiesHoldAndSummary; testOrchestratorLiveExecutionAppliesHoldToMigratedEntities,"DDL:280,281,282,283,284,285,286,287,288,289,290; Simulation:35,47,62,274; TODO:34,63,64,145,148,181,212; Domain SQL:282,293,294,295,296,297,298,299","Test yöntemleri: testGlobalHoldActivationAndRelease, testEntitySpecificHoldAndActionFiltering, testNotificationSuppressionManagerInterceptsAndLogs, testReplaySuppressedNotificationAfterHoldRelease, testBatchLevelEntitiesHoldAndSummary, testOrchestratorLiveExecutionAppliesHoldToMigratedEntities. Bellek içi SQLite fixture; MariaDB/shared-host doğrulaması değildir. Test geçtiği, orijinal kabul akışının tamamının kapsandığı anlamına gelmez."
tests/Unit/Migration/WhmcsCoreEntitiesMigrationTest.php,Test kodu: WhmcsCoreEntitiesMigrationTest,Test içeriği/metot/bağımlılık taraması; 900-test suite çalıştırmasına dahil,569,feaa3da63ce8f42d6c36cca54d9ed520032e317cc36bb0a4147414e93ac5f458,,,setUp; createSourceWhmcsTables; testExtractorCurrenciesAndCustomFields; testExtractorExtractClientsProductsServicesDomains; testClientMigrationCreatesUserAndOrganization; testProductMigrationCreatesProductGroupsAndCatalogProducts; testServiceMigrationAdoptsHostingAccountsNonDestructively; testDomainMigrationAdoptsDomainsNonDestructively; testEndToEndMigrationCertifiesZeroSilentLoss; testSubaccountContactsMigration; testIdempotencyAndRerunHandling,"DDL:93,102,123,142,151,164,175,196,217,224; Domain SQL:234,235,236,249,250,259,262,266,267,269,272,276,307,308,319,324,328,344","Test yöntemleri: testExtractorCurrenciesAndCustomFields, testExtractorExtractClientsProductsServicesDomains, testClientMigrationCreatesUserAndOrganization, testProductMigrationCreatesProductGroupsAndCatalogProducts, testServiceMigrationAdoptsHostingAccountsNonDestructively, testDomainMigrationAdoptsDomainsNonDestructively, testEndToEndMigrationCertifiesZeroSilentLoss, testSubaccountContactsMigration, testIdempotencyAndRerunHandling. Bellek içi SQLite fixture; MariaDB/shared-host doğrulaması değildir. Test geçtiği, orijinal kabul akışının tamamının kapsandığı anlamına gelmez."
tests/Unit/Migration/WhmcsFinancialReconciliationMigrationTest.php,Test kodu: WhmcsFinancialReconciliationMigrationTest,Test içeriği/metot/bağımlılık taraması; 900-test suite çalıştırmasına dahil,420,33e71e50f2c5d55675527afaba64e8b9d7b971dec42234d1ebbaefaffccab063,,,setUp; createSourceWhmcsTables; testExtractFinancialEntities; testMigrateInvoicesWithItemsAndPreserveMinorUnits; testMigratePaymentsAndCreateAllocations; testMigrateClientCreditsIntoCreditLedger; testEndToEndFinancialReconciliationZeroDiff; testQuarantineUnresolvedClientFinancials; testInvoiceMathValidationQuarantine,"DDL:79,88,97,115,126; Domain SQL:143,144,146,147,149,152,155,188,189,190,193,195,207,217,233,234,235,238","Test yöntemleri: testExtractFinancialEntities, testMigrateInvoicesWithItemsAndPreserveMinorUnits, testMigratePaymentsAndCreateAllocations, testMigrateClientCreditsIntoCreditLedger, testEndToEndFinancialReconciliationZeroDiff, testQuarantineUnresolvedClientFinancials, testInvoiceMathValidationQuarantine. Bellek içi SQLite fixture; MariaDB/shared-host doğrulaması değildir. Test geçtiği, orijinal kabul akışının tamamının kapsandığı anlamına gelmez."
tests/Unit/Migration/WhmcsSourceScanAndConnectorTest.php,Test kodu: WhmcsSourceScanAndConnectorTest,Test içeriği/metot/bağımlılık taraması; 900-test suite çalıştırmasına dahil,210,128eb011edb5ae63ce3310b7dbeb345dad9616daee7f2fdd212b82749ca30836,,,setUp; testWhmcsReadOnlyConnectorPermitsSelectQueries; testWhmcsReadOnlyConnectorRejectsMutationsAndDdl; testWhmcsReadOnlyConnectorRejectsDropAndTruncate; testWhmcsVersionParserSemantics; testWhmcsSourceScannerDetectsCapabilitiesTablesAndModules; testWhmcsPreflightServiceDetectsOrphansAndReadiness; testWhmcsPreflightServiceFlagsIncompatibleWhenCoreTablesMissing; seedMockWhmcsV8Database,"DDL:35,51,154,161,166,173,180,187,194,201,207,208; Simulation:86,115,151; TODO:128,147; Domain SQL:36,38,42,56,119,157,163,169,176,183,190,197,204","Test yöntemleri: testWhmcsReadOnlyConnectorPermitsSelectQueries, testWhmcsReadOnlyConnectorRejectsMutationsAndDdl, testWhmcsReadOnlyConnectorRejectsDropAndTruncate, testWhmcsVersionParserSemantics, testWhmcsSourceScannerDetectsCapabilitiesTablesAndModules, testWhmcsPreflightServiceDetectsOrphansAndReadiness, testWhmcsPreflightServiceFlagsIncompatibleWhenCoreTablesMissing. Bellek içi SQLite fixture; MariaDB/shared-host doğrulaması değildir. Mock/memory collaborator; gerçek sağlayıcı kanıtı değildir. Test geçtiği, orijinal kabul akışının tamamının kapsandığı anlamına gelmez."
tests/Unit/Migration/WhmcsSupportAndUnsupportedDataTest.php,Test kodu: WhmcsSupportAndUnsupportedDataTest,Test içeriği/metot/bağımlılık taraması; 900-test suite çalıştırmasına dahil,338,a3effed9e4296587ea6ee04642801c60fb824ec70b404793be9317ba8a935c86,,,setUp; createSourceWhmcsTables; testExtractSupportDepartmentsTicketsRepliesAttachmentsCustomFields; testMigrateDepartmentsAndDefaultFallback; testMigrateTicketsWithRepliesAndAttachments; testUnsupportedDataAccountingZeroFieldLoss; testQuarantineUnresolvedClientTickets; testEndToEndSupportMigrationCertification,"DDL:83,92,107,118,125,132; Domain SQL:142,145,148,151,154,156,175,183,193,196,199,202,216,224,232,265,266,280","Test yöntemleri: testExtractSupportDepartmentsTicketsRepliesAttachmentsCustomFields, testMigrateDepartmentsAndDefaultFallback, testMigrateTicketsWithRepliesAndAttachments, testUnsupportedDataAccountingZeroFieldLoss, testQuarantineUnresolvedClientTickets, testEndToEndSupportMigrationCertification. Bellek içi SQLite fixture; MariaDB/shared-host doğrulaması değildir. Test geçtiği, orijinal kabul akışının tamamının kapsandığı anlamına gelmez."
tests/Unit/Notifications/AnnouncementServiceTest.php,Test kodu: AnnouncementServiceTest,Test içeriği/metot/bağımlılık taraması; 900-test suite çalıştırmasına dahil,160,e35c9498ddfd74f63061ccde1e862b3160f04e25537ce3a01906153fabacd554,,,setUp; testCreateAndPublishAnnouncement; testPublicAnnouncementsAndPinnedAlerts; testUnsubscribeTokenGenerationAndValidation; testBroadcastMarketingRespectsOptOutPreferences,"Simulation:10,21,33; TODO:92","Test yöntemleri: testCreateAndPublishAnnouncement, testPublicAnnouncementsAndPinnedAlerts, testUnsubscribeTokenGenerationAndValidation, testBroadcastMarketingRespectsOptOutPreferences. Bellek içi SQLite fixture; MariaDB/shared-host doğrulaması değildir. Test geçtiği, orijinal kabul akışının tamamının kapsandığı anlamına gelmez."
tests/Unit/Notifications/NotificationCenterServiceTest.php,Test kodu: NotificationCenterServiceTest,Test içeriği/metot/bağımlılık taraması; 900-test suite çalıştırmasına dahil,150,2c8b08f124f1488f74a715aac3db4e42c448b22797a68def08a81db81fb3bb81,,,setUp; testUserPreferencesDefaultsAndUpdates; testMandatorySecurityCategoryCannotBeDisabled; testInAppNotificationCreationAndReadStatus; testMarkAllAsRead; testDeliveryLoggingAndHistory,"TODO:58,127,137","Test yöntemleri: testUserPreferencesDefaultsAndUpdates, testMandatorySecurityCategoryCannotBeDisabled, testInAppNotificationCreationAndReadStatus, testMarkAllAsRead, testDeliveryLoggingAndHistory. Bellek içi SQLite fixture; MariaDB/shared-host doğrulaması değildir. Test geçtiği, orijinal kabul akışının tamamının kapsandığı anlamına gelmez."
tests/Unit/Notifications/NotificationEngineTest.php,Test kodu: NotificationEngineTest,Test içeriği/metot/bağımlılık taraması; 900-test suite çalıştırmasına dahil,185,9f581384c9b42418ef09e3083eab53538eb0bebe501cd005b6ae30cfd6ccd322,,,setUp; testTurkishTemplateRendering; testEnglishTemplateRendering; testNotificationEngineMemoryDispatch; testSmtpConfigurationPasswordMasking; testSmtpTransportMimeMessageAssembly; testCustomTemplateRegistrationAndXssEscaping; testTransportFailureHandling,"Simulation:12,19,25,173; TODO:11,20,26,27,30,39,49,60,72,151,153,161,163,168","Test yöntemleri: testTurkishTemplateRendering, testEnglishTemplateRendering, testNotificationEngineMemoryDispatch, testSmtpConfigurationPasswordMasking, testSmtpTransportMimeMessageAssembly, testCustomTemplateRegistrationAndXssEscaping, testTransportFailureHandling. Test geçtiği, orijinal kabul akışının tamamının kapsandığı anlamına gelmez."
tests/Unit/OperationalMode/OperationalModeTest.php,Test kodu: OperationalModeTest,Test içeriği/metot/bağımlılık taraması; 900-test suite çalıştırmasına dahil,128,d0a94b2c8f388b86f5aca5d0256b8eb11808f58c0aaeb08962e281e11543f3a3,,,setUp; tearDown; testDefaultModeIsNormal; testReadOnlyModeBlocksWriteOperations; testRecoveryModeBlocksCustomerAccessWhileAllowingSuperAdmin; testFullMaintenanceBlocksGeneralTrafficWhileAllowingWhitelistedIp; testSafeModePermitsWritesWhileDisablingAutomatedCron; testTransitionToNormalClearsLockFile,"TODO:17,26,31,32,40,52,69,84,105,118,121,122,125","Test yöntemleri: testDefaultModeIsNormal, testReadOnlyModeBlocksWriteOperations, testRecoveryModeBlocksCustomerAccessWhileAllowingSuperAdmin, testFullMaintenanceBlocksGeneralTrafficWhileAllowingWhitelistedIp, testSafeModePermitsWritesWhileDisablingAutomatedCron, testTransitionToNormalClearsLockFile. Bellek içi SQLite fixture; MariaDB/shared-host doğrulaması değildir. Test geçtiği, orijinal kabul akışının tamamının kapsandığı anlamına gelmez."
tests/Unit/Payments/IyzicoPaymentGatewayTest.php,Test kodu: IyzicoPaymentGatewayTest,Test içeriği/metot/bağımlılık taraması; 900-test suite çalıştırmasına dahil,192,42d25bf97f87eb26248482af3e23d9272a5f99941d84046e2471954b7c3a7526,,,setUp; testIyzicoConfigurationMasking; testAuthorizationHeaderGeneration; testInitializeCheckoutSuccess; testInitializeCheckoutFailure; testVerifyPaymentSuccess; testRefundSuccess,"Simulation:49,61,86,96,120,145,166,177","Test yöntemleri: testIyzicoConfigurationMasking, testAuthorizationHeaderGeneration, testInitializeCheckoutSuccess, testInitializeCheckoutFailure, testVerifyPaymentSuccess, testRefundSuccess. Mock/memory collaborator; gerçek sağlayıcı kanıtı değildir. Test geçtiği, orijinal kabul akışının tamamının kapsandığı anlamına gelmez."
tests/Unit/Payments/PaymentWebhookAndRefundTest.php,Test kodu: PaymentWebhookAndRefundTest,Test içeriği/metot/bağımlılık taraması; 900-test suite çalıştırmasına dahil,509,e087ac67988e353bf3b50ff29048b3a4a7957a66bdb3033573f8ef7a22387729,,,setUp; testSuccessfulIyzicoCallbackSettlesPendingPaymentAndAllocatesInvoice; testDuplicateCallbackIsIdempotentAndDoesNotDoubleCredit; testCallbackWithVerificationFailureMarksPaymentFailed; testOutOfOrderCallbackOnAlreadyCompletedPayment; testGatewayRefundSuccessUpdatesPaymentAndInvoice; testGatewayRefundFailurePreservesPaymentAndRefundableBalance; testRefundValidationGuards; testRefundAmountExceedingBalanceThrowsValidationException,"Simulation:110,111,137,198,214,267,268,278,313,327,366,367,378,418,419,430; TODO:399,400,401,402,403,432,454,455,456,457,458,459","Test yöntemleri: testSuccessfulIyzicoCallbackSettlesPendingPaymentAndAllocatesInvoice, testDuplicateCallbackIsIdempotentAndDoesNotDoubleCredit, testCallbackWithVerificationFailureMarksPaymentFailed, testOutOfOrderCallbackOnAlreadyCompletedPayment, testGatewayRefundSuccessUpdatesPaymentAndInvoice, testGatewayRefundFailurePreservesPaymentAndRefundableBalance, testRefundValidationGuards, testRefundAmountExceedingBalanceThrowsValidationException. Bellek içi SQLite fixture; MariaDB/shared-host doğrulaması değildir. Mock/memory collaborator; gerçek sağlayıcı kanıtı değildir. Test geçtiği, orijinal kabul akışının tamamının kapsandığı anlamına gelmez."
tests/Unit/Pricing/PricingAndTaxGoldenPropertyTest.php,Test kodu: PricingAndTaxGoldenPropertyTest,Test içeriği/metot/bağımlılık taraması; 900-test suite çalıştırmasına dahil,286,20775f5fedd420fc7708fe10030db32a098bcb14c41bab53d6eae8aa36fcfe8e,,,setUp; testTaxCalculationInvariantsOverRandomAmounts; testProrataConservationInvariant; testGoldenCommercialQuoteAndTaxCalculation; testFxRateHistoricalIndependence,,"Test yöntemleri: testTaxCalculationInvariantsOverRandomAmounts, testProrataConservationInvariant, testGoldenCommercialQuoteAndTaxCalculation, testFxRateHistoricalIndependence. Bellek içi SQLite fixture; MariaDB/shared-host doğrulaması değildir. Test geçtiği, orijinal kabul akışının tamamının kapsandığı anlamına gelmez."
tests/Unit/Pricing/PricingServiceTest.php,Test kodu: PricingServiceTest,Test içeriği/metot/bağımlılık taraması; 900-test suite çalıştırmasına dahil,378,63ffe8105b0b345e693ce0c3414d801acb60c4118876f2eb359cf2021f579431,,,setUp; testSetAndRetrievePricePoints; testUpdateExistingPricePoint; testCalculateQuoteWithProductOptionsAndAddons; testValidationRejectsNegativePrices; testMissingPriceThrowsExceptionDuringQuote; testCustomerPercentageDiscountOverride; testServiceSpecificFixedPriceOverrideHasHighestPrecedence; testCalculateProrataDayRatio; testCalculateUpgradeQuoteWithNetDue; testCalculateDowngradeQuoteIssuesCredit,Domain SQL:73,"Test yöntemleri: testSetAndRetrievePricePoints, testUpdateExistingPricePoint, testCalculateQuoteWithProductOptionsAndAddons, testValidationRejectsNegativePrices, testMissingPriceThrowsExceptionDuringQuote, testCustomerPercentageDiscountOverride, testServiceSpecificFixedPriceOverrideHasHighestPrecedence, testCalculateProrataDayRatio, testCalculateUpgradeQuoteWithNetDue, testCalculateDowngradeQuoteIssuesCredit. Bellek içi SQLite fixture; MariaDB/shared-host doğrulaması değildir. Test geçtiği, orijinal kabul akışının tamamının kapsandığı anlamına gelmez."
tests/Unit/Privacy/DomainPrivacyHandlersAndRedactionAuditTest.php,Test kodu: DomainPrivacyHandlersAndRedactionAuditTest,Test içeriği/metot/bağımlılık taraması; 900-test suite çalıştırmasına dahil,331,bf66dd70aa10026f85cd5b59ffb285ade1073862da8a7a302268f924c8b4fcbe,,,setUp; createTestTables; testBillingPrivacyHandlerRedactsPaymentMethodsAndProfiles; testHostingPrivacyHandlerRedactsCredentialsAndTokens; testSupportPrivacyHandlerRedactsTicketsAndMessages; testRedactionAuditRecordTamperEvidentSignatures; testEndToEndErasureWithCoordinatedHandlersAndRedactionAudit,"DDL:53,68,78,92,108,123,135; SQLite syntax:54,69,79,93,109,124,136; TODO:317,321; Domain SQL:150,154,166,172,185,196,207,211,220,225,269,273,277,281,285","Test yöntemleri: testBillingPrivacyHandlerRedactsPaymentMethodsAndProfiles, testHostingPrivacyHandlerRedactsCredentialsAndTokens, testSupportPrivacyHandlerRedactsTicketsAndMessages, testRedactionAuditRecordTamperEvidentSignatures, testEndToEndErasureWithCoordinatedHandlersAndRedactionAudit. Bellek içi SQLite fixture; MariaDB/shared-host doğrulaması değildir. Test geçtiği, orijinal kabul akışının tamamının kapsandığı anlamına gelmez."
tests/Unit/Privacy/PrivacyErasureAndRestrictionTest.php,Test kodu: PrivacyErasureAndRestrictionTest,Test içeriği/metot/bağımlılık taraması; 900-test suite çalıştırmasına dahil,217,4f82e5cc9f07e432da47e61e0b68c822e5cf3fe10e397b7f24e1b096fbcceadb,,,setUp; createTestTables; testDryRunIdentifiesActiveServiceBlockers; testDryRunIdentifiesUnpaidInvoiceBlockers; testCleanAccountDryRunCategorizesDeleteAnonymizeRetain; testExecuteErasureAnonymizesProfileDeletesConsentsRetainsInvoices; testRestrictionOfProcessingWorkflow,"DDL:33,47,56,65,74; SQLite syntax:34,48,57,66,75; TODO:91,126,162,180,203; Domain SQL:166,179,183","Test yöntemleri: testDryRunIdentifiesActiveServiceBlockers, testDryRunIdentifiesUnpaidInvoiceBlockers, testCleanAccountDryRunCategorizesDeleteAnonymizeRetain, testExecuteErasureAnonymizesProfileDeletesConsentsRetainsInvoices, testRestrictionOfProcessingWorkflow. Bellek içi SQLite fixture; MariaDB/shared-host doğrulaması değildir. Test geçtiği, orijinal kabul akışının tamamının kapsandığı anlamına gelmez."
tests/Unit/Privacy/PrivacyRequestsAndExportTest.php,Test kodu: PrivacyRequestsAndExportTest,Test içeriği/metot/bağımlılık taraması; 900-test suite çalıştırmasına dahil,226,eb2b682c2050dcfe909c8863135a97865013ba269d191f3ae8d744537b6e9546,,,setUp; setUpMockDatabaseData; testCreatePrivacyRequestGeneratesStepUpChallenge; testCannotGenerateExportWithoutStepUpVerification; testFailedStepUpOtpAttemptsEnforceRateLimitAndLockout; testSuccessfulStepUpAllowsExportGenerationWithScrubbedSecrets; testExportPackageTamperDetection; testUserCanHaveMultiplePrivacyRequestTypes,"DDL:40,58; SQLite syntax:41,59; Simulation:33,36,38,56; TODO:107,113,118,121,126,129,134,141,143,163","Test yöntemleri: testCreatePrivacyRequestGeneratesStepUpChallenge, testCannotGenerateExportWithoutStepUpVerification, testFailedStepUpOtpAttemptsEnforceRateLimitAndLockout, testSuccessfulStepUpAllowsExportGenerationWithScrubbedSecrets, testExportPackageTamperDetection, testUserCanHaveMultiplePrivacyRequestTypes. Bellek içi SQLite fixture; MariaDB/shared-host doğrulaması değildir. Mock/memory collaborator; gerçek sağlayıcı kanıtı değildir. Test geçtiği, orijinal kabul akışının tamamının kapsandığı anlamına gelmez."
tests/Unit/Privacy/PrivacyTombstoneAndRestoreTest.php,Test kodu: PrivacyTombstoneAndRestoreTest,Test içeriği/metot/bağımlılık taraması; 900-test suite çalıştırmasına dahil,350,5f1d909a80a28227fae552cb134c532654530b6dd16116c4ac68f6305b006f74,,,setUp; tearDown; createUsersTable; testRecordAndRetrievePrivacyTombstone; testTombstoneIntegrityVerificationDetectsTampering; testPrivacyErasureAutomaticallyRecordsTombstone; testGoldenScenarioG08PrivacyRestoreReconciliation; testProductionGateBlocksIfReconciliationDirty; testResurrectedUserDetectedByEmailHashEvenWithAlteredUserId; testManifestExportAndImport,"DDL:54,69; SQLite syntax:55,70; Simulation:216,228,308; TODO:20,30,31,46,47,264,338,339,346,347; Domain SQL:139,181,186,192,193,211,218,224,229,232,255,263,310,325","Test yöntemleri: testRecordAndRetrievePrivacyTombstone, testTombstoneIntegrityVerificationDetectsTampering, testPrivacyErasureAutomaticallyRecordsTombstone, testGoldenScenarioG08PrivacyRestoreReconciliation, testProductionGateBlocksIfReconciliationDirty, testResurrectedUserDetectedByEmailHashEvenWithAlteredUserId, testManifestExportAndImport. Bellek içi SQLite fixture; MariaDB/shared-host doğrulaması değildir. Test geçtiği, orijinal kabul akışının tamamının kapsandığı anlamına gelmez."
tests/Unit/Privacy/RetentionAndLegalHoldTest.php,Test kodu: RetentionAndLegalHoldTest,Test içeriği/metot/bağımlılık taraması; 900-test suite çalıştırmasına dahil,207,a6466d4658c612b6ea8f9fd89c87be3f8b79af38c54f185fd1191de1e25f40e6,,,setUp; testDefaultRetentionPoliciesSeededAndEvaluated; testEphemeralSessionRetentionExpiration; testPlaceAndReleaseUserLegalHold; testLegalHoldScopeMatching; testLegalHoldBlocksPrivacyErasureDryRunAndExecution,"DDL:161; Simulation:160; TODO:170,186","Test yöntemleri: testDefaultRetentionPoliciesSeededAndEvaluated, testEphemeralSessionRetentionExpiration, testPlaceAndReleaseUserLegalHold, testLegalHoldScopeMatching, testLegalHoldBlocksPrivacyErasureDryRunAndExecution. Bellek içi SQLite fixture; MariaDB/shared-host doğrulaması değildir. Mock/memory collaborator; gerçek sağlayıcı kanıtı değildir. Test geçtiği, orijinal kabul akışının tamamının kapsandığı anlamına gelmez."
tests/Unit/Providers/Cpanel/CpanelAccountLifecycleTest.php,Test kodu: CpanelAccountLifecycleTest,Test içeriği/metot/bağımlılık taraması; 900-test suite çalıştırmasına dahil,376,66fadfad9e8f354aeedbd4a0a3db9827cb617e78fa544fab17c3499ce4d5d5ad,,,setUp; testCreateAccountSuccess; testCreateAccountMissingServerConnection; testCreateAccountFailureWithWhmError; testCreateAccountWithCustomQuotasAndDedicatedIp; testSuspendAccountSuccess; testSuspendAccountIdempotency; testUnsuspendAccountSuccess; testUnsuspendAccountIdempotency; testTerminateAccountSuccess; testTerminateAccountIdempotency; testApiClientAccountSummarySuccessAndMissing,TODO:231,"Test yöntemleri: testCreateAccountSuccess, testCreateAccountMissingServerConnection, testCreateAccountFailureWithWhmError, testCreateAccountWithCustomQuotasAndDedicatedIp, testSuspendAccountSuccess, testSuspendAccountIdempotency, testUnsuspendAccountSuccess, testUnsuspendAccountIdempotency, testTerminateAccountSuccess, testTerminateAccountIdempotency, testApiClientAccountSummarySuccessAndMissing. Mock/memory collaborator; gerçek sağlayıcı kanıtı değildir. Test geçtiği, orijinal kabul akışının tamamının kapsandığı anlamına gelmez."
tests/Unit/Providers/Cpanel/CpanelCoreAndHealthTest.php,Test kodu: CpanelCoreAndHealthTest,Test içeriği/metot/bağımlılık taraması; 900-test suite çalıştırmasına dahil,451,c72a60a668acf6b64dd373d67b3032a8887f7e436ed1ffd5f144d5456d2d83d8,,,setUp; testConfigurationInitializationAndSecretMasking; testConfigurationValidationRejectsInvalidParameters; testConfigurationValidationRejectsMissingCredentials; testConfigurationFromServerConnectionDto; testApiClientAuthenticationHeaderGeneration; testApiClientTestAuthenticationSuccess; testApiClientGetSystemLoad; testApiClientHandlesAuthenticationFailure; testApiClientHandlesWhmApiErrorResponse; testPackageDtoParsingFromWhmArray; testPackageDtoUnlimitedHandling; testPackageServiceListAndResolution; testPackageServiceResolutionNotFoundThrowsException; testPackageServiceCompatibilityValidation; testServerHealthCheckerHealthy; testServerHealthCheckerUnhealthyOnCriticalLoad; testServerHealthCheckerUnhealthyOnUnreachableServer; testCpanelProviderCapabilitiesAndRegistry,TODO:333,"Test yöntemleri: testConfigurationInitializationAndSecretMasking, testConfigurationValidationRejectsInvalidParameters, testConfigurationValidationRejectsMissingCredentials, testConfigurationFromServerConnectionDto, testApiClientAuthenticationHeaderGeneration, testApiClientTestAuthenticationSuccess, testApiClientGetSystemLoad, testApiClientHandlesAuthenticationFailure, testApiClientHandlesWhmApiErrorResponse, testPackageDtoParsingFromWhmArray, testPackageDtoUnlimitedHandling, testPackageServiceListAndResolution, testPackageServiceResolutionNotFoundThrowsException, testPackageServiceCompatibilityValidation, testServerHealthCheckerHealthy, testServerHealthCheckerUnhealthyOnCriticalLoad, testServerHealthCheckerUnhealthyOnUnreachableServer, testCpanelProviderCapabilitiesAndRegistry. Mock/memory collaborator; gerçek sağlayıcı kanıtı değildir. Test geçtiği, orijinal kabul akışının tamamının kapsandığı anlamına gelmez."
tests/Unit/Providers/Cpanel/CpanelPackageChangeTest.php,Test kodu: CpanelPackageChangeTest,Test içeriği/metot/bağımlılık taraması; 900-test suite çalıştırmasına dahil,329,add7db9fb2a8001a09a998c7939405e59949b800ac415fabe90772e182abc4ca,,,setUp; testChangePackageSuccess; testChangePackageIdempotentWhenAlreadyOnPackageAndNoQuotas; testChangePackageIdempotentFromWhmMessage; testChangePackageWithCustomQuotas; testChangePackageFailsWhenServerMissing; testChangePackageFailsWhenPackageNotFound; testChangePackageFailsWhenWhmFails; testApiClientDirectPackageAndQuotaMethods,"TODO:140,301","Test yöntemleri: testChangePackageSuccess, testChangePackageIdempotentWhenAlreadyOnPackageAndNoQuotas, testChangePackageIdempotentFromWhmMessage, testChangePackageWithCustomQuotas, testChangePackageFailsWhenServerMissing, testChangePackageFailsWhenPackageNotFound, testChangePackageFailsWhenWhmFails, testApiClientDirectPackageAndQuotaMethods. Mock/memory collaborator; gerçek sağlayıcı kanıtı değildir. Test geçtiği, orijinal kabul akışının tamamının kapsandığı anlamına gelmez."
tests/Unit/Providers/ProviderCapabilityAndOperationsTest.php,Test kodu: ProviderCapabilityAndOperationsTest,Test içeriği/metot/bağımlılık taraması; 900-test suite çalıştırmasına dahil,349,47bf45f8dd057b16ab38d19dd80b6247fe3b238b1fd23af08d9fc086014d1731,,,testProviderCapabilityValidationAndListing; testProviderCapabilitySetOperations; testServerConnectionDtoMasking; testProviderOperationResultFactories; testOperationDtosAndSecretMaskingInSerialization; testMockProviderExecutesAndRecordsAllOperations; testProviderUnsupportedCapabilityThrowsException; testProviderRegistry; testProviderRegistryThrowsOnNotFound; testMockProviderCannedResponses,"Simulation:23,165,167,168,169,172,271,287,288,325,327","Test yöntemleri: testProviderCapabilityValidationAndListing, testProviderCapabilitySetOperations, testServerConnectionDtoMasking, testProviderOperationResultFactories, testOperationDtosAndSecretMaskingInSerialization, testMockProviderExecutesAndRecordsAllOperations, testProviderUnsupportedCapabilityThrowsException, testProviderRegistry, testProviderRegistryThrowsOnNotFound, testMockProviderCannedResponses. Mock/memory collaborator; gerçek sağlayıcı kanıtı değildir. Test geçtiği, orijinal kabul akışının tamamının kapsandığı anlamına gelmez."
tests/Unit/Providers/ProviderSettingsAndVaultTest.php,Test kodu: ProviderSettingsAndVaultTest,Test içeriği/metot/bağımlılık taraması; 900-test suite çalıştırmasına dahil,187,7bc7f815565a11ffaa35635e74170733323d2aadeebe8f4f25c06fde84eaa325,,,setUp; testProviderSettingDefinitionValidation; testProviderSettingSchemaDefinitions; testSaveSettingsRoutesSecretsToVaultAndPlainToDatabase; testGetPublicSettingsStrictlyMasksSecrets; testResolveEffectiveConfigMergesDefaultsNonSecretsAndDecryptedVaultSecrets; testSecretRotationWithoutOverwritingWithMaskedValue; testDeleteSettingsPurgesDatabaseAndVault,"Domain SQL:84,93","Test yöntemleri: testProviderSettingDefinitionValidation, testProviderSettingSchemaDefinitions, testSaveSettingsRoutesSecretsToVaultAndPlainToDatabase, testGetPublicSettingsStrictlyMasksSecrets, testResolveEffectiveConfigMergesDefaultsNonSecretsAndDecryptedVaultSecrets, testSecretRotationWithoutOverwritingWithMaskedValue, testDeleteSettingsPurgesDatabaseAndVault. Bellek içi SQLite fixture; MariaDB/shared-host doğrulaması değildir. Test geçtiği, orijinal kabul akışının tamamının kapsandığı anlamına gelmez."
tests/Unit/Provisioning/AutomatedHostingGoldenE2ETest.php,Test kodu: AutomatedHostingGoldenE2ETest,Test içeriği/metot/bağımlılık taraması; 900-test suite çalıştırmasına dahil,309,91c3b3b6f5de7ba33050bf576ea0a191b1cb0c3a0c12daf6f28c63afec90bbc7,,,setUp; testAutomatedHostingGoldenE2EJourney,"Simulation:19,49,99","Test yöntemleri: testAutomatedHostingGoldenE2EJourney. Bellek içi SQLite fixture; MariaDB/shared-host doğrulaması değildir. Mock/memory collaborator; gerçek sağlayıcı kanıtı değildir. Test geçtiği, orijinal kabul akışının tamamının kapsandığı anlamına gelmez."
tests/Unit/Provisioning/HostingProvisioningWorkflowTest.php,Test kodu: HostingProvisioningWorkflowTest,Test içeriği/metot/bağımlılık taraması; 900-test suite çalıştırmasına dahil,486,bad88e0a587bc0dbb5fe8aa8f67d6ad698d96a9ce5be97ae06f4918bcdfdb538,,,setUp; testFullWorkflowSuccess; testValidationRejectionOnInvalidDomain; testValidationRejectionOnInvalidUsername; testValidationIdempotencyWhenAlreadyActive; testPlacementRejectionWhenNoServersMatch; testCapacityReservationFailureCompensatesPlacement; testRemoteCreationFailureCompensatesReservationAndPlacement; testVerificationFailureCompensates; testAutoGeneratedUsername,TODO:220,"Test yöntemleri: testFullWorkflowSuccess, testValidationRejectionOnInvalidDomain, testValidationRejectionOnInvalidUsername, testValidationIdempotencyWhenAlreadyActive, testPlacementRejectionWhenNoServersMatch, testCapacityReservationFailureCompensatesPlacement, testRemoteCreationFailureCompensatesReservationAndPlacement, testVerificationFailureCompensates, testAutoGeneratedUsername. Bellek içi SQLite fixture; MariaDB/shared-host doğrulaması değildir. Mock/memory collaborator; gerçek sağlayıcı kanıtı değildir. Test geçtiği, orijinal kabul akışının tamamının kapsandığı anlamına gelmez."
tests/Unit/Provisioning/NoDuplicateRemoteAccountFailureTest.php,Test kodu: NoDuplicateRemoteAccountFailureTest,Test içeriği/metot/bağımlılık taraması; 900-test suite çalıştırmasına dahil,374,400679c7469a372d61fdaa45ebc618382622920aaa7ffc1cb2d60b02f2c51ee2,,,setUp; testDuplicateDomainFailurePreventsAccountCreationAndReleasesReservation; testDuplicateUsernameFailurePreventsAccountCreation; testSubsequentProvisioningAttemptOnActiveServiceIsIdempotent; testConcurrentRetryDoesNotDuplicateWhenReconciled; testActiveOperationQueryReturnsCurrentInFlightOperation,"TODO:228,308,336; Domain SQL:308,367","Test yöntemleri: testDuplicateDomainFailurePreventsAccountCreationAndReleasesReservation, testDuplicateUsernameFailurePreventsAccountCreation, testSubsequentProvisioningAttemptOnActiveServiceIsIdempotent, testConcurrentRetryDoesNotDuplicateWhenReconciled, testActiveOperationQueryReturnsCurrentInFlightOperation. Bellek içi SQLite fixture; MariaDB/shared-host doğrulaması değildir. Mock/memory collaborator; gerçek sağlayıcı kanıtı değildir. Test geçtiği, orijinal kabul akışının tamamının kapsandığı anlamına gelmez."
tests/Unit/Provisioning/ProvisioningErrorClassificationAndOperationsTest.php,Test kodu: ProvisioningErrorClassificationAndOperationsTest,Test içeriği/metot/bağımlılık taraması; 900-test suite çalıştırmasına dahil,277,e6ceab8dd05df8a7f1ba033d59d83717d71cb410aa0b7ae376571a5f771494e5,,,setUp; testErrorCategoryEnumerationAndRetryability; testClassifierDifferentiatesErrorPatterns; testClassifierHandlesExceptionsAndOperationResults; testClientSafeVersusAdminActionableMessages; testQueueOperationAndCorrelationIdTracking; testRecordSuccessfulAttemptTransitionsToCompleted; testRecordTransientFailureTriggersRetryingState; testMaxAttemptsExhaustedTransitionsToFailed; testNonRetryableFailureImmediatelyTransitionsToFailed; testDueRetryOperationsQuery,"TODO:126,136,137,141,157,160,161,168,178,187,190,191,202,209,214,215,217,219","Test yöntemleri: testErrorCategoryEnumerationAndRetryability, testClassifierDifferentiatesErrorPatterns, testClassifierHandlesExceptionsAndOperationResults, testClientSafeVersusAdminActionableMessages, testQueueOperationAndCorrelationIdTracking, testRecordSuccessfulAttemptTransitionsToCompleted, testRecordTransientFailureTriggersRetryingState, testMaxAttemptsExhaustedTransitionsToFailed, testNonRetryableFailureImmediatelyTransitionsToFailed, testDueRetryOperationsQuery. Bellek içi SQLite fixture; MariaDB/shared-host doğrulaması değildir. Test geçtiği, orijinal kabul akışının tamamının kapsandığı anlamına gelmez."
tests/Unit/Provisioning/ProvisioningRetryAndReconciliationTest.php,Test kodu: ProvisioningRetryAndReconciliationTest,Test içeriği/metot/bağımlılık taraması; 900-test suite çalıştırmasına dahil,385,77edbd2620daab60d2b908ddbaa7164f64b1e8c599fab04259732c00fb20558f,,,setUp; testExponentialBackoffCalculation; testRetryabilityClassification; testUncertainResponseReconcilesGhostAccountAsSuccess; testUncertainResponseReconciliationPermitsSafeRetryWhenAccountNotFound; testUncertainResponseReconciliationHandlesUnreachableRemoteNode; testRetryRunnerProcessesDueRetriesAndReconciles,"TODO:90,122,356; Domain SQL:356","Test yöntemleri: testExponentialBackoffCalculation, testRetryabilityClassification, testUncertainResponseReconcilesGhostAccountAsSuccess, testUncertainResponseReconciliationPermitsSafeRetryWhenAccountNotFound, testUncertainResponseReconciliationHandlesUnreachableRemoteNode, testRetryRunnerProcessesDueRetriesAndReconciles. Bellek içi SQLite fixture; MariaDB/shared-host doğrulaması değildir. Mock/memory collaborator; gerçek sağlayıcı kanıtı değildir. Test geçtiği, orijinal kabul akışının tamamının kapsandığı anlamına gelmez."
tests/Unit/Release/V1ScopeFreezeAuditTest.php,Test kodu: V1ScopeFreezeAuditTest,Test içeriği/metot/bağımlılık taraması; 900-test suite çalıştırmasına dahil,252,a5222c824942af80478f14770f2bb01ea3755f2f44a48a852da7c1603d3ff8d1,,,setUp; tearDown; removeDirectory; testAuditPredecessorGatesPassesWithCompletePassEvidence; testAuditPredecessorGatesFailsWhenPhaseDirectoryIsMissing; testAuditPredecessorGatesFailsWhenDecisionIsNotPass; testAuditDependencyGraphPassesWithAcyclicGraph; testAuditDependencyGraphFailsOnCycle; testAuditDependencyGraphFailsOnMissingDependency; testAuditScopeFreezePassesWithCleanV1Scope; testAuditScopeFreezeFailsWhenForbiddenPostV1ModuleIsActive; testAuditScopeFreezeFailsWhenForbiddenFeatureFlagIsEnabled; testFullV1AuditAgainstRepositoryPassesCleanly,"Simulation:42; TODO:12,16,17,22,44,52,57,68,76,80,89,98,122,138,154,184,205,229","Test yöntemleri: testAuditPredecessorGatesPassesWithCompletePassEvidence, testAuditPredecessorGatesFailsWhenPhaseDirectoryIsMissing, testAuditPredecessorGatesFailsWhenDecisionIsNotPass, testAuditDependencyGraphPassesWithAcyclicGraph, testAuditDependencyGraphFailsOnCycle, testAuditDependencyGraphFailsOnMissingDependency, testAuditScopeFreezePassesWithCleanV1Scope, testAuditScopeFreezeFailsWhenForbiddenPostV1ModuleIsActive, testAuditScopeFreezeFailsWhenForbiddenFeatureFlagIsEnabled, testFullV1AuditAgainstRepositoryPassesCleanly. Test geçtiği, orijinal kabul akışının tamamının kapsandığı anlamına gelmez."
tests/Unit/Servers/CapacityReservationWorkflowTest.php,Test kodu: CapacityReservationWorkflowTest,Test içeriği/metot/bağımlılık taraması; 900-test suite çalıştırmasına dahil,244,1a0064167fb51fa96a176c9758c7725481c24158eb7a5935ef26e3cf1e955736,,,setUp; testReserveCapacitySuccessfullyIncrementsServerUsage; testReserveFailsWhenCapacityExceeded; testCommitReservationTransitionsToCommitted; testCommitExpiredReservationThrowsExceptionAndReleasesCapacity; testReleaseReservationDecrementsServerQuota; testExpireStaleReservationsBatchWorker; testCommitAlreadyReleasedOrExpiredReservationThrowsException,,"Test yöntemleri: testReserveCapacitySuccessfullyIncrementsServerUsage, testReserveFailsWhenCapacityExceeded, testCommitReservationTransitionsToCommitted, testCommitExpiredReservationThrowsExceptionAndReleasesCapacity, testReleaseReservationDecrementsServerQuota, testExpireStaleReservationsBatchWorker, testCommitAlreadyReleasedOrExpiredReservationThrowsException. Bellek içi SQLite fixture; MariaDB/shared-host doğrulaması değildir. Test geçtiği, orijinal kabul akışının tamamının kapsandığı anlamına gelmez."
tests/Unit/Servers/PlacementEngineTest.php,Test kodu: PlacementEngineTest,Test içeriği/metot/bağımlılık taraması; 900-test suite çalıştırmasına dahil,387,e3ac762e0b79d46be7d20713a41c3b98384a228132944452bff878db9c90e27f,,,setUp; testLeastLoadedStrategySelectsLowestLoadedServer; testFillFirstStrategySelectsMostLoadedServerWithHeadroom; testRoundRobinStrategyDistributesSequentially; testHealthCheckFiltersUnhealthyOrMaintenanceServers; testCapacityFiltersInsufficientDiskOrBandwidth; testDedicatedIpRequirementFiltering; testPreferredServerPriorityAffinity; testAllCandidatesRejectedDecision; testInactiveOrMissingPoolRejection,"Simulation:205,214","Test yöntemleri: testLeastLoadedStrategySelectsLowestLoadedServer, testFillFirstStrategySelectsMostLoadedServerWithHeadroom, testRoundRobinStrategyDistributesSequentially, testHealthCheckFiltersUnhealthyOrMaintenanceServers, testCapacityFiltersInsufficientDiskOrBandwidth, testDedicatedIpRequirementFiltering, testPreferredServerPriorityAffinity, testAllCandidatesRejectedDecision, testInactiveOrMissingPoolRejection. Bellek içi SQLite fixture; MariaDB/shared-host doğrulaması değildir. Test geçtiği, orijinal kabul akışının tamamının kapsandığı anlamına gelmez."
tests/Unit/Servers/ServerAndCapacityTest.php,Test kodu: ServerAndCapacityTest,Test içeriği/metot/bağımlılık taraması; 900-test suite çalıştırmasına dahil,279,803b833e136ece0133cfaeb0a018caf5b48b638806d209a7e56c9f1203866032,,,setUp; testLocationCreationAndListing; testServerPoolCreationAndStrategies; testServerCapacityCalculationsAndHeadroom; testServerEntityAndConnectionDtoConversion; testServerCreationAndListing; testCapacityAllocationAndAutomaticFullStatusTransition; testServerUsageUpdateAndCapacityCheck,"Domain SQL:82,266","Test yöntemleri: testLocationCreationAndListing, testServerPoolCreationAndStrategies, testServerCapacityCalculationsAndHeadroom, testServerEntityAndConnectionDtoConversion, testServerCreationAndListing, testCapacityAllocationAndAutomaticFullStatusTransition, testServerUsageUpdateAndCapacityCheck. Bellek içi SQLite fixture; MariaDB/shared-host doğrulaması değildir. Test geçtiği, orijinal kabul akışının tamamının kapsandığı anlamına gelmez."
tests/Unit/Services/ServiceConcurrencyTest.php,Test kodu: ServiceConcurrencyTest,Test içeriği/metot/bağımlılık taraması; 900-test suite çalıştırmasına dahil,296,10af6050ddd0d5109fe2b9238a65214d0ac09f9ce5b31c942f1a5172e238eb40,,,setUp; createSampleService; testServiceInitializesWithLockVersionOne; testSuccessfulUpdateIncrementsLockVersion; testConcurrentUpdateMismatchThrowsServiceConcurrencyException; testOptimisticLockingOnActivate; testOptimisticLockingOnSuspend; testOptimisticLockingOnUnsuspend; testOptimisticLockingOnTerminate; testOptimisticLockingOnCancel; testOptimisticLockingOnRenew; testUnspecifiedLockVersionAlwaysIncrements; testSimultaneousRaceConditionResolution,"TODO:127,151,173,195,199; Domain SQL:91,249,252","Test yöntemleri: testServiceInitializesWithLockVersionOne, testSuccessfulUpdateIncrementsLockVersion, testConcurrentUpdateMismatchThrowsServiceConcurrencyException, testOptimisticLockingOnActivate, testOptimisticLockingOnSuspend, testOptimisticLockingOnUnsuspend, testOptimisticLockingOnTerminate, testOptimisticLockingOnCancel, testOptimisticLockingOnRenew, testUnspecifiedLockVersionAlwaysIncrements, testSimultaneousRaceConditionResolution. Bellek içi SQLite fixture; MariaDB/shared-host doğrulaması değildir. Test geçtiği, orijinal kabul akışının tamamının kapsandığı anlamına gelmez."
tests/Unit/Services/ServiceLifecycleAndPlacementTest.php,Test kodu: ServiceLifecycleAndPlacementTest,Test içeriği/metot/bağımlılık taraması; 900-test suite çalıştırmasına dahil,384,15c98daf5359a1b821e20afb3559318b70712df496e4460fd258f17139206e74,,,setUp; testServiceCreationIncludesDefaultBillingRelation; testServiceCreationWithCustomGracePeriods; testPlacementAssignmentAndHydration; testPlacementReassignmentEvictsPreviousPlacement; testPlacementRelease; testImmediateCancellationWorkflow; testEndOfPeriodCancellationAndRevocation; testProcessDueCancellations; testBillingLifecycleEvaluation; testProcessOverdueServicesAutomatedSuspensionAndTermination; testCancellationValidationRules; testDuplicatePendingCancellationRejected; testUnauthorizedCancellationRequestRejected,,"Test yöntemleri: testServiceCreationIncludesDefaultBillingRelation, testServiceCreationWithCustomGracePeriods, testPlacementAssignmentAndHydration, testPlacementReassignmentEvictsPreviousPlacement, testPlacementRelease, testImmediateCancellationWorkflow, testEndOfPeriodCancellationAndRevocation, testProcessDueCancellations, testBillingLifecycleEvaluation, testProcessOverdueServicesAutomatedSuspensionAndTermination, testCancellationValidationRules, testDuplicatePendingCancellationRejected, testUnauthorizedCancellationRequestRejected. Bellek içi SQLite fixture; MariaDB/shared-host doğrulaması değildir. Test geçtiği, orijinal kabul akışının tamamının kapsandığı anlamına gelmez."
tests/Unit/Support/AttachmentSecurityAndStorageTest.php,Test kodu: AttachmentSecurityAndStorageTest,Test içeriği/metot/bağımlılık taraması; 900-test suite çalıştırmasına dahil,345,a322dad10ba2ded0880902610dc4cc129cdbfa7226d9d2fa9c50ec3beb565466,,,setUp; testSecurityPolicyAcceptsValidFiles; testSecurityPolicyRejectsDangerousExtensions; testSecurityPolicyBlocksMultipleExtensionSpoofing; testSecurityPolicyBlocksNullByteAndPathTraversal; testSecurityPolicyBlocksEmbeddedScriptSignaturesInText; testSecurityPolicyEnforcesSizeLimits; testFilenameSanitizationAndMimeDetection; testAttachFileIntegrityAndReadContent; testTamperDetectionCausesIntegrityException; testPrivateAttachmentSeparationAndFiltering; testAttachmentAccessControl; testDeleteAttachmentAuthorization; testPrivateAttachmentStorageOnFilesystem,"Simulation:9,22,31; TODO:68,75,312,329,330","Test yöntemleri: testSecurityPolicyAcceptsValidFiles, testSecurityPolicyRejectsDangerousExtensions, testSecurityPolicyBlocksMultipleExtensionSpoofing, testSecurityPolicyBlocksNullByteAndPathTraversal, testSecurityPolicyBlocksEmbeddedScriptSignaturesInText, testSecurityPolicyEnforcesSizeLimits, testFilenameSanitizationAndMimeDetection, testAttachFileIntegrityAndReadContent, testTamperDetectionCausesIntegrityException, testPrivateAttachmentSeparationAndFiltering, testAttachmentAccessControl, testDeleteAttachmentAuthorization, testPrivateAttachmentStorageOnFilesystem. Bellek içi SQLite fixture; MariaDB/shared-host doğrulaması değildir. Test geçtiği, orijinal kabul akışının tamamının kapsandığı anlamına gelmez."
tests/Unit/Support/CannedResponsesAndAnnouncementsTest.php,Test kodu: CannedResponsesAndAnnouncementsTest,Test içeriği/metot/bağımlılık taraması; 900-test suite çalıştırmasına dahil,249,c4def1f337fadd129dd2fbad39773c4d7dcdf0f15a402a2cbbc0e6edae9cf043,,,setUp; testCannedResponseCreationAndRendering; testCannedResponseShortcutLookupAndDepartmentPrecedence; testCannedResponseUpdateAndDelete; testCannedResponseValidationFailures; testAnnouncementCreationAndSchedule; testLiveAnnouncementsListingAndPinPrecedence; testAnnouncementUpdateAndDelete,"TODO:49,54","Test yöntemleri: testCannedResponseCreationAndRendering, testCannedResponseShortcutLookupAndDepartmentPrecedence, testCannedResponseUpdateAndDelete, testCannedResponseValidationFailures, testAnnouncementCreationAndSchedule, testLiveAnnouncementsListingAndPinPrecedence, testAnnouncementUpdateAndDelete. Bellek içi SQLite fixture; MariaDB/shared-host doğrulaması değildir. Test geçtiği, orijinal kabul akışının tamamının kapsandığı anlamına gelmez."
tests/Unit/Support/DepartmentAndStatusPriorityTest.php,Test kodu: DepartmentAndStatusPriorityTest,Test içeriği/metot/bağımlılık taraması; 900-test suite çalıştırmasına dahil,379,dbf963e448d76640905fb2b1c5f75fa8ca1c4a8759b9ba72ac729e241fdfee7b,,,setUp; testDepartmentCreationAndRetrieval; testDepartmentValidationFailures; testDuplicateDepartmentNamePrevention; testInvalidDepartmentEmailValidation; testDepartmentUpdate; testDepartmentListingFilters; testDepartmentDeletionSafeguards; testDepartmentForceDeletion; testAgentAssignmentAndMembership; testAssignableAgentsFiltering; testAgentAcrossMultipleDepartments; testTicketStatusStateMachine; testTicketStatusLocalizationAndBadges; testTicketPriorityWeightsAndSlaDefaults,"TODO:174,181; Domain SQL:219","Test yöntemleri: testDepartmentCreationAndRetrieval, testDepartmentValidationFailures, testDuplicateDepartmentNamePrevention, testInvalidDepartmentEmailValidation, testDepartmentUpdate, testDepartmentListingFilters, testDepartmentDeletionSafeguards, testDepartmentForceDeletion, testAgentAssignmentAndMembership, testAssignableAgentsFiltering, testAgentAcrossMultipleDepartments, testTicketStatusStateMachine, testTicketStatusLocalizationAndBadges, testTicketPriorityWeightsAndSlaDefaults. Bellek içi SQLite fixture; MariaDB/shared-host doğrulaması değildir. Test geçtiği, orijinal kabul akışının tamamının kapsandığı anlamına gelmez."
tests/Unit/Support/OrganizationTicketPermissionsTest.php,Test kodu: OrganizationTicketPermissionsTest,Test içeriği/metot/bağımlılık taraması; 900-test suite çalıştırmasına dahil,244,1737e1c9ac1befc49c734874f05fab1d8975de9c8275b115d99b68433850ade1,,,setUp; testCrossOrganizationIsolationBarrier; testOrganizationOwnerAndAdminCanViewAllOrgTickets; testOrganizationMemberOnlyViewsOwnTicketsUnlessGranted; testPersonalIndividualTicketsAccess; testStaffAndSuperadminAccessControls; testAuthorizedQueryFilterGeneration; testFilterAuthorizedTicketsArray,,"Test yöntemleri: testCrossOrganizationIsolationBarrier, testOrganizationOwnerAndAdminCanViewAllOrgTickets, testOrganizationMemberOnlyViewsOwnTicketsUnlessGranted, testPersonalIndividualTicketsAccess, testStaffAndSuperadminAccessControls, testAuthorizedQueryFilterGeneration, testFilterAuthorizedTicketsArray. Bellek içi SQLite fixture; MariaDB/shared-host doğrulaması değildir. Test geçtiği, orijinal kabul akışının tamamının kapsandığı anlamına gelmez."
tests/Unit/Support/SlaSchedulerTest.php,Test kodu: SlaSchedulerTest,Test içeriği/metot/bağımlılık taraması; 900-test suite çalıştırmasına dahil,246,5f4ca1086cc7b716d094ad991701b184f9dfc51a33969653f111b55d960d0eca,,,setUp; testSlaPolicyCreationAndTargetResolution; testTicketSlaInitializationAndTimers; testFirstResponseWithinTargetAndAfterTarget; testResolutionRecordingAndStatus; testPauseAndResumeExtendsDueDates; testEvaluateBreachesAndAutoEscalation,,"Test yöntemleri: testSlaPolicyCreationAndTargetResolution, testTicketSlaInitializationAndTimers, testFirstResponseWithinTargetAndAfterTarget, testResolutionRecordingAndStatus, testPauseAndResumeExtendsDueDates, testEvaluateBreachesAndAutoEscalation. Bellek içi SQLite fixture; MariaDB/shared-host doğrulaması değildir. Test geçtiği, orijinal kabul akışının tamamının kapsandığı anlamına gelmez."
tests/Unit/Support/SupportGoldenE2ETest.php,Test kodu: SupportGoldenE2ETest,Test içeriği/metot/bağımlılık taraması; 900-test suite çalıştırmasına dahil,424,4b46220692d34c415933a70c7b4f40271ac9fa798d94b0f29d30688e5c15ccbc,,,setUp; testComprehensiveSupportDeskGoldenLifecycle,"Simulation:12,14,39,42,60,74; TODO:121","Test yöntemleri: testComprehensiveSupportDeskGoldenLifecycle. Bellek içi SQLite fixture; MariaDB/shared-host doğrulaması değildir. Test geçtiği, orijinal kabul akışının tamamının kapsandığı anlamına gelmez."
tests/Unit/Support/TicketAssignmentTest.php,Test kodu: TicketAssignmentTest,Test içeriği/metot/bağımlılık taraması; 900-test suite çalıştırmasına dahil,276,cb96a35410e7a574c7e0fdb266e91ff287e893012cce84d8bdb87d1713e4cf16,,,setUp; testManualAssignmentAndUnassign; testManualAssignmentRejectsAgentOutsideDepartment; testRoundRobinRotationAcrossAgents; testRoundRobinIgnoresNonAssignableOrInactiveAgents; testRoundRobinReturnsNullWhenDepartmentHasNoAssignableAgents; testLeastLoadedAssignmentStrategy,,"Test yöntemleri: testManualAssignmentAndUnassign, testManualAssignmentRejectsAgentOutsideDepartment, testRoundRobinRotationAcrossAgents, testRoundRobinIgnoresNonAssignableOrInactiveAgents, testRoundRobinReturnsNullWhenDepartmentHasNoAssignableAgents, testLeastLoadedAssignmentStrategy. Bellek içi SQLite fixture; MariaDB/shared-host doğrulaması değildir. Test geçtiği, orijinal kabul akışının tamamının kapsandığı anlamına gelmez."
tests/Unit/Support/TicketContextAndRelationsTest.php,Test kodu: TicketContextAndRelationsTest,Test içeriği/metot/bağımlılık taraması; 900-test suite çalıştırmasına dahil,316,1cd91ceb297da2ba6cb85b4c42030bc95312f552cacf8377303d6560b9225088,,,setUp; testTicketCreationWithAllResourceRelations; testDynamicResourceLinkingAndUnlinking; testTicketListingFilterByResourceRelations; testContextSummaryAggregation; testBuiltinContextualCommandsAndAuditLog; testCustomCommandHandlerExtension; supports; handle,"Simulation:8,26,41,169,289","Test yöntemleri: testTicketCreationWithAllResourceRelations, testDynamicResourceLinkingAndUnlinking, testTicketListingFilterByResourceRelations, testContextSummaryAggregation, testBuiltinContextualCommandsAndAuditLog, testCustomCommandHandlerExtension. Bellek içi SQLite fixture; MariaDB/shared-host doğrulaması değildir. Test geçtiği, orijinal kabul akışının tamamının kapsandığı anlamına gelmez."
tests/Unit/Support/TicketConversationTest.php,Test kodu: TicketConversationTest,Test içeriği/metot/bağımlılık taraması; 900-test suite çalıştırmasına dahil,362,79c69a958a0ab744df0a27e7fcdf15234c5a19ed3d996893baa0c128a40ac22c,,,setUp; testTicketCreationWithInitialMessage; testTicketCreationValidationFailures; testStaffReplyAndCustomerReplyFlow; testInternalNotesVisibilityAndSeparation; testCustomerReplyReopensResolvedOrClosedTicket; testTicketAssignmentAndDepartmentTransfer; testTicketListFiltering,,"Test yöntemleri: testTicketCreationWithInitialMessage, testTicketCreationValidationFailures, testStaffReplyAndCustomerReplyFlow, testInternalNotesVisibilityAndSeparation, testCustomerReplyReopensResolvedOrClosedTicket, testTicketAssignmentAndDepartmentTransfer, testTicketListFiltering. Bellek içi SQLite fixture; MariaDB/shared-host doğrulaması değildir. Test geçtiği, orijinal kabul akışının tamamının kapsandığı anlamına gelmez."
tests/Unit/Tax/TaxServiceTest.php,Test kodu: TaxServiceTest,Test içeriği/metot/bağımlılık taraması; 900-test suite çalıştırmasına dahil,164,e63ae5cbc8d19c53f3079de768128bd4f1843673ee3617e1ffaefe7b31beb0ec,,,setUp; testCreateTaxClassAndZone; testExclusiveTaxCalculation; testInclusiveTaxCalculation; testCustomerTaxExemption; testUnknownLocationFallsBackToGlobalOrZeroTax,TODO:146,"Test yöntemleri: testCreateTaxClassAndZone, testExclusiveTaxCalculation, testInclusiveTaxCalculation, testCustomerTaxExemption, testUnknownLocationFallsBackToGlobalOrZeroTax. Bellek içi SQLite fixture; MariaDB/shared-host doğrulaması değildir. Test geçtiği, orijinal kabul akışının tamamının kapsandığı anlamına gelmez."
tests/Unit/Ui/AccessibilityValidatorTest.php,Test kodu: AccessibilityValidatorTest,Test içeriği/metot/bağımlılık taraması; 900-test suite çalıştırmasına dahil,74,d9cc48a2a45eb8f3e0f2066cb659e6c543a999ddac08b0226b6ff39acd8ed010,,,testCoreComponentsPassAccessibilityAudit; testDetectsMissingLabelViolations; testDetectsEmptyButtonWithoutAriaLabel; testAdminAndClientShellsAccessibilityValidation; testColorContrastRatioCalculation,"TODO:20,24,28,36,45,53,57","Test yöntemleri: testCoreComponentsPassAccessibilityAudit, testDetectsMissingLabelViolations, testDetectsEmptyButtonWithoutAriaLabel, testAdminAndClientShellsAccessibilityValidation, testColorContrastRatioCalculation. Test geçtiği, orijinal kabul akışının tamamının kapsandığı anlamına gelmez."
tests/Unit/Ui/AdminShellTest.php,Test kodu: AdminShellTest,Test içeriği/metot/bağımlılık taraması; 900-test suite çalıştırmasına dahil,86,30923dad7903556c914efce27280352b91b33235d0059c4a677eae984b30875b,,,testAdminShellRendersThemeAndDensityAttributes; testAdminShellSidebarNavigationAndBadges; testActionCenterSkeletonAndNotificationCount; testGlobalSearchTriggerButton,,"Test yöntemleri: testAdminShellRendersThemeAndDensityAttributes, testAdminShellSidebarNavigationAndBadges, testActionCenterSkeletonAndNotificationCount, testGlobalSearchTriggerButton. Test geçtiği, orijinal kabul akışının tamamının kapsandığı anlamına gelmez."
tests/Unit/Ui/ClientShellTest.php,Test kodu: ClientShellTest,Test içeriği/metot/bağımlılık taraması; 900-test suite çalıştırmasına dahil,62,1915ac528d4ecc182dfddf852d1c411ecd45ab514d5880f6a2064d7303217c0f,,,testGuestClientShellRendersSignInButton; testAuthenticatedClientShellWithOrgSwitcher,,"Test yöntemleri: testGuestClientShellRendersSignInButton, testAuthenticatedClientShellWithOrgSwitcher. Test geçtiği, orijinal kabul akışının tamamının kapsandığı anlamına gelmez."
tests/Unit/Ui/ComponentRendererTest.php,Test kodu: ComponentRendererTest,Test içeriği/metot/bağımlılık taraması; 900-test suite çalıştırmasına dahil,65,8f3e9990f833cd023938bd720842a4ea52bddba4fe6ab76036d45e29893da191,,,testButtonRendering; testBadgeRenderingWithNonColorIndicators; testInputWithAriaErrorBinding; testAlertRendering; testTokensCssExistsAndContainsVariables,,"Test yöntemleri: testButtonRendering, testBadgeRenderingWithNonColorIndicators, testInputWithAriaErrorBinding, testAlertRendering, testTokensCssExistsAndContainsVariables. Test geçtiği, orijinal kabul akışının tamamının kapsandığı anlamına gelmez."
tests/Unit/Ui/GlobalSearchIndexTest.php,Test kodu: GlobalSearchIndexTest,Test içeriği/metot/bağımlılık taraması; 900-test suite çalıştırmasına dahil,67,4d5b6a6abcc4fd3884c7cd607407752137d5eeeccdcce8e5f050774b81c0bffd,,,setUp; testSearchByTitleAndCategory; testSearchByKeywords; testSearchEnforcesPermissionGating; testPaletteModalMarkup,TODO:50,"Test yöntemleri: testSearchByTitleAndCategory, testSearchByKeywords, testSearchEnforcesPermissionGating, testPaletteModalMarkup. Test geçtiği, orijinal kabul akışının tamamının kapsandığı anlamına gelmez."
tests/Unit/Ui/WorkspacePatternsTest.php,Test kodu: WorkspacePatternsTest,Test içeriği/metot/bağımlılık taraması; 900-test suite çalıştırmasına dahil,90,fe7076a4b801cf66c9c3046689f3d01986157c470fa20d5c5cbf5d3364804454,,,testDataTableRenderingWithRowsAndPagination; testDataTableEmptyState; testModalRenderingWithTypedConfirmation; testDrawerRendering,,"Test yöntemleri: testDataTableRenderingWithRowsAndPagination, testDataTableEmptyState, testModalRenderingWithTypedConfirmation, testDrawerRendering. Test geçtiği, orijinal kabul akışının tamamının kapsandığı anlamına gelmez."
tests/Unit/Updater/StagedUpdateAndCompatibilityTest.php,Test kodu: StagedUpdateAndCompatibilityTest,Test içeriği/metot/bağımlılık taraması; 900-test suite çalıştırmasına dahil,227,b8be664eb6df980fef6cbf1eb0bc4564439749d2fefd053093236ab54085c26e,,,setUp; tearDown; removeDirectory; createSignedPackage; testSignatureVerificationPassesOnUntamperedPackage; testSignatureVerificationFailsOnTamperedManifest; testFileChecksumMismatchDetected; testModuleCompatibilityRejectsIncompatibleModules; testApplyValidatedUpdateCopiesFiles,"DDL:176; SQLite syntax:177; TODO:18,28,29,31,32,43,68,72,79,98,120,126,136,153,203,220; Domain SQL:88,188","Test yöntemleri: testSignatureVerificationPassesOnUntamperedPackage, testSignatureVerificationFailsOnTamperedManifest, testFileChecksumMismatchDetected, testModuleCompatibilityRejectsIncompatibleModules, testApplyValidatedUpdateCopiesFiles. Bellek içi SQLite fixture; MariaDB/shared-host doğrulaması değildir. Test geçtiği, orijinal kabul akışının tamamının kapsandığı anlamına gelmez."
tests/Unit/Webhooks/WebhookServiceTest.php,Test kodu: WebhookServiceTest,Test içeriği/metot/bağımlılık taraması; 900-test suite çalıştırmasına dahil,185,373255b713287b5cf55779020aa4b62529f22b4226a65bbccd39817b60f90029,,,setUp; testRegisterEndpointGeneratesSecureSecret; testWebhookSignerHmacAndReplayProtection; testDispatchAndSuccessfulDelivery; testFailedDeliverySchedulesExponentialBackoffRetry; testManualRedeliveryAndWorkerRetry; testProcessPendingRetries,"Simulation:91,92,96,114,115,119; TODO:124,127,143,147,154,183","Test yöntemleri: testRegisterEndpointGeneratesSecureSecret, testWebhookSignerHmacAndReplayProtection, testDispatchAndSuccessfulDelivery, testFailedDeliverySchedulesExponentialBackoffRetry, testManualRedeliveryAndWorkerRetry, testProcessPendingRetries. Bellek içi SQLite fixture; MariaDB/shared-host doğrulaması değildir. Mock/memory collaborator; gerçek sağlayıcı kanıtı değildir. Test geçtiği, orijinal kabul akışının tamamının kapsandığı anlamına gelmez."
tools/audit_full_v1_completeness.py,Kontrol / audit runner,Odaklı kontrol mantığı incelemesi,157,b4246c04364c94d2121a1c68dcccd14e379e8c7486ad3b3cb47267d829eee8a5,F28,,,"TODO:12,115,117,121,122,124,125",Kapsamı regex/dosya varlığı veya çağırdığı test suite ile sınırlıdır; script adı certification değildir.
tools/audit_v1_scope_and_gates.py,Kontrol / audit runner,"İçerik, kontroller ve beyan sınırları tarandı",180,7642d83e8fc6ec3e3e37c3b1fd5f08c52e9d39571f70c86e0a2a3b9e1952c044,F28,,,,Kapsamı regex/dosya varlığı veya çağırdığı test suite ile sınırlıdır; script adı certification değildir.
tools/check_gate.py,Kontrol / audit runner,Odaklı kontrol mantığı incelemesi,51,77ac2ddffb433d39cf19242eb75b861c830ffe5a0e761019c4052d5e9d824ccc,F28,,,,Kapsamı regex/dosya varlığı veya çağırdığı test suite ile sınırlıdır; script adı certification değildir.
tools/inspect_v1_plan.py,Kontrol / audit runner,"İçerik, kontroller ve beyan sınırları tarandı",39,c8a6c70d4a608ba638eba638ea7efb43491b4edf0120e9862563939eeaac145f,,,,,Kapsamı regex/dosya varlığı veya çağırdığı test suite ile sınırlıdır; script adı certification değildir.
tools/run_all_checks.py,Kontrol / audit runner,"İçerik, kontroller ve beyan sınırları tarandı",54,544b83b406733a2024a4ccb893df29275313482f4172878a4deb16f593f3f0c6,,,,,Kapsamı regex/dosya varlığı veya çağırdığı test suite ile sınırlıdır; script adı certification değildir.
tools/run_chaos_uncertainty_suite.py,Kontrol / audit runner,"İçerik, kontroller ve beyan sınırları tarandı",69,b0dd9b564e1c7094a76307b1b9b434a3f8f018e12142807ad30eacd2fcf0187f,,,,TODO:23,Kapsamı regex/dosya varlığı veya çağırdığı test suite ile sınırlıdır; script adı certification değildir.
tools/run_golden_scenarios.py,Kontrol / audit runner,"İçerik, kontroller ve beyan sınırları tarandı",70,b71807bd0715df3d6a823fb391893686e3df701593d4788abc025421dcee3338,,,,Domain SQL:26,Kapsamı regex/dosya varlığı veya çağırdığı test suite ile sınırlıdır; script adı certification değildir.
tools/run_localization_accessibility_suite.py,Kontrol / audit runner,"İçerik, kontroller ve beyan sınırları tarandı",63,d7afce77186d5d520e2af486b06e317defecc666e979277775bc8ead6df1f2e6,,,,,Kapsamı regex/dosya varlığı veya çağırdığı test suite ile sınırlıdır; script adı certification değildir.
tools/run_performance_budget_suite.py,Kontrol / audit runner,"İçerik, kontroller ve beyan sınırları tarandı",67,8cea83441c2f91ecb1c9d845ac3f23ab6cd68426eae4e29ea61d88e1451c267b,,,,,Kapsamı regex/dosya varlığı veya çağırdığı test suite ile sınırlıdır; script adı certification değildir.
tools/run_rc_soak_gate_approval.py,Kontrol / audit runner,"İçerik, kontroller ve beyan sınırları tarandı",63,dc798e2a071d29453de0af6e8c1a4bf7deacbd6f18d8993caff724d66df137e1,,,,,Kapsamı regex/dosya varlığı veya çağırdığı test suite ile sınırlıdır; script adı certification değildir.
tools/run_release_packaging_suite.py,Kontrol / audit runner,"İçerik, kontroller ve beyan sınırları tarandı",63,a5715bd21c0b90f14eab292c66c98972adc3b299cb603c365b014921e32b864d,,,,,Kapsamı regex/dosya varlığı veya çağırdığı test suite ile sınırlıdır; script adı certification değildir.
tools/run_release_rehearsal_suite.py,Kontrol / audit runner,"İçerik, kontroller ve beyan sınırları tarandı",61,3b5657ed305dce4de8838ffd5c02e00331fb9614285648a9ba5124c795329562,,,,,Kapsamı regex/dosya varlığı veya çağırdığı test suite ile sınırlıdır; script adı certification değildir.
tools/run_shared_host_matrix.py,Kontrol / audit runner,"İçerik, kontroller ve beyan sınırları tarandı",65,f90ea058533d104aa4e0c5e22b711262902c705a48d65f0b2475099e7fc4371d,,,,,Kapsamı regex/dosya varlığı veya çağırdığı test suite ile sınırlıdır; script adı certification değildir.
tools/scan_forbidden_actions.py,Kontrol / audit runner,Odaklı kontrol mantığı incelemesi,58,7d6668166b144181c100ce2385c20b36cc8fb08f3ab836f8e50d7ea8c232bcfc,F29,,,TODO:16,Kapsamı regex/dosya varlığı veya çağırdığı test suite ile sınırlıdır; script adı certification değildir.
tools/scan_security_and_secrets.py,Kontrol / audit runner,Odaklı kontrol mantığı incelemesi,159,811fa253ccda526231ee5abf5d15b0d2cf3bd902df5aed9e75c3457763d208ca,F29,,,,Kapsamı regex/dosya varlığı veya çağırdığı test suite ile sınırlıdır; script adı certification değildir.
tools/verify_constitutions.py,Kontrol / audit runner,Odaklı kontrol mantığı incelemesi,63,a8cdb3237be9f7333ec8a771530a79dd07635d06af048ba9210c74841c24fb0e,F28,,,TODO:42,Kapsamı regex/dosya varlığı veya çağırdığı test suite ile sınırlıdır; script adı certification değildir.
tools/verify_manifest.py,Kontrol / audit runner,"İçerik, kontroller ve beyan sınırları tarandı",77,a5465f1245584674f3640ef5fd2c2e1bbd524fc6b77fcfca2f44edcbfd5e156a,,,,,Kapsamı regex/dosya varlığı veya çağırdığı test suite ile sınırlıdır; script adı certification değildir.
tools/verify_scope_dependencies.py,Kontrol / audit runner,"İçerik, kontroller ve beyan sınırları tarandı",63,f09d2dff2f3f60087e03998cf2919b755af51c4fec604c7149c0875fae66615e,,,,,Kapsamı regex/dosya varlığı veya çağırdığı test suite ile sınırlıdır; script adı certification değildir.
